Fecha,Altura (cm),Caudal (L/s)
2023-12-05 17:18:41,,6203.400956924355
2023-12-05 18:00:00,,6351.295710126789
2023-12-05 19:00:00,,6474.659528660467
2023-12-05 20:00:00,,6581.123409248737
2023-12-05 21:00:00,,6616.748155859143
2023-12-05 22:00:00,,6635.076565883885
2023-12-05 23:00:00,,6610.481332218868
2023-12-06 00:00:00,,6550.057785890759
2023-12-06 01:00:00,,6467.7984147403
2023-12-06 02:00:00,,6385.6607053448715
2023-12-06 03:00:00,,6308.360452609359
2023-12-06 04:00:00,,6230.036189986352
2023-12-06 05:00:00,,6178.388902214788
2023-12-06 06:00:00,,6114.87608769451
2023-12-06 07:00:00,,6049.7878814609585
2023-12-06 08:00:00,,5992.257361988576
2023-12-06 09:00:00,,5929.095103087132
2023-12-06 10:00:00,,5884.09181196085
2023-12-06 11:00:00,,5825.481250906035
2023-12-06 12:00:00,,5795.344307103751
2023-12-06 13:00:00,,5770.182421160487
2023-12-06 14:00:00,,5776.139981538454
2023-12-06 15:00:00,,5811.50488747389
2023-12-06 16:00:00,,5937.242052024522
2023-12-06 17:00:00,,6055.068448864018
2023-12-06 18:00:00,,6194.178068052462
2023-12-06 19:00:00,,6255.474108893181
2023-12-06 20:00:00,,6351.755269683668
2023-12-06 21:00:00,,6367.512360821159
2023-12-06 22:00:00,,6357.129862271714
2023-12-06 23:00:00,,6302.146495217495
2023-12-07 00:00:00,,6243.7610212439395
2023-12-07 01:00:00,,6183.5618718942205
2023-12-07 02:00:00,,6107.539071355012
2023-12-07 03:00:00,,6039.382490357177
2023-12-07 04:00:00,,5979.36356340193
2023-12-07 05:00:00,,5900.7124680462175
2023-12-07 06:00:00,,5824.235145295287
2023-12-07 07:00:00,,5778.444081345256
2023-12-07 08:00:00,,5713.4675599318225
2023-12-07 09:00:00,,5658.20185235774
2023-12-07 10:00:00,,5594.8910223464545
2023-12-07 11:00:00,,5549.788546112512
2023-12-07 12:00:00,,5499.77843256824
2023-12-07 13:00:00,,5480.394798655657
2023-12-07 14:00:00,,5487.173382681128
2023-12-07 15:00:00,,5490.50337089271
2023-12-07 16:00:00,,5564.2027383517825
2023-12-07 17:00:00,,5635.524635331142
2023-12-07 18:00:00,,5722.519897821724
2023-12-07 19:00:00,,5806.420430091254
2023-12-07 20:00:00,,5873.608377913112
2023-12-07 21:00:00,,5906.081815143588
2023-12-07 22:00:00,,5925.116400187362
2023-12-07 23:00:00,,5877.815435806485
2023-12-08 00:00:00,,5860.476357753631
2023-12-08 01:00:00,,5824.359273868086
2023-12-08 02:00:00,,5772.907418873736
2023-12-08 03:00:00,,5728.562562756186
2023-12-08 04:00:00,,5691.157101616856
2023-12-08 05:00:00,,5622.35781620671
2023-12-08 06:00:00,,5576.972034275724
2023-12-08 07:00:00,,5531.909958690085
2023-12-08 08:00:00,,5489.377818796547
2023-12-08 09:00:00,,5422.712949203434
2023-12-08 10:00:00,,5369.744812657292
2023-12-08 11:00:00,,5335.423185229359
2023-12-08 12:00:00,,5306.40441327767
2023-12-08 13:00:00,,5289.18602316204
2023-12-08 14:00:00,,5284.644067165559
2023-12-08 15:00:00,,5316.020464146471
2023-12-08 16:00:00,,5362.661386274511
2023-12-08 17:00:00,,5397.485551785118
2023-12-08 18:00:00,,5460.84910585376
2023-12-08 19:00:00,,5534.607246709554
2023-12-08 20:00:00,,5580.5662138596535
2023-12-08 21:00:00,,5674.184383763232
2023-12-08 22:00:00,,5726.4585787084
2023-12-08 23:00:00,,5739.974143696636
2023-12-09 00:00:00,,5762.5975218328285
2023-12-09 01:00:00,,5773.435443453926
2023-12-09 02:00:00,,5790.806541732411
2023-12-09 03:00:00,,5822.980547444266
2023-12-09 04:00:00,,5824.069578775143
2023-12-09 05:00:00,,5820.477503088554
2023-12-09 06:00:00,,5782.639288723366
2023-12-09 07:00:00,,5781.4867171522665
2023-12-09 08:00:00,,5731.844088418806
2023-12-09 09:00:00,,5699.193642714039
2023-12-09 10:00:00,,5661.514456714268
2023-12-09 11:00:00,,5616.90872537212
2023-12-09 12:00:00,,5568.540496207472
2023-12-09 13:00:00,,5512.54526314707
2023-12-09 14:00:00,,5440.248522838603
2023-12-09 15:00:00,,5387.813270438111
2023-12-09 16:00:00,,5356.0263890343385
2023-12-09 17:00:00,,5336.231814958544
2023-12-09 18:00:00,,5313.302345434695
2023-12-09 19:00:00,,5308.707572829347
2023-12-09 20:00:00,,5307.115997654684
2023-12-09 21:00:00,,5313.531398480102
2023-12-09 22:00:00,,5337.3744009890825
2023-12-09 23:00:00,,5395.31652565485
2023-12-10 00:00:00,,5489.508795704514
2023-12-10 01:00:00,,5632.756254477532
2023-12-10 02:00:00,,5754.863595868065
2023-12-10 03:00:00,,5894.828684175221
2023-12-10 04:00:00,,6032.3490020647105
2023-12-10 05:00:00,,6174.763126342525
2023-12-10 06:00:00,,6263.1287105952515
2023-12-10 07:00:00,,6377.178294286412
2023-12-10 08:00:00,,6449.35541466266
2023-12-10 09:00:00,,6538.282920693769
2023-12-10 10:00:00,,6582.896827860522
2023-12-10 11:00:00,,6647.309385630731
2023-12-10 12:00:00,,6676.620985424027
2023-12-10 13:00:00,,6694.687598429203
2023-12-10 14:00:00,,6715.560469652192
2023-12-10 15:00:00,,6669.948603476786
2023-12-10 16:00:00,,6615.999771261847
2023-12-10 17:00:00,,6533.013934633709
2023-12-10 18:00:00,,6497.109895617687
2023-12-10 19:00:00,,6433.471434266953
2023-12-10 20:00:00,,6361.569759299928
2023-12-10 21:00:00,,6334.222272237764
2023-12-10 22:00:00,,6334.998917686585
2023-12-10 23:00:00,,6411.171041535709
2023-12-11 00:00:00,,6461.776915059639
2023-12-11 01:00:00,,6552.975223281122
2023-12-11 02:00:00,,6629.742992163697
2023-12-11 03:00:00,,6769.802110814094
2023-12-11 04:00:00,,6952.216806972009
2023-12-11 05:00:00,,7046.603723873607
2023-12-11 06:00:00,,7052.108841391502
2023-12-11 07:00:00,,7031.849460880435
2023-12-11 08:00:00,,6955.083663884292
2023-12-11 09:00:00,,6862.8164235934755
2023-12-11 10:00:00,,6762.072801096722
2023-12-11 11:00:00,,6668.716044685833
2023-12-11 12:00:00,,6568.340630273808
2023-12-11 13:00:00,,6513.207167077554
2023-12-11 14:00:00,,6392.532811140151
2023-12-11 15:00:00,,6331.289792047698
2023-12-11 16:00:00,,6286.594645279482
2023-12-11 17:00:00,,6239.574828181451
2023-12-11 18:00:00,,6198.104434181684
2023-12-11 19:00:00,,6177.861863570258
2023-12-11 20:00:00,,6262.757463043516
2023-12-11 21:00:00,,6369.843837885733
2023-12-11 22:00:00,,6442.916331508731
2023-12-11 23:00:00,,6651.800922462164
2023-12-12 00:00:00,,6636.5900958932625
2023-12-12 01:00:00,,6571.903862725649
2023-12-12 02:00:00,,6581.3413225952645
2023-12-12 03:00:00,,6640.695516997973
2023-12-12 04:00:00,,6774.421597172725
2023-12-12 05:00:00,,6932.891796164138
2023-12-12 06:00:00,,6900.695278304888
2023-12-12 07:00:00,,6827.948569881827
2023-12-12 08:00:00,,6773.369718115767
2023-12-12 09:00:00,,6750.98839308762
2023-12-12 10:00:00,,6724.894941615482
2023-12-12 11:00:00,,6711.509526346587
2023-12-12 12:00:00,,6692.151249650895
2023-12-12 13:00:00,,6573.030471937077
2023-12-12 14:00:00,,6514.399831752609
2023-12-12 15:00:00,,6415.0655543650655
2023-12-12 16:00:00,,6372.410914180767
2023-12-12 17:00:00,,6334.737967739584
2023-12-12 18:00:00,,6322.857092746748
2023-12-12 19:00:00,,6262.859813218028
2023-12-12 20:00:00,,6238.143540717414
2023-12-12 21:00:00,,6174.98098515374
2023-12-12 22:00:00,,6121.943974640018
2023-12-12 23:00:00,,6077.68629236631
2023-12-13 00:00:00,,6021.163153835078
2023-12-13 01:00:00,,5963.340631136815
2023-12-13 02:00:00,,5936.989511890537
2023-12-13 03:00:00,,5896.31080749125
2023-12-13 04:00:00,,5840.525016614297
2023-12-13 05:00:00,,5815.208976789501
2023-12-13 06:00:00,,5798.316155391134
2023-12-13 07:00:00,,5751.544905087173
2023-12-13 08:00:00,,5734.7395507303745
2023-12-13 09:00:00,,5694.033382065798
2023-12-13 10:00:00,,5662.20575858844
2023-12-13 11:00:00,,5638.047600071266
2023-12-13 12:00:00,,5620.964147104256
2023-12-13 13:00:00,,5594.287117243115
2023-12-13 14:00:00,,5566.169713366005
2023-12-13 15:00:00,,5541.492925304042
2023-12-13 16:00:00,,5537.895749549513
2023-12-13 17:00:00,,5531.537213579827
2023-12-13 18:00:00,,5554.92492947944
2023-12-13 19:00:00,,5593.575353912248
2023-12-13 20:00:00,,5642.315689213654
2023-12-13 21:00:00,,5678.161161790544
2023-12-13 22:00:00,,5755.133896755423
2023-12-13 23:00:00,,5789.043247883569
2023-12-14 00:00:00,,5830.4983801807275
2023-12-14 01:00:00,,5828.123908435773
2023-12-14 02:00:00,,5852.2263570278
2023-12-14 03:00:00,,6075.547334396378
2023-12-14 04:00:00,,5842.674486677286
2023-12-14 05:00:00,,5823.007228225247
2023-12-14 06:00:00,,5793.4393936678525
2023-12-14 07:00:00,,5776.121336865861
2023-12-14 08:00:00,,5773.72781993286
2023-12-14 09:00:00,,5768.569026213862
2023-12-14 10:00:00,,5770.615426982306
2023-12-14 11:00:00,,5779.393935758973
2023-12-14 12:00:00,,5820.248459036336
2023-12-14 13:00:00,,5935.3682848596145
2023-12-14 14:00:00,,6123.6661827223625
2023-12-14 15:00:00,,6445.617003987907
2023-12-14 16:00:00,,6811.253911970311
2023-12-14 17:00:00,,7059.043146099378
2023-12-14 18:00:00,,7351.20358014594
2023-12-14 19:00:00,,7500.584408680788
2023-12-14 20:00:00,,7861.105271986725
2023-12-14 21:00:00,,8981.337101154593
2023-12-14 22:00:00,,9479.341227360868
2023-12-14 23:00:00,,9692.033315662806
2023-12-15 00:00:00,,9855.624595899055
2023-12-15 01:00:00,,10440.487632630064
2023-12-15 02:00:00,,11277.163473377435
2023-12-15 03:00:00,,11898.093945796018
2023-12-15 04:00:00,,11963.432155841878
2023-12-15 05:00:00,,12027.988079028937
2023-12-15 06:00:00,,11966.562515634916
2023-12-15 07:00:00,,12234.80977506634
2023-12-15 08:00:00,,12506.483809639609
2023-12-15 09:00:00,,12049.770939291602
2023-12-15 10:00:00,,11576.946457285985
2023-12-15 11:00:00,,11344.930688429858
2023-12-15 12:00:00,,11132.105069598141
2023-12-15 13:00:00,,11066.401275916536
2023-12-15 14:00:00,,10987.458553910863
2023-12-15 15:00:00,,10823.372323018611
2023-12-15 16:00:00,,10732.811629155014
2023-12-15 17:00:00,,10897.891376524689
2023-12-15 18:00:00,,11692.76257661256
2023-12-15 19:00:00,,12702.735723638996
2023-12-15 20:00:00,,13394.309325547229
2023-12-15 21:00:00,,13266.8438896912
2023-12-15 22:00:00,,12786.319652640586
2023-12-15 23:00:00,,12466.02702016206
2023-12-16 00:00:00,,12259.537494313314
2023-12-16 01:00:00,,12059.21629910865
2023-12-16 02:00:00,,11849.41744605017
2023-12-16 03:00:00,,11538.276888736844
2023-12-16 04:00:00,,11216.58195534455
2023-12-16 05:00:00,,10905.023287635207
2023-12-16 06:00:00,,10618.645616877848
2023-12-16 07:00:00,,10299.626911743937
2023-12-16 08:00:00,,10030.144188345737
2023-12-16 09:00:00,,9712.55871499215
2023-12-16 10:00:00,,9465.763869874014
2023-12-16 11:00:00,,9364.668860908701
2023-12-16 12:00:00,,9168.0990360588
2023-12-16 13:00:00,,8923.698875136677
2023-12-16 14:00:00,,8701.805275717423
2023-12-16 15:00:00,,8533.24947642296
2023-12-16 16:00:00,,8367.356857618715
2023-12-16 17:00:00,,8230.43452292039
2023-12-16 18:00:00,,8128.159156836428
2023-12-16 19:00:00,,7989.166245449568
2023-12-16 20:00:00,,7812.801247323351
2023-12-16 21:00:00,,7814.842557604779
2023-12-16 22:00:00,,7842.258647752075
2023-12-16 23:00:00,,7842.540186815256
2023-12-17 00:00:00,,7841.577756238454
2023-12-17 01:00:00,,7836.858495292037
2023-12-17 02:00:00,,7837.6576034347045
2023-12-17 03:00:00,,7837.781577001527
2023-12-17 04:00:00,,7837.938270002829
2023-12-17 05:00:00,,7837.249519409539
2023-12-17 06:00:00,,7833.482002063297
2023-12-17 07:00:00,,7833.817326373565
2023-12-17 08:00:00,,7834.657930811064
2023-12-17 09:00:00,,7830.119109312326
2023-12-17 10:00:00,,7200.665397774394
2023-12-17 11:00:00,,6708.8792453250335
2023-12-17 12:00:00,,6616.418952018578
2023-12-17 13:00:00,,6558.2082677466215
2023-12-17 14:00:00,,6508.973927802786
2023-12-17 15:00:00,,6431.384657646433
2023-12-17 16:00:00,,6387.245941075587
2023-12-17 17:00:00,,6356.643330104109
2023-12-17 18:00:00,,6341.992945708001
2023-12-17 19:00:00,,6314.5499619531
2023-12-17 20:00:00,,6272.122088320884
2023-12-17 21:00:00,,6244.873271706831
2023-12-17 22:00:00,,6224.975222173565
2023-12-17 23:00:00,,6207.955074242605
2023-12-18 00:00:00,,6151.200254180656
2023-12-18 01:00:00,,6122.477612371199
2023-12-18 02:00:00,,6115.4783085867175
2023-12-18 03:00:00,,6077.955577859115
2023-12-18 04:00:00,,6060.29546531466
2023-12-18 05:00:00,,6061.717638035478
2023-12-18 06:00:00,,6058.486501136588
2023-12-18 07:00:00,,6058.904143180043
2023-12-18 08:00:00,,6057.720744173922
2023-12-18 09:00:00,,6055.059329140456
2023-12-18 10:00:00,,5924.367837321836
2023-12-18 11:00:00,,5764.420443987044
2023-12-18 12:00:00,,5727.171532951664
2023-12-18 13:00:00,,5675.476685081678
2023-12-18 14:00:00,,5646.206387780048
2023-12-18 15:00:00,,5615.001134232818
2023-12-18 16:00:00,,5600.898435191388
2023-12-18 17:00:00,,5586.555886100359
2023-12-18 18:00:00,,5582.477131546539
2023-12-18 19:00:00,,5610.477788370932
2023-12-18 20:00:00,,5631.830458646862
2023-12-18 21:00:00,,5649.334751485634
2023-12-18 22:00:00,,5656.67034587425
2023-12-18 23:00:00,,5652.833234475598
2023-12-19 00:00:00,,5633.153641601929
2023-12-19 01:00:00,,5608.739432213104
2023-12-19 02:00:00,,5581.204743352193
2023-12-19 03:00:00,,5543.453516925654
2023-12-19 04:00:00,,5494.628205810865
2023-12-19 05:00:00,,5485.982909628034
2023-12-19 06:00:00,,5456.502809735109
2023-12-19 07:00:00,,5409.062299897924
2023-12-19 08:00:00,,5377.384055488296
2023-12-19 09:00:00,,5348.724106463754
2023-12-19 10:00:00,,5303.860057604908
2023-12-19 11:00:00,,5283.769412485252
2023-12-19 12:00:00,,5239.767582321195
2023-12-19 13:00:00,,5235.021112777132
2023-12-19 14:00:00,,5242.7168086666825
2023-12-19 15:00:00,,5258.145311921504
2023-12-19 16:00:00,,5288.416330473763
2023-12-19 17:00:00,,5362.187767174567
2023-12-19 18:00:00,,5447.812375253538
2023-12-19 19:00:00,,5543.999052307663
2023-12-19 20:00:00,,5625.356753591458
2023-12-19 21:00:00,,5678.526355117812
2023-12-19 22:00:00,,5728.157244115136
2023-12-19 23:00:00,,5712.111097758541
2023-12-20 00:00:00,,5702.9819466045465
2023-12-20 01:00:00,,5677.017520589624
2023-12-20 02:00:00,,5672.064627977779
2023-12-20 03:00:00,,5608.1606544198
2023-12-20 04:00:00,,5558.833232752257
2023-12-20 05:00:00,,5494.963705534736
2023-12-20 06:00:00,,5449.621342864819
2023-12-20 07:00:00,,5389.069140822503
2023-12-20 08:00:00,,5362.431340096535
2023-12-20 09:00:00,,5313.551196742714
2023-12-20 10:00:00,,5260.781717417578
2023-12-20 11:00:00,,5224.14620125396
2023-12-20 12:00:00,,5187.294824579985
2023-12-20 13:00:00,,5170.044150186249
2023-12-20 14:00:00,,5170.543325756081
2023-12-20 15:00:00,,5189.771967807375
2023-12-20 16:00:00,,5249.740343182709
2023-12-20 17:00:00,,5352.031869376953
2023-12-20 18:00:00,,5485.536113838068
2023-12-20 19:00:00,,5635.081072605013
2023-12-20 20:00:00,,5763.498168382794
2023-12-20 21:00:00,,5879.078951411125
2023-12-20 22:00:00,,5965.787110267593
2023-12-20 23:00:00,,5995.686955071651
2023-12-21 00:00:00,,5999.063520007759
2023-12-21 01:00:00,,6007.1344228593825
2023-12-21 02:00:00,,5980.721655531788
2023-12-21 03:00:00,,5933.610205667331
2023-12-21 04:00:00,,5893.844429737752
2023-12-21 05:00:00,,5853.982945200705
2023-12-21 06:00:00,,5779.854153473248
2023-12-21 07:00:00,,5720.204234028125
2023-12-21 08:00:00,,5658.107681118604
2023-12-21 09:00:00,,5581.378792234394
2023-12-21 10:00:00,,5499.523095497258
2023-12-21 11:00:00,,5436.238778094823
2023-12-21 12:00:00,,5374.181543719816
2023-12-21 13:00:00,,5332.529956515534
2023-12-21 14:00:00,,5306.642423972565
2023-12-21 15:00:00,,5303.733526114244
2023-12-21 16:00:00,,5337.997055738173
2023-12-21 17:00:00,,5403.29316721422
2023-12-21 18:00:00,,5499.313294220233
2023-12-21 19:00:00,,5594.466911660785
2023-12-21 20:00:00,,5706.189156199201
2023-12-21 21:00:00,,5732.316902389656
2023-12-21 22:00:00,,5775.789208575583
2023-12-21 23:00:00,,5802.916398266029
2023-12-22 00:00:00,,5805.308342437071
2023-12-22 01:00:00,,5852.562228281984
2023-12-22 02:00:00,,5939.49298267146
2023-12-22 03:00:00,,6110.879696426344
2023-12-22 04:00:00,,6310.714822265701
2023-12-22 05:00:00,,6580.933342154308
2023-12-22 06:00:00,,6753.0089133183565
2023-12-22 07:00:00,,6867.960587616589
2023-12-22 08:00:00,,6905.792892815405
2023-12-22 09:00:00,,6896.3249714309595
2023-12-22 10:00:00,,6816.579791278858
2023-12-22 11:00:00,,6700.895178514216
2023-12-22 12:00:00,,6547.977180836235
2023-12-22 13:00:00,,6427.883814141255
2023-12-22 14:00:00,,6307.10798193435
2023-12-22 15:00:00,,6200.999954859773
2023-12-22 16:00:00,,6144.811669728977
2023-12-22 17:00:00,,6063.205354274378
2023-12-22 18:00:00,,5998.409120567553
2023-12-22 19:00:00,,5979.820196369272
2023-12-22 20:00:00,,5902.520226219422
2023-12-22 21:00:00,,5836.159351324355
2023-12-22 22:00:00,,5809.801322043462
2023-12-22 23:00:00,,5755.984605261968
2023-12-23 00:00:00,,5712.324998008922
2023-12-23 01:00:00,,5677.213630894426
2023-12-23 02:00:00,,5633.000696548771
2023-12-23 03:00:00,,5596.337478483715
2023-12-23 04:00:00,,5553.632387569326
2023-12-23 05:00:00,,5504.939153666701
2023-12-23 06:00:00,,5453.3804810814245
2023-12-23 07:00:00,,5398.742206301976
2023-12-23 08:00:00,,5358.360411946461
2023-12-23 09:00:00,,5319.832112154031
2023-12-23 10:00:00,,5305.569826851659
2023-12-23 11:00:00,,5264.829749319131
2023-12-23 12:00:00,,5246.145474806449
2023-12-23 13:00:00,,5193.391753896724
2023-12-23 14:00:00,,5150.967282690828
2023-12-23 15:00:00,,5119.771293828043
2023-12-23 16:00:00,,5111.042422149962
2023-12-23 17:00:00,,5122.2161131245775
2023-12-23 18:00:00,,5139.09810528414
2023-12-23 19:00:00,,5210.433345740003
2023-12-23 20:00:00,,5303.932726541148
2023-12-23 21:00:00,,5379.7185686591165
2023-12-23 22:00:00,,5459.547312440994
2023-12-23 23:00:00,,5488.6198730264305
2023-12-24 00:00:00,,5514.717354096543
2023-12-24 01:00:00,,5506.720200398006
2023-12-24 02:00:00,,5499.911934090699
2023-12-24 03:00:00,,5491.079961480529
2023-12-24 04:00:00,,5505.318948322274
2023-12-24 05:00:00,,5460.231578638892
2023-12-24 06:00:00,,5365.767729034674
2023-12-24 07:00:00,,5327.473479578827
2023-12-24 08:00:00,,5299.597005100086
2023-12-24 09:00:00,,5273.3785021762205
2023-12-24 10:00:00,,5237.162815045179
2023-12-24 11:00:00,,5190.902870153895
2023-12-24 12:00:00,,5164.066998316962
2023-12-24 13:00:00,,5142.433359332662
2023-12-24 14:00:00,,5126.199917241172
2023-12-24 15:00:00,,5127.024218344918
2023-12-24 16:00:00,,5140.553766895385
2023-12-24 17:00:00,,5176.059212147484
2023-12-24 18:00:00,,5226.264879477946
2023-12-24 19:00:00,,5303.316798073722
2023-12-24 20:00:00,,5378.482768233537
2023-12-24 21:00:00,,5452.033701074233
2023-12-24 22:00:00,,5514.893055266271
2023-12-24 23:00:00,,5603.635994643649
2023-12-25 00:00:00,,5608.747106902846
2023-12-25 01:00:00,,5629.573652857913
2023-12-25 02:00:00,,5620.997993021661
2023-12-25 03:00:00,,5614.41761961191
2023-12-25 04:00:00,,5573.467725721347
2023-12-25 05:00:00,,5527.06605104519
2023-12-25 06:00:00,,5487.196651942485
2023-12-25 07:00:00,,5449.269803515717
2023-12-25 08:00:00,,5401.797383587954
2023-12-25 09:00:00,,5332.33778649719
2023-12-25 10:00:00,,5282.816668135157
2023-12-25 11:00:00,,5232.22506055403
2023-12-25 12:00:00,,5195.217285598483
2023-12-25 13:00:00,,5153.632807132226
2023-12-25 14:00:00,,5141.28158595349
2023-12-25 15:00:00,,5168.572508959173
2023-12-25 16:00:00,,5246.706569103053
2023-12-25 17:00:00,,5391.160044755254
2023-12-25 18:00:00,,5604.810245179169
2023-12-25 19:00:00,,5768.817565842342
2023-12-25 20:00:00,,5904.89212519113
2023-12-25 21:00:00,,5998.568603891917
2023-12-25 22:00:00,,6044.735249083151
2023-12-25 23:00:00,,6058.011779302639
2023-12-26 00:00:00,,6037.043869711893
2023-12-26 01:00:00,,5961.643993026935
2023-12-26 02:00:00,,5894.357560100586
2023-12-26 03:00:00,,5891.67599341944
2023-12-26 04:00:00,,5734.98785527497
2023-12-26 05:00:00,,5678.444599402571
2023-12-26 06:00:00,,6496.40899750054
2023-12-26 07:00:00,,5909.4217696994765
2023-12-26 08:00:00,,5779.622915361817
2023-12-26 09:00:00,,5395.246224015906
2023-12-26 10:00:00,,5236.1062179759965
2023-12-26 11:00:00,,5174.591369167027
2023-12-26 12:00:00,,5137.385062273058
2023-12-26 13:00:00,,5109.207361077163
2023-12-26 14:00:00,,5072.225580341809
2023-12-26 15:00:00,,5062.329881751946
2023-12-26 16:00:00,,5110.95822785871
2023-12-26 17:00:00,,5160.127931938516
2023-12-26 18:00:00,,5228.6808572570435
2023-12-26 19:00:00,,5398.719933900678
2023-12-26 20:00:00,,5496.850756837489
2023-12-26 21:00:00,,5540.225650659629
2023-12-26 22:00:00,,5617.638049861568
2023-12-26 23:00:00,,5764.213752538006
2023-12-27 00:00:00,,5656.203024492766
2023-12-27 01:00:00,,5628.569110579881
2023-12-27 02:00:00,,5583.365609154914
2023-12-27 03:00:00,,5532.235062424201
2023-12-27 04:00:00,,5453.629298752291
2023-12-27 05:00:00,,5383.799806444613
2023-12-27 06:00:00,,5324.946210737102
2023-12-27 07:00:00,,5320.0266540658995
2023-12-27 08:00:00,,5325.0886347940705
2023-12-27 09:00:00,,5222.4676692352905
2023-12-27 10:00:00,,5185.864766620942
2023-12-27 11:00:00,,5170.852417333488
2023-12-27 12:00:00,,5145.994119901582
2023-12-27 13:00:00,,5184.817535910891
2023-12-27 14:00:00,,5253.463636960279
2023-12-27 15:00:00,,5354.275058777921
2023-12-27 16:00:00,,5431.398245241977
2023-12-27 17:00:00,,5449.25056783126
2023-12-27 18:00:00,,5569.15148568448
2023-12-27 19:00:00,,5657.237468021919
2023-12-27 20:00:00,,5760.549963116102
2023-12-27 21:00:00,,5836.365473824608
2023-12-27 22:00:00,,5923.810161631512
2023-12-27 23:00:00,,6020.371781042072
2023-12-28 00:00:00,,6082.5007708029
2023-12-28 01:00:00,,6201.940164150682
2023-12-28 02:00:00,,6287.082993104261
2023-12-28 03:00:00,,6312.0302544112465
2023-12-28 04:00:00,,6304.1662560829645
2023-12-28 05:00:00,,6265.241845150247
2023-12-28 06:00:00,,6237.019633983202
2023-12-28 07:00:00,,6190.20300048508
2023-12-28 08:00:00,,6106.705926050683
2023-12-28 09:00:00,,6033.864719262925
2023-12-28 10:00:00,,5963.894808486348
2023-12-28 11:00:00,,5878.439837033747
2023-12-28 12:00:00,,5809.997290557805
2023-12-28 13:00:00,,5738.701594401587
2023-12-28 14:00:00,,5667.834456422018
2023-12-28 15:00:00,,5648.052333717963
2023-12-28 16:00:00,,5657.824728715927
2023-12-28 17:00:00,,5659.700271980668
2023-12-28 18:00:00,,5747.2689863824235
2023-12-28 19:00:00,,5790.221754719334
2023-12-28 20:00:00,,5854.615725290024
2023-12-28 21:00:00,,5878.949861561049
2023-12-28 22:00:00,,5885.83348189611
2023-12-28 23:00:00,,5878.430480987668
2023-12-29 00:00:00,,5829.51442446697
2023-12-29 01:00:00,,5789.7432386541295
2023-12-29 02:00:00,,5702.994236107366
2023-12-29 03:00:00,,5698.148396453303
2023-12-29 04:00:00,,5567.231198991868
2023-12-29 05:00:00,,5509.542456711516
2023-12-29 06:00:00,,5414.300691629667
2023-12-29 07:00:00,,5301.934747448224
2023-12-29 08:00:00,,5231.577880982473
2023-12-29 09:00:00,,5152.995990108075
2023-12-29 10:00:00,,5083.39246780026
2023-12-29 11:00:00,,5010.610670174541
2023-12-29 12:00:00,,4950.935317803935
2023-12-29 13:00:00,,4901.301846172791
2023-12-29 14:00:00,,4863.959761008617
2023-12-29 15:00:00,,4825.191273211196
2023-12-29 16:00:00,,4825.2342018199915
2023-12-29 17:00:00,,4858.7165768325995
2023-12-29 18:00:00,,4912.5874704065845
2023-12-29 19:00:00,,5017.724802442045
2023-12-29 20:00:00,,5139.385458402682
2023-12-29 21:00:00,,5317.048507754857
2023-12-29 22:00:00,,5338.712772268735
2023-12-29 23:00:00,,5378.067622750234
2023-12-30 00:00:00,,5393.947169045192
2023-12-30 01:00:00,,5368.93165786183
2023-12-30 02:00:00,,5311.384337364931
2023-12-30 03:00:00,,5234.930733490246
2023-12-30 04:00:00,,5176.83672561416
2023-12-30 05:00:00,,5101.344876251325
2023-12-30 06:00:00,,5070.689623888009
2023-12-30 07:00:00,,4987.5777270913195
2023-12-30 08:00:00,,4928.3121919565265
2023-12-30 09:00:00,,4886.43207084216
2023-12-30 10:00:00,,4814.375155794165
2023-12-30 11:00:00,,4758.664360104688
2023-12-30 12:00:00,,4710.371645299085
2023-12-30 13:00:00,,4695.12504775328
2023-12-30 14:00:00,,4672.347701494582
2023-12-30 15:00:00,,4729.099387325451
2023-12-30 16:00:00,,4790.158053115438
2023-12-30 17:00:00,,4930.1211891039875
2023-12-30 18:00:00,,5076.308555511183
2023-12-30 19:00:00,,5255.409616522455
2023-12-30 20:00:00,,5468.477129504869
2023-12-30 21:00:00,,5560.95043150127
2023-12-30 22:00:00,,5642.2331252643025
2023-12-30 23:00:00,,5695.649543423174
2023-12-31 00:00:00,,5673.446401388245
2023-12-31 01:00:00,,5621.012345418996
2023-12-31 02:00:00,,5589.764464950395
2023-12-31 03:00:00,,5517.393549747748
2023-12-31 04:00:00,,5466.454632800207
2023-12-31 05:00:00,,5370.25184586405
2023-12-31 06:00:00,,5290.067413545014
2023-12-31 07:00:00,,5226.117129807964
2023-12-31 08:00:00,,5157.5894098351555
2023-12-31 09:00:00,,5087.398722192402
2023-12-31 10:00:00,,5038.532198944229
2023-12-31 11:00:00,,4989.148476619577
2023-12-31 12:00:00,,4948.919765143374
2023-12-31 13:00:00,,4914.578102100831
2023-12-31 14:00:00,,4914.336609351561
2023-12-31 15:00:00,,5346.994427884847
2023-12-31 16:00:00,,5343.934167837335
2023-12-31 17:00:00,,5364.894240152804
2023-12-31 18:00:00,,5534.199731974559
2023-12-31 19:00:00,,5559.966669041441
2023-12-31 20:00:00,,5483.683178527978
2023-12-31 21:00:00,,5583.628327231087
2023-12-31 22:00:00,,5616.007107706812
2023-12-31 23:00:00,,5603.380650561344
2024-01-01 00:00:00,,5550.840136959076
2024-01-01 01:00:00,,5482.223298681772
2024-01-01 02:00:00,,5380.261659518875
2024-01-01 03:00:00,,5276.948715926216
2024-01-01 04:00:00,,5211.086470494048
2024-01-01 05:00:00,,5123.12242586984
2024-01-01 06:00:00,,5039.39981289968
2024-01-01 07:00:00,,5019.624689794625
2024-01-01 08:00:00,,4916.159567780799
2024-01-01 09:00:00,,4826.755059672983
2024-01-01 10:00:00,,4707.93250224233
2024-01-01 11:00:00,,4647.331577395041
2024-01-01 12:00:00,,4585.791724238216
2024-01-01 13:00:00,,4557.462155154432
2024-01-01 14:00:00,,4543.8673208912405
2024-01-01 15:00:00,,4475.13186310136
2024-01-01 16:00:00,,4453.421021465321
2024-01-01 17:00:00,,4463.315563205171
2024-01-01 18:00:00,,4511.973575306731
2024-01-01 19:00:00,,4596.726485101111
2024-01-01 20:00:00,,4726.5420953929315
2024-01-01 21:00:00,,4916.418282660866
2024-01-01 22:00:00,,5012.138384655264
2024-01-01 23:00:00,,5040.720711893912
2024-01-02 00:00:00,,5118.661736929468
2024-01-02 01:00:00,,5073.957162731478
2024-01-02 02:00:00,,5060.554534505359
2024-01-02 03:00:00,,4958.346938744009
2024-01-02 04:00:00,,4907.633773988308
2024-01-02 05:00:00,,4852.57830977619
2024-01-02 06:00:00,,4807.79285922554
2024-01-02 07:00:00,,4745.330337166528
2024-01-02 08:00:00,,4691.9766970117125
2024-01-02 09:00:00,,4637.2192857566015
2024-01-02 10:00:00,,4587.2916790620175
2024-01-02 11:00:00,,4541.2267689851005
2024-01-02 12:00:00,,4513.370631998762
2024-01-02 13:00:00,,4476.245753577604
2024-01-02 14:00:00,,4454.557974549288
2024-01-02 15:00:00,,4467.397947909587
2024-01-02 16:00:00,,4499.541879918909
2024-01-02 17:00:00,,4566.971975879017
2024-01-02 18:00:00,,4629.223563404027
2024-01-02 19:00:00,,4711.911062254942
2024-01-02 20:00:00,,4816.141467989571
2024-01-02 21:00:00,,4916.591211061237
2024-01-02 22:00:00,,5019.812399317699
2024-01-02 23:00:00,,5105.376871909942
2024-01-03 00:00:00,,5196.797341053377
2024-01-03 01:00:00,,5265.7475512509
2024-01-03 02:00:00,,5312.001248199092
2024-01-03 03:00:00,,5313.0254641693655
2024-01-03 04:00:00,,5285.53602641105
2024-01-03 05:00:00,,5211.7785954567
2024-01-03 06:00:00,,5148.8839844786635
2024-01-03 07:00:00,,5083.389705982771
2024-01-03 08:00:00,,5028.834208480429
2024-01-03 09:00:00,,4966.356905150009
2024-01-03 10:00:00,,4891.206263133874
2024-01-03 11:00:00,,4824.69281636672
2024-01-03 12:00:00,,4770.004947303063
2024-01-03 13:00:00,,4717.798127181176
2024-01-03 14:00:00,,4678.311508604445
2024-01-03 15:00:00,,4666.174086665965
2024-01-03 16:00:00,,4660.52881212921
2024-01-03 17:00:00,,4697.445776419507
2024-01-03 18:00:00,,4810.561150933017
2024-01-03 19:00:00,,4939.052141369121
2024-01-03 20:00:00,,5026.354918996925
2024-01-03 21:00:00,,5124.408521346734
2024-01-03 22:00:00,,5156.572066710486
2024-01-03 23:00:00,,5083.082356677904
2024-01-04 00:00:00,,5084.123051522197
2024-01-04 01:00:00,,5072.354051166427
2024-01-04 02:00:00,,5045.845612334714
2024-01-04 03:00:00,,5018.160785685496
2024-01-04 04:00:00,,4996.308234286403
2024-01-04 05:00:00,,4994.14813785667
2024-01-04 06:00:00,,4991.732619380058
2024-01-04 07:00:00,,5018.940353110261
2024-01-04 08:00:00,,5051.002577940771
2024-01-04 09:00:00,,5117.226818207847
2024-01-04 10:00:00,,5242.128895918345
2024-01-04 11:00:00,,5360.547192221159
2024-01-04 12:00:00,,5475.324949050275
2024-01-04 13:00:00,,5553.357047136221
2024-01-04 14:00:00,,5585.371232310097
2024-01-04 15:00:00,,5702.214619862733
2024-01-04 16:00:00,,5938.02903348249
2024-01-04 17:00:00,,6315.45145643222
2024-01-04 18:00:00,,6341.772717465951
2024-01-04 19:00:00,,6286.238822284138
2024-01-04 20:00:00,,6169.243376410092
2024-01-04 21:00:00,,6084.207643200009
2024-01-04 22:00:00,,6021.809733470751
2024-01-04 23:00:00,,5985.805709436157
2024-01-05 00:00:00,,5996.288767253461
2024-01-05 01:00:00,,5978.229498265556
2024-01-05 02:00:00,,6062.9826745135815
2024-01-05 03:00:00,,6218.392981655808
2024-01-05 04:00:00,,7114.708625981085
2024-01-05 05:00:00,,9033.121424218903
2024-01-05 06:00:00,,11393.335369280268
2024-01-05 07:00:00,,11150.8865028409
2024-01-05 08:00:00,,10350.920663835986
2024-01-05 09:00:00,,9724.24407196601
2024-01-05 10:00:00,,9225.923258972416
2024-01-05 11:00:00,,8706.596732475566
2024-01-05 12:00:00,,8275.870454717782
2024-01-05 13:00:00,,7943.9007379557215
2024-01-05 14:00:00,,7585.895188357159
2024-01-05 15:00:00,,7397.569696217536
2024-01-05 16:00:00,,7213.950300615888
2024-01-05 17:00:00,,7085.79115126372
2024-01-05 18:00:00,,7018.798181217264
2024-01-05 19:00:00,,7014.312751449131
2024-01-05 20:00:00,,6921.290925493972
2024-01-05 21:00:00,,6824.261465584685
2024-01-05 22:00:00,,6695.320552548121
2024-01-05 23:00:00,,6559.215542729846
2024-01-06 00:00:00,,6488.888782906146
2024-01-06 01:00:00,,6406.041677234858
2024-01-06 02:00:00,,6302.112122489744
2024-01-06 03:00:00,,6199.582159105037
2024-01-06 04:00:00,,6099.2806245922275
2024-01-06 05:00:00,,6056.567081453116
2024-01-06 06:00:00,,5958.804666976368
2024-01-06 07:00:00,,5916.888130852969
2024-01-06 08:00:00,,5831.943910272336
2024-01-06 09:00:00,,5755.6708603218785
2024-01-06 10:00:00,,5698.591667220017
2024-01-06 11:00:00,,5630.6559648046605
2024-01-06 12:00:00,,5556.496870435794
2024-01-06 13:00:00,,5507.997483526111
2024-01-06 14:00:00,,5446.237383227303
2024-01-06 15:00:00,,5385.43116155471
2024-01-06 16:00:00,,5341.519867546031
2024-01-06 17:00:00,,5319.604009023821
2024-01-06 18:00:00,,5275.632522980804
2024-01-06 19:00:00,,5247.033164286938
2024-01-06 20:00:00,,5198.459434057647
2024-01-06 21:00:00,,5187.0447165783135
2024-01-06 22:00:00,,5177.158816891719
2024-01-06 23:00:00,,5167.54005804588
2024-01-07 00:00:00,,5139.491273689886
2024-01-07 01:00:00,,5115.091345409991
2024-01-07 02:00:00,,5067.834938152217
2024-01-07 03:00:00,,5045.164214469052
2024-01-07 04:00:00,,5010.705136034601
2024-01-07 05:00:00,,4978.608555379217
2024-01-07 06:00:00,,4929.61578504638
2024-01-07 07:00:00,,4887.701727380566
2024-01-07 08:00:00,,4849.719886921796
2024-01-07 09:00:00,,4825.640702141127
2024-01-07 10:00:00,,4815.210119569474
2024-01-07 11:00:00,,4848.488218254338
2024-01-07 12:00:00,,5000.319194985222
2024-01-07 13:00:00,,5160.542887382885
2024-01-07 14:00:00,,5485.691393888594
2024-01-07 15:00:00,,5787.942752682991
2024-01-07 16:00:00,,5869.296628453176
2024-01-07 17:00:00,,5915.830456310984
2024-01-07 18:00:00,,5915.642162847575
2024-01-07 19:00:00,,5880.950232137885
2024-01-07 20:00:00,,5859.863058377119
2024-01-07 21:00:00,,5833.56282145274
2024-01-07 22:00:00,,5765.742865551553
2024-01-07 23:00:00,,5698.638083878843
2024-01-08 00:00:00,,5629.471704583703
2024-01-08 01:00:00,,5580.272796491901
2024-01-08 02:00:00,,5521.840368421376
2024-01-08 03:00:00,,5466.330804433653
2024-01-08 04:00:00,,5384.874310244896
2024-01-08 05:00:00,,5331.1110766032625
2024-01-08 06:00:00,,5253.567979066777
2024-01-08 07:00:00,,5180.676196562409
2024-01-08 08:00:00,,5115.470503089656
2024-01-08 09:00:00,,5054.846308059358
2024-01-08 10:00:00,,4998.356410262149
2024-01-08 11:00:00,,4937.709028166633
2024-01-08 12:00:00,,4893.478596958003
2024-01-08 13:00:00,,4891.517913565231
2024-01-08 14:00:00,,4858.447098725316
2024-01-08 15:00:00,,4851.642999897643
2024-01-08 16:00:00,,4836.228063456221
2024-01-08 17:00:00,,4800.629390276276
2024-01-08 18:00:00,,4765.223417052256
2024-01-08 19:00:00,,4763.611824733203
2024-01-08 20:00:00,,4751.057822765832
2024-01-08 21:00:00,,4744.478598530017
2024-01-08 22:00:00,,4767.899168606072
2024-01-08 23:00:00,,4798.8329024295
2024-01-09 00:00:00,,4836.918062428086
2024-01-09 01:00:00,,4908.774275076925
2024-01-09 02:00:00,,4907.831125593758
2024-01-09 03:00:00,,4972.774129788958
2024-01-09 04:00:00,,5142.866631699867
2024-01-09 05:00:00,,5330.86475119363
2024-01-09 06:00:00,,5548.377391706082
2024-01-09 07:00:00,,5972.2978890576405
2024-01-09 08:00:00,,5920.222975272859
2024-01-09 09:00:00,,5761.923865457657
2024-01-09 10:00:00,,5675.444009383757
2024-01-09 11:00:00,,5621.2084489589515
2024-01-09 12:00:00,,5542.051160964558
2024-01-09 13:00:00,,5458.84826744184
2024-01-09 14:00:00,,5372.927310974479
2024-01-09 15:00:00,,5305.590395703912
2024-01-09 16:00:00,,5240.551838670694
2024-01-09 17:00:00,,5175.364002675067
2024-01-09 18:00:00,,5133.717215571903
2024-01-09 19:00:00,,5098.393061151158
2024-01-09 20:00:00,,5053.84553658392
2024-01-09 21:00:00,,5025.180975824908
2024-01-09 22:00:00,,4992.740951157651
2024-01-09 23:00:00,,5030.194092128189
2024-01-10 00:00:00,,5101.782479726108
2024-01-10 01:00:00,,5120.474863932134
2024-01-10 02:00:00,,5102.933347936083
2024-01-10 03:00:00,,5055.445944759515
2024-01-10 04:00:00,,5012.567232400914
2024-01-10 05:00:00,,4974.485149257484
2024-01-10 06:00:00,,4943.893018821267
2024-01-10 07:00:00,,4896.5448381374745
2024-01-10 08:00:00,,4854.106046242081
2024-01-10 09:00:00,,4810.886158270997
2024-01-10 10:00:00,,4770.425552973666
2024-01-10 11:00:00,,4735.674541335077
2024-01-10 12:00:00,,4695.2008960134535
2024-01-10 13:00:00,,4663.7752796685845
2024-01-10 14:00:00,,4624.237215114067
2024-01-10 15:00:00,,4593.562372667836
2024-01-10 16:00:00,,4569.511883745859
2024-01-10 17:00:00,,4555.326720724906
2024-01-10 18:00:00,,4528.692552976699
2024-01-10 19:00:00,,4520.617707487357
2024-01-10 20:00:00,,4526.386967887316
2024-01-10 21:00:00,,4531.3847943469245
2024-01-10 22:00:00,,4539.388385364242
2024-01-10 23:00:00,,4526.551919421108
2024-01-11 00:00:00,,4523.913039904443
2024-01-11 01:00:00,,4523.197201175221
2024-01-11 02:00:00,,4511.404953403697
2024-01-11 03:00:00,,4494.7925787669765
2024-01-11 04:00:00,,4475.288299194302
2024-01-11 05:00:00,,4461.048706369053
2024-01-11 06:00:00,,4438.42075181176
2024-01-11 07:00:00,,4413.1827522071735
2024-01-11 08:00:00,,4382.651223540058
2024-01-11 09:00:00,,4360.151384572665
2024-01-11 10:00:00,,4326.1948364542195
2024-01-11 11:00:00,,4294.968750099132
2024-01-11 12:00:00,,4260.4275648374105
2024-01-11 13:00:00,,4239.531257691491
2024-01-11 14:00:00,,4214.3910265347895
2024-01-11 15:00:00,,4191.979088010471
2024-01-11 16:00:00,,3833.8656735982
2024-01-11 17:00:00,,3439.490369301148
2024-01-11 18:00:00,,3452.6514612736887
2024-01-11 19:00:00,,3471.6977954011872
2024-01-11 20:00:00,,3489.5228933794483
2024-01-11 21:00:00,,3523.9960960980166
2024-01-11 22:00:00,,3548.0965747933396
2024-01-11 23:00:00,,3561.8170794876883
2024-01-12 00:00:00,,3574.539206864508
2024-01-12 01:00:00,,3589.322687866156
2024-01-12 02:00:00,,3588.386057309689
2024-01-12 03:00:00,,3612.0155166291984
2024-01-12 04:00:00,,3627.603513234719
2024-01-12 05:00:00,,3653.983065244754
2024-01-12 06:00:00,,3690.4893318098107
2024-01-12 07:00:00,,3748.650749535137
2024-01-12 08:00:00,,3824.1565386479306
2024-01-12 09:00:00,,3916.755983796501
2024-01-12 10:00:00,,4172.068341325905
2024-01-12 11:00:00,,4769.836929818538
2024-01-12 12:00:00,,4819.664329177534
2024-01-12 13:00:00,,4865.686165253093
2024-01-12 14:00:00,,4886.276369408169
2024-01-12 15:00:00,,4895.277309470139
2024-01-12 16:00:00,,4927.651594023524
2024-01-12 17:00:00,,4946.913164416562
2024-01-12 18:00:00,,4993.76498172395
2024-01-12 19:00:00,,4805.6487022192605
2024-01-12 20:00:00,,4641.214290216578
2024-01-12 21:00:00,,4624.961151733261
2024-01-12 22:00:00,,4642.545218457721
2024-01-12 23:00:00,,4652.162446280165
2024-01-13 00:00:00,,4564.163770179207
2024-01-13 01:00:00,,4476.770468870628
2024-01-13 02:00:00,,4521.459741504202
2024-01-13 03:00:00,,4459.629900164983
2024-01-13 04:00:00,,4453.91938500446
2024-01-13 05:00:00,,4429.795605224511
2024-01-13 06:00:00,,4441.353609708953
2024-01-13 07:00:00,,4398.910048325916
2024-01-13 08:00:00,,4383.553842451795
2024-01-13 09:00:00,,4362.096784242642
2024-01-13 10:00:00,,4335.803073961798
2024-01-13 11:00:00,,4329.385235367371
2024-01-13 12:00:00,,4358.449354577148
2024-01-13 13:00:00,,4481.597029568919
2024-01-13 14:00:00,,4592.465667323095
2024-01-13 15:00:00,,4745.037511606255
2024-01-13 16:00:00,,5029.617924054819
2024-01-13 17:00:00,,5326.254767062592
2024-01-13 18:00:00,,5662.727322999055
2024-01-13 19:00:00,,6083.761856391014
2024-01-13 20:00:00,,6159.064438431583
2024-01-13 21:00:00,,6100.22591730787
2024-01-13 22:00:00,,5995.838864518523
2024-01-13 23:00:00,,5888.280248118595
2024-01-14 00:00:00,,5790.248627313376
2024-01-14 01:00:00,,5756.095810228368
2024-01-14 02:00:00,,5809.563986192532
2024-01-14 03:00:00,,5805.898979808339
2024-01-14 04:00:00,,5840.620812594804
2024-01-14 05:00:00,,6004.112555463892
2024-01-14 06:00:00,,6131.68852925936
2024-01-14 07:00:00,,6378.743814575536
2024-01-14 08:00:00,,6601.068601011102
2024-01-14 09:00:00,,6992.673451271535
2024-01-14 10:00:00,,7426.312173001313
2024-01-14 11:00:00,,7423.050665241542
2024-01-14 12:00:00,,7297.852289749846
2024-01-14 13:00:00,,7216.438008479115
2024-01-14 14:00:00,,7133.075475015069
2024-01-14 15:00:00,,7103.362079641283
2024-01-14 16:00:00,,7050.26446479508
2024-01-14 17:00:00,,7118.831050351465
2024-01-14 18:00:00,,7195.423814333035
2024-01-14 19:00:00,,7198.686620132867
2024-01-14 20:00:00,,7230.292641033716
2024-01-14 21:00:00,,7243.168965008158
2024-01-14 22:00:00,,7363.483578627462
2024-01-14 23:00:00,,7448.3677390795565
2024-01-15 00:00:00,,7739.071078448873
2024-01-15 01:00:00,,7666.327164031711
2024-01-15 02:00:00,,7525.4861865886
2024-01-15 03:00:00,,7383.9943380702525
2024-01-15 04:00:00,,7263.755815515555
2024-01-15 05:00:00,,7151.597222564187
2024-01-15 06:00:00,,7034.65211410461
2024-01-15 07:00:00,,6936.1310748408905
2024-01-15 08:00:00,,6884.592035856578
2024-01-15 09:00:00,,6795.031372774001
2024-01-15 10:00:00,,6700.303398348161
2024-01-15 11:00:00,,6590.533376596917
2024-01-15 12:00:00,,6520.611282373524
2024-01-15 13:00:00,,6414.041818871414
2024-01-15 14:00:00,,6355.60023305263
2024-01-15 15:00:00,,6271.676931684962
2024-01-15 16:00:00,,6192.370412786924
2024-01-15 17:00:00,,6131.130870727347
2024-01-15 18:00:00,,6112.740943622005
2024-01-15 19:00:00,,6086.631004096236
2024-01-15 20:00:00,,6111.420258889971
2024-01-15 21:00:00,,6077.669428257363
2024-01-15 22:00:00,,6057.7066171119495
2024-01-15 23:00:00,,6032.13946684375
2024-01-16 00:00:00,,5960.781421539175
2024-01-16 01:00:00,,5900.767003868278
2024-01-16 02:00:00,,5850.013577414841
2024-01-16 03:00:00,,5802.660539576988
2024-01-16 04:00:00,,5723.848554458938
2024-01-16 05:00:00,,5684.658728538532
2024-01-16 06:00:00,,5610.043725012534
2024-01-16 07:00:00,,5560.954070937952
2024-01-16 08:00:00,,5498.635461275854
2024-01-16 09:00:00,,5448.384757510673
2024-01-16 10:00:00,,5382.293019665036
2024-01-16 11:00:00,,5314.420021986961
2024-01-16 12:00:00,,5242.380994784638
2024-01-16 13:00:00,,5191.673252253798
2024-01-16 14:00:00,,5123.978577661233
2024-01-16 15:00:00,,5105.15172661484
2024-01-16 16:00:00,,5048.756100361741
2024-01-16 17:00:00,,5041.735406211534
2024-01-16 18:00:00,,5018.691209888333
2024-01-16 19:00:00,,5024.688589661607
2024-01-16 20:00:00,,5022.143290334722
2024-01-16 21:00:00,,5034.881780270752
2024-01-16 22:00:00,,5035.877662083127
2024-01-16 23:00:00,,5045.423890503324
2024-01-17 00:00:00,,5051.904230579629
2024-01-17 01:00:00,,5023.106689877937
2024-01-17 02:00:00,,5007.267949434394
2024-01-17 03:00:00,,4991.852261668664
2024-01-17 04:00:00,,4945.059618074106
2024-01-17 05:00:00,,4936.867961841514
2024-01-17 06:00:00,,4904.482692063108
2024-01-17 07:00:00,,4867.1019417380985
2024-01-17 08:00:00,,4827.341899865424
2024-01-17 09:00:00,,4805.619834086969
2024-01-17 10:00:00,,4767.260194160367
2024-01-17 11:00:00,,4742.920452552534
2024-01-17 12:00:00,,4701.874739105993
2024-01-17 13:00:00,,4660.154588517772
2024-01-17 14:00:00,,4646.165547321122
2024-01-17 15:00:00,,4624.7155988473
2024-01-17 16:00:00,,4632.433389674207
2024-01-17 17:00:00,,4632.69032945742
2024-01-17 18:00:00,,4663.7575960683935
2024-01-17 19:00:00,,4704.169712632796
2024-01-17 20:00:00,,4781.341833586613
2024-01-17 21:00:00,,5000.141979026178
2024-01-17 22:00:00,,5397.363888231705
2024-01-17 23:00:00,,5936.746103946737
2024-01-18 00:00:00,,7000.488214170108
2024-01-18 01:00:00,,7004.763896070312
2024-01-18 02:00:00,,6755.403525436418
2024-01-18 03:00:00,,6517.163839909301
2024-01-18 04:00:00,,6323.590794291228
2024-01-18 05:00:00,,6124.201193147825
2024-01-18 06:00:00,,5967.958106255314
2024-01-18 07:00:00,,5826.552257109795
2024-01-18 08:00:00,,5729.198934810864
2024-01-18 09:00:00,,5606.903204195345
2024-01-18 10:00:00,,5489.054978383992
2024-01-18 11:00:00,,5361.360444255391
2024-01-18 12:00:00,,5256.824381646661
2024-01-18 13:00:00,,5166.212735926041
2024-01-18 14:00:00,,5086.66102712496
2024-01-18 15:00:00,,5018.191753829562
2024-01-18 16:00:00,,4941.801535225938
2024-01-18 17:00:00,,4881.751550678936
2024-01-18 18:00:00,,4840.999281672393
2024-01-18 19:00:00,,4818.475485555047
2024-01-18 20:00:00,,4837.460345554515
2024-01-18 21:00:00,,4899.894496140302
2024-01-18 22:00:00,,5031.58138161867
2024-01-18 23:00:00,,5122.829730872609
2024-01-19 00:00:00,,5175.002572277129
2024-01-19 01:00:00,,5240.87328609126
2024-01-19 02:00:00,,5390.996969376863
2024-01-19 03:00:00,,5436.748782293296
2024-01-19 04:00:00,,5435.316035114674
2024-01-19 05:00:00,,5423.679825903425
2024-01-19 06:00:00,,5392.052594835493
2024-01-19 07:00:00,,5331.7376839962135
2024-01-19 08:00:00,,5277.5640805327
2024-01-19 09:00:00,,5224.63394281084
2024-01-19 10:00:00,,5162.893946305433
2024-01-19 11:00:00,,5090.570937398269
2024-01-19 12:00:00,,5017.222946142176
2024-01-19 13:00:00,,5608.746607066661
2024-01-19 14:00:00,,6095.657231476961
2024-01-19 15:00:00,,6030.435248836269
2024-01-19 16:00:00,,4953.803446058949
2024-01-19 17:00:00,,4831.06915398603
2024-01-19 18:00:00,,4837.537211704464
2024-01-19 19:00:00,,4847.964156129466
2024-01-19 20:00:00,,4954.710876039372
2024-01-19 21:00:00,,5446.251031262902
2024-01-19 22:00:00,,5940.369623187314
2024-01-19 23:00:00,,5901.223016981887
2024-01-20 00:00:00,,4835.1963075771355
2024-01-20 01:00:00,,4768.104617774936
2024-01-20 02:00:00,,4736.803626446095
2024-01-20 03:00:00,,4729.2103282694425
2024-01-20 04:00:00,,4634.1243381113845
2024-01-20 05:00:00,,4559.103188901445
2024-01-20 06:00:00,,4516.913503098995
2024-01-20 07:00:00,,4476.163216974876
2024-01-20 08:00:00,,4413.114196186455
2024-01-20 09:00:00,,4342.611902428386
2024-01-20 10:00:00,,4294.06810878436
2024-01-20 11:00:00,,4248.205011031519
2024-01-20 12:00:00,,4218.614309159891
2024-01-20 13:00:00,,4164.683989907231
2024-01-20 14:00:00,,4160.777627878648
2024-01-20 15:00:00,,4499.307426757988
2024-01-20 16:00:00,,4088.8414532379657
2024-01-20 17:00:00,,4348.140466869986
2024-01-20 18:00:00,,4119.368275182452
2024-01-20 19:00:00,,4156.161178550394
2024-01-20 20:00:00,,4213.92047875048
2024-01-20 21:00:00,,4270.760274712271
2024-01-20 22:00:00,,4279.334300966124
2024-01-20 23:00:00,,4316.979222362952
2024-01-21 00:00:00,,4298.844792781426
2024-01-21 01:00:00,,4235.602638772128
2024-01-21 02:00:00,,4195.301322919356
2024-01-21 03:00:00,,4148.098876995893
2024-01-21 04:00:00,,4105.185405411542
2024-01-21 05:00:00,,4067.763331605967
2024-01-21 06:00:00,,4020.0387087053964
2024-01-21 07:00:00,,3980.9165810500886
2024-01-21 08:00:00,,3954.7708683623964
2024-01-21 09:00:00,,3919.930927455026
2024-01-21 10:00:00,,3879.813831317799
2024-01-21 11:00:00,,3800.609037718848
2024-01-21 12:00:00,,3757.030684802586
2024-01-21 13:00:00,,3751.0032407282542
2024-01-21 14:00:00,,3720.862937013851
2024-01-21 15:00:00,,3737.184841277277
2024-01-21 16:00:00,,3802.7602960711365
2024-01-21 17:00:00,,3878.4076557476815
2024-01-21 18:00:00,,3988.5148234614726
2024-01-21 19:00:00,,4161.679394350675
2024-01-21 20:00:00,,4338.038591659597
2024-01-21 21:00:00,,4516.887112278633
2024-01-21 22:00:00,,4634.618060663517
2024-01-21 23:00:00,,4682.340092952719
2024-01-22 00:00:00,,4702.275284212614
2024-01-22 01:00:00,,4686.985416747364
2024-01-22 02:00:00,,4658.510965051086
2024-01-22 03:00:00,,4615.706142345883
2024-01-22 04:00:00,,4564.298761443041
2024-01-22 05:00:00,,4510.636822303397
2024-01-22 06:00:00,,4440.785819321622
2024-01-22 07:00:00,,4369.851893931374
2024-01-22 08:00:00,,4305.317222122129
2024-01-22 09:00:00,,4231.2300162901865
2024-01-22 10:00:00,,4165.097391852292
2024-01-22 11:00:00,,3560.731788692094
2024-01-22 12:00:00,,3416.4892418751183
2024-01-22 13:00:00,,3382.494506315524
2024-01-22 14:00:00,,3363.11360202683
2024-01-22 15:00:00,,3360.7975438919607
2024-01-22 16:00:00,,3377.5298349524223
2024-01-22 17:00:00,,3427.5270410541775
2024-01-22 18:00:00,,3490.0078169183334
2024-01-22 19:00:00,,3561.7592260485644
2024-01-22 20:00:00,,3640.5587736422085
2024-01-22 21:00:00,,3698.078271132527
2024-01-22 22:00:00,,3740.9132437606772
2024-01-22 23:00:00,,3762.2392280821664
2024-01-23 00:00:00,,3767.052143998801
2024-01-23 01:00:00,,3739.537241479828
2024-01-23 02:00:00,,3702.3573520384452
2024-01-23 03:00:00,,3662.468430520571
2024-01-23 04:00:00,,3619.8404451726765
2024-01-23 05:00:00,,3566.0308052760433
2024-01-23 06:00:00,,3518.4829044879057
2024-01-23 07:00:00,,3474.060865398936
2024-01-23 08:00:00,,3429.793489098113
2024-01-23 09:00:00,,3389.3233012131213
2024-01-23 10:00:00,,3353.2580247012434
2024-01-23 11:00:00,,3326.689913558366
2024-01-23 12:00:00,,3292.189956392268
2024-01-23 13:00:00,,3250.1591107955483
2024-01-23 14:00:00,,3245.2920889991215
2024-01-23 15:00:00,,3274.471567528245
2024-01-23 16:00:00,,3333.8887447239226
2024-01-23 17:00:00,,3441.1013226957957
2024-01-23 18:00:00,,3550.751093502944
2024-01-23 19:00:00,,3613.641546378705
2024-01-23 20:00:00,,3643.1457664385807
2024-01-23 21:00:00,,3700.158103703302
2024-01-23 22:00:00,,3743.2233863044394
2024-01-23 23:00:00,,3812.5553463032193
2024-01-24 00:00:00,,3885.8663003714623
2024-01-24 01:00:00,,3978.2252037287567
2024-01-24 02:00:00,,4212.75475309686
2024-01-24 03:00:00,,4500.8882149693345
2024-01-24 04:00:00,,4655.690384327561
2024-01-24 05:00:00,,4661.463970035557
2024-01-24 06:00:00,,4603.020364717503
2024-01-24 07:00:00,,4499.032049362722
2024-01-24 08:00:00,,4379.379848933428
2024-01-24 09:00:00,,4244.7625466404925
2024-01-24 10:00:00,,4263.004495074056
2024-01-24 11:00:00,,4206.997776116794
2024-01-24 12:00:00,,4114.427146538336
2024-01-24 13:00:00,,4039.002257289943
2024-01-24 14:00:00,,4020.014705185852
2024-01-24 15:00:00,,4010.9797514010206
2024-01-24 16:00:00,,4050.021094970881
2024-01-24 17:00:00,,4101.404860137105
2024-01-24 18:00:00,,4170.8847592830025
2024-01-24 19:00:00,,4268.645130819911
2024-01-24 20:00:00,,4320.596372212089
2024-01-24 21:00:00,,4332.718102337786
2024-01-24 22:00:00,,4290.691854283632
2024-01-24 23:00:00,,4225.592483563136
2024-01-25 00:00:00,,4147.546555863753
2024-01-25 01:00:00,,4070.8651471916796
2024-01-25 02:00:00,,3987.170638714929
2024-01-25 03:00:00,,3933.1697933096502
2024-01-25 04:00:00,,3894.537816385026
2024-01-25 05:00:00,,3892.093648614504
2024-01-25 06:00:00,,3916.8725596222216
2024-01-25 07:00:00,,3974.4043880315235
2024-01-25 08:00:00,,4029.475558040816
2024-01-25 09:00:00,,4098.251809615389
2024-01-25 10:00:00,,4169.896200408565
2024-01-25 11:00:00,,4280.97460018798
2024-01-25 12:00:00,,4412.799089404967
2024-01-25 13:00:00,,4535.472409764013
2024-01-25 14:00:00,,4597.485181199342
2024-01-25 15:00:00,,4602.473652356886
2024-01-25 16:00:00,,4609.14068254201
2024-01-25 17:00:00,,4643.652203186302
2024-01-25 18:00:00,,4675.616399010291
2024-01-25 19:00:00,,4679.794769221323
2024-01-25 20:00:00,,4639.3305820328815
2024-01-25 21:00:00,,4589.482537526751
2024-01-25 22:00:00,,4524.105936653063
2024-01-25 23:00:00,,4460.108435573337
2024-01-26 00:00:00,,4378.012784665
2024-01-26 01:00:00,,4293.607523406289
2024-01-26 02:00:00,,4243.1176201808485
2024-01-26 03:00:00,,4213.827069740945
2024-01-26 04:00:00,,4195.032221681252
2024-01-26 05:00:00,,4200.429046307837
2024-01-26 06:00:00,,4188.229737725277
2024-01-26 07:00:00,,4194.664252622614
2024-01-26 08:00:00,,4198.378055674405
2024-01-26 09:00:00,,4208.2668748327405
2024-01-26 10:00:00,,4210.664669552267
2024-01-26 11:00:00,,4255.892581800199
2024-01-26 12:00:00,,4374.605876806084
2024-01-26 13:00:00,,4562.996373846661
2024-01-26 14:00:00,,4687.276582889991
2024-01-26 15:00:00,,4669.144466146234
2024-01-26 16:00:00,,4644.87956049216
2024-01-26 17:00:00,,4579.7622083975075
2024-01-26 18:00:00,,4530.7813125985695
2024-01-26 19:00:00,,4486.886694577378
2024-01-26 20:00:00,,4421.886222075778
2024-01-26 21:00:00,,4376.585350564994
2024-01-26 22:00:00,,4311.879523139791
2024-01-26 23:00:00,,4261.65498406759
2024-01-27 00:00:00,,4201.6182882712255
2024-01-27 01:00:00,,4235.216289701501
2024-01-27 02:00:00,,4615.483665244948
2024-01-27 03:00:00,,5033.858199212992
2024-01-27 04:00:00,,5778.76251736253
2024-01-27 05:00:00,,5619.963319250498
2024-01-27 06:00:00,,5357.775118318397
2024-01-27 07:00:00,,5172.918411017822
2024-01-27 08:00:00,,5030.439184788232
2024-01-27 09:00:00,,4891.437504244531
2024-01-27 10:00:00,,4757.25907567049
2024-01-27 11:00:00,,4624.716038901252
2024-01-27 12:00:00,,4516.419290274431
2024-01-27 13:00:00,,4437.381774857982
2024-01-27 14:00:00,,4327.1987210846955
2024-01-27 15:00:00,,4268.97753129009
2024-01-27 16:00:00,,4219.182036776829
2024-01-27 17:00:00,,4200.79934902634
2024-01-27 18:00:00,,4184.924635756863
2024-01-27 19:00:00,,4161.466788677508
2024-01-27 20:00:00,,4142.650692324002
2024-01-27 21:00:00,,4110.847108237861
2024-01-27 22:00:00,,4068.6049726792426
2024-01-27 23:00:00,,4021.954886642655
2024-01-28 00:00:00,,3983.0172033730296
2024-01-28 01:00:00,,3938.2044213532768
2024-01-28 02:00:00,,3888.0402738695852
2024-01-28 03:00:00,,3838.8294369560044
2024-01-28 04:00:00,,3793.956446176841
2024-01-28 05:00:00,,3749.2610359142236
2024-01-28 06:00:00,,3709.869131245298
2024-01-28 07:00:00,,3658.8421781757356
2024-01-28 08:00:00,,3619.713253598919
2024-01-28 09:00:00,,3581.465756281675
2024-01-28 10:00:00,,3543.240143926396
2024-01-28 11:00:00,,3500.991144040074
2024-01-28 12:00:00,,3441.103519475196
2024-01-28 13:00:00,,3380.2090022214975
2024-01-28 14:00:00,,3370.4102438792743
2024-01-28 15:00:00,,3330.560022716749
2024-01-28 16:00:00,,3331.0152275857945
2024-01-28 17:00:00,,3320.9727438054188
2024-01-28 18:00:00,,3318.4984920365346
2024-01-28 19:00:00,,3329.981529301549
2024-01-28 20:00:00,,3350.5763314534993
2024-01-28 21:00:00,,3361.018680024109
2024-01-28 22:00:00,,3366.646808778733
2024-01-28 23:00:00,,3368.1526396746945
2024-01-29 00:00:00,,3346.110064087802
2024-01-29 01:00:00,,3341.8601957858705
2024-01-29 02:00:00,,3326.6921979705776
2024-01-29 03:00:00,,3309.786206248424
2024-01-29 04:00:00,,3289.6412975010553
2024-01-29 05:00:00,,3269.6307587570714
2024-01-29 06:00:00,,3258.4904330517165
2024-01-29 07:00:00,,3239.8136843437783
2024-01-29 08:00:00,,3222.041248033458
2024-01-29 09:00:00,,3209.407221468683
2024-01-29 10:00:00,,3186.9898427993176
2024-01-29 11:00:00,,3176.2633479571664
2024-01-29 12:00:00,,3163.6786113813837
2024-01-29 13:00:00,,3146.2507941739927
2024-01-29 14:00:00,,3125.248266786881
2024-01-29 15:00:00,,3114.487630182528
2024-01-29 16:00:00,,3118.7303560406617
2024-01-29 17:00:00,,3116.0875320212413
2024-01-29 18:00:00,,3128.2560075883234
2024-01-29 19:00:00,,3138.9392075143437
2024-01-29 20:00:00,,3172.3984174520347
2024-01-29 21:00:00,,3174.488733870573
2024-01-29 22:00:00,,3234.4384831137218
2024-01-29 23:00:00,,3443.191405553902
2024-01-30 00:00:00,,3184.571732545538
2024-01-30 01:00:00,,3169.8836895744453
2024-01-30 02:00:00,,3157.5374789345483
2024-01-30 03:00:00,,3128.9744508471285
2024-01-30 04:00:00,,3116.807724512666
2024-01-30 05:00:00,,3097.61611772855
2024-01-30 06:00:00,,3081.9772855321617
2024-01-30 07:00:00,,3067.3663044482173
2024-01-30 08:00:00,,3049.6025311224694
2024-01-30 09:00:00,,3030.988532092415
2024-01-30 10:00:00,,3021.0556141372535
2024-01-30 11:00:00,,2998.7414796679664
2024-01-30 12:00:00,,2984.7177276366883
2024-01-30 13:00:00,,2969.3022862786324
2024-01-30 14:00:00,,2961.0003826009033
2024-01-30 15:00:00,,2952.029020224982
2024-01-30 16:00:00,,2962.908826811254
2024-01-30 17:00:00,,2981.8138858069487
2024-01-30 18:00:00,,3032.5395536324017
2024-01-30 19:00:00,,3054.9203780778375
2024-01-30 20:00:00,,3100.019956572524
2024-01-30 21:00:00,,3125.0625122671327
2024-01-30 22:00:00,,3143.689027052399
2024-01-30 23:00:00,,3159.522403027142
2024-01-31 00:00:00,,3194.7929205047217
2024-01-31 01:00:00,,3232.8009573025797
2024-01-31 02:00:00,,3273.7832008587175
2024-01-31 03:00:00,,3321.1015857167527
2024-01-31 04:00:00,,3372.1268896847337
2024-01-31 05:00:00,,3443.8805690142576
2024-01-31 06:00:00,,3567.502564978576
2024-01-31 07:00:00,,3704.3376212083303
2024-01-31 08:00:00,,4035.352400683137
2024-01-31 09:00:00,,4164.131368669911
2024-01-31 10:00:00,,4212.455667113808
2024-01-31 11:00:00,,4137.330441534246
2024-01-31 12:00:00,,4049.027158043669
2024-01-31 13:00:00,,3968.6688898794946
2024-01-31 14:00:00,,3903.210230776442
2024-01-31 15:00:00,,3846.9533059902888
2024-01-31 16:00:00,,3794.9997995825424
2024-01-31 17:00:00,,3763.3237319904697
2024-01-31 18:00:00,,3722.1619569559452
2024-01-31 19:00:00,,3687.1883349393015
2024-01-31 20:00:00,,3648.6485207625537
2024-01-31 21:00:00,,3615.2085047601677
2024-01-31 22:00:00,,3620.8336719942918
2024-01-31 23:00:00,,3632.687928376964
2024-02-01 00:00:00,,3721.274149559962
2024-02-01 01:00:00,,3853.7058472678827
2024-02-01 02:00:00,,4063.4849430803793
2024-02-01 03:00:00,,4206.811629469592
2024-02-01 04:00:00,,4225.303968780574
2024-02-01 05:00:00,,4238.379617161907
2024-02-01 06:00:00,,4230.147788234479
2024-02-01 07:00:00,,4196.059909742556
2024-02-01 08:00:00,,4134.46285708311
2024-02-01 09:00:00,,4083.439534745402
2024-02-01 10:00:00,,4022.838600843651
2024-02-01 11:00:00,,3970.53143776581
2024-02-01 12:00:00,,3923.9447117510053
2024-02-01 13:00:00,,3886.046199390534
2024-02-01 14:00:00,,3844.692121225747
2024-02-01 15:00:00,,3820.5484765187653
2024-02-01 16:00:00,,3784.2157750159136
2024-02-01 17:00:00,,3761.2100638573193
2024-02-01 18:00:00,,3740.8644356563277
2024-02-01 19:00:00,,3727.4309315186883
2024-02-01 20:00:00,,3723.378236321637
2024-02-01 21:00:00,,3720.854150136468
2024-02-01 22:00:00,,3691.0052329649575
2024-02-01 23:00:00,,3646.6364439203626
2024-02-02 00:00:00,,3603.9383092844423
2024-02-02 01:00:00,,3524.647069762423
2024-02-02 02:00:00,,3471.430379022493
2024-02-02 03:00:00,,3422.443588600704
2024-02-02 04:00:00,,3371.0050862056773
2024-02-02 05:00:00,,3327.291099620776
2024-02-02 06:00:00,,3301.807106180223
2024-02-02 07:00:00,,3264.9122648382067
2024-02-02 08:00:00,,3254.907934277694
2024-02-02 09:00:00,,3268.777006922741
2024-02-02 10:00:00,,3320.3268554314027
2024-02-02 11:00:00,,3464.79397482516
2024-02-02 12:00:00,,4033.616996983098
2024-02-02 13:00:00,,5363.41095320729
2024-02-02 14:00:00,,5105.18364855522
2024-02-02 15:00:00,,4858.389816260122
2024-02-02 16:00:00,,4792.844863719853
2024-02-02 17:00:00,,4867.701152430476
2024-02-02 18:00:00,,5668.592933069297
2024-02-02 19:00:00,,5596.257873060014
2024-02-02 20:00:00,,5403.9095970826575
2024-02-02 21:00:00,,5241.466023713408
2024-02-02 22:00:00,,5288.532986601992
2024-02-02 23:00:00,,5500.8394994103855
2024-02-03 00:00:00,,5639.685239179506
2024-02-03 01:00:00,,5487.953668210876
2024-02-03 02:00:00,,5362.876763246261
2024-02-03 03:00:00,,5222.420535738899
2024-02-03 04:00:00,,5045.932846109466
2024-02-03 05:00:00,,4918.840382608052
2024-02-03 06:00:00,,4792.867165737222
2024-02-03 07:00:00,,4670.3686860870675
2024-02-03 08:00:00,,4554.9625058868005
2024-02-03 09:00:00,,4438.451957808431
2024-02-03 10:00:00,,4314.950997056494
2024-02-03 11:00:00,,4226.347746249158
2024-02-03 12:00:00,,4140.526755557851
2024-02-03 13:00:00,,4058.020879440474
2024-02-03 14:00:00,,4003.2280576853896
2024-02-03 15:00:00,,3950.456517601915
2024-02-03 16:00:00,,3897.964284848259
2024-02-03 17:00:00,,3869.186095441194
2024-02-03 18:00:00,,3826.5091915235234
2024-02-03 19:00:00,,3810.1252446888752
2024-02-03 20:00:00,,3770.4567258289476
2024-02-03 21:00:00,,3744.598204059795
2024-02-03 22:00:00,,3706.4989916271315
2024-02-03 23:00:00,,3672.982252513692
2024-02-04 00:00:00,,3631.0191750094027
2024-02-04 01:00:00,,3599.652570518883
2024-02-04 02:00:00,,3561.1746040545927
2024-02-04 03:00:00,,3522.3666558963528
2024-02-04 04:00:00,,3450.235681408565
2024-02-04 05:00:00,,3417.354988281258
2024-02-04 06:00:00,,3387.2521355749113
2024-02-04 07:00:00,,3370.500589061522
2024-02-04 08:00:00,,3359.4202256606904
2024-02-04 09:00:00,,3363.444763842169
2024-02-04 10:00:00,,3378.4561477335646
2024-02-04 11:00:00,,3400.452910741206
2024-02-04 12:00:00,,3388.5150907881293
2024-02-04 13:00:00,,3389.7797956889985
2024-02-04 14:00:00,,3396.812101056009
2024-02-04 15:00:00,,3404.4065256144836
2024-02-04 16:00:00,,3426.200922098367
2024-02-04 17:00:00,,3487.662495531385
2024-02-04 18:00:00,,3552.158307109755
2024-02-04 19:00:00,,3599.119094844793
2024-02-04 20:00:00,,3644.137125420495
2024-02-04 21:00:00,,3675.164995723499
2024-02-04 22:00:00,,3673.3066209497592
2024-02-04 23:00:00,,3673.104309646283
2024-02-05 00:00:00,,3701.016521215346
2024-02-05 01:00:00,,3786.5964067336226
2024-02-05 02:00:00,,4066.27854824604
2024-02-05 03:00:00,,5068.357291912702
2024-02-05 04:00:00,,5781.636012233595
2024-02-05 05:00:00,,5519.111455038815
2024-02-05 06:00:00,,5228.54901089293
2024-02-05 07:00:00,,5191.632241536834
2024-02-05 08:00:00,,5082.094823685307
2024-02-05 09:00:00,,4929.418611175251
2024-02-05 10:00:00,,4768.662446433722
2024-02-05 11:00:00,,4627.199355653428
2024-02-05 12:00:00,,4480.187411861962
2024-02-05 13:00:00,,4346.933964833162
2024-02-05 14:00:00,,4252.24471115558
2024-02-05 15:00:00,,4191.49368566431
2024-02-05 16:00:00,,4110.263126654062
2024-02-05 17:00:00,,4053.210355171108
2024-02-05 18:00:00,,4021.0679758002434
2024-02-05 19:00:00,,3981.293976881919
2024-02-05 20:00:00,,3946.0526699677002
2024-02-05 21:00:00,,3920.3101109412423
2024-02-05 22:00:00,,3874.2779087412073
2024-02-05 23:00:00,,3823.3171949784337
2024-02-06 00:00:00,,3778.5279770401203
2024-02-06 01:00:00,,3735.90858098378
2024-02-06 02:00:00,,3682.12251205151
2024-02-06 03:00:00,,3629.4103979382767
2024-02-06 04:00:00,,3592.2223913323946
2024-02-06 05:00:00,,3585.47659010669
2024-02-06 06:00:00,,3576.443204320068
2024-02-06 07:00:00,,3642.8782866919296
2024-02-06 08:00:00,,3711.593466879485
2024-02-06 09:00:00,,3836.710501686682
2024-02-06 10:00:00,,3856.9515126219467
2024-02-06 11:00:00,,3857.2464168497418
2024-02-06 12:00:00,,3903.5450180300804
2024-02-06 13:00:00,,3861.2073902105167
2024-02-06 14:00:00,,3833.981140117018
2024-02-06 15:00:00,,3840.9289351661537
2024-02-06 16:00:00,,3910.3906657663297
2024-02-06 17:00:00,,4083.9006009793243
2024-02-06 18:00:00,,4335.516713330152
2024-02-06 19:00:00,,4710.467744732784
2024-02-06 20:00:00,,4887.0266248649705
2024-02-06 21:00:00,,6312.695976388531
2024-02-06 22:00:00,,8318.309712548233
2024-02-06 23:00:00,,7098.791769454875
2024-02-07 00:00:00,,6477.278849549281
2024-02-07 01:00:00,,6282.093662678272
2024-02-07 02:00:00,,6287.325654168614
2024-02-07 03:00:00,,6214.553277839859
2024-02-07 04:00:00,,6155.412506915487
2024-02-07 05:00:00,,5996.5037564616305
2024-02-07 06:00:00,,5845.669798024739
2024-02-07 07:00:00,,5788.395564755164
2024-02-07 08:00:00,,5763.3228319150585
2024-02-07 09:00:00,,5707.51991351865
2024-02-07 10:00:00,,5760.734065418806
2024-02-07 11:00:00,,5692.9773817775995
2024-02-07 12:00:00,,5628.94495884186
2024-02-07 13:00:00,,5616.160226902552
2024-02-07 14:00:00,,5529.860816368953
2024-02-07 15:00:00,,5529.3117890868125
2024-02-07 16:00:00,,5469.002465775934
2024-02-07 17:00:00,,5449.167310944125
2024-02-07 18:00:00,,5369.0372335199245
2024-02-07 19:00:00,,5301.714705285321
2024-02-07 20:00:00,,5215.711778241762
2024-02-07 21:00:00,,5146.188557549923
2024-02-07 22:00:00,,5058.14906372872
2024-02-07 23:00:00,,5010.919492559437
2024-02-08 00:00:00,,4965.690243916796
2024-02-08 01:00:00,,4923.349007468942
2024-02-08 02:00:00,,4881.788388723373
2024-02-08 03:00:00,,4829.5018698345575
2024-02-08 04:00:00,,4784.172770951953
2024-02-08 05:00:00,,4755.314704724492
2024-02-08 06:00:00,,4711.90419320988
2024-02-08 07:00:00,,4687.485656068869
2024-02-08 08:00:00,,4656.749870908476
2024-02-08 09:00:00,,4624.808010905793
2024-02-08 10:00:00,,4585.448431836212
2024-02-08 11:00:00,,4544.063650665009
2024-02-08 12:00:00,,4488.171563205134
2024-02-08 13:00:00,,4441.43584586587
2024-02-08 14:00:00,,4392.052528464014
2024-02-08 15:00:00,,4368.337039088734
2024-02-08 16:00:00,,4324.6178777248215
2024-02-08 17:00:00,,4300.0865443783005
2024-02-08 18:00:00,,4280.680829856021
2024-02-08 19:00:00,,4271.519624266674
2024-02-08 20:00:00,,4254.434430855272
2024-02-08 21:00:00,,4239.590904294016
2024-02-08 22:00:00,,4215.729365615462
2024-02-08 23:00:00,,4195.5922821881695
2024-02-09 00:00:00,,4163.432073919356
2024-02-09 01:00:00,,4135.61471031454
2024-02-09 02:00:00,,4103.823254182221
2024-02-09 03:00:00,,4073.158107378034
2024-02-09 04:00:00,,4036.829526721685
2024-02-09 05:00:00,,4003.1135348439134
2024-02-09 06:00:00,,3976.301720289195
2024-02-09 07:00:00,,3945.109209531094
2024-02-09 08:00:00,,3914.156617813113
2024-02-09 09:00:00,,3875.3539877370176
2024-02-09 10:00:00,,3840.4747841051953
2024-02-09 11:00:00,,3801.814201174994
2024-02-09 12:00:00,,3773.507061189731
2024-02-09 13:00:00,,3739.2268788110055
2024-02-09 14:00:00,,3702.160588126794
2024-02-09 15:00:00,,3680.6738804683364
2024-02-09 16:00:00,,3656.9582880516377
2024-02-09 17:00:00,,3639.754036502665
2024-02-09 18:00:00,,3627.0819928472933
2024-02-09 19:00:00,,3641.9331373056743
2024-02-09 20:00:00,,3641.7788553395662
2024-02-09 21:00:00,,3632.434035619217
2024-02-09 22:00:00,,3622.503422066612
2024-02-09 23:00:00,,3604.077959611016
2024-02-10 00:00:00,,3583.215852496575
2024-02-10 01:00:00,,3551.373759443248
2024-02-10 02:00:00,,3517.8757826411925
2024-02-10 03:00:00,,3481.3177982828347
2024-02-10 04:00:00,,3460.479078752251
2024-02-10 05:00:00,,3412.4990484158875
2024-02-10 06:00:00,,3380.3765532464954
2024-02-10 07:00:00,,3369.838275066163
2024-02-10 08:00:00,,3343.5850162227794
2024-02-10 09:00:00,,3326.51142981841
2024-02-10 10:00:00,,3303.2726395876566
2024-02-10 11:00:00,,3276.0566609518773
2024-02-10 12:00:00,,3237.6433817902825
2024-02-10 13:00:00,,3216.9431998186
2024-02-10 14:00:00,,3194.728806172842
2024-02-10 15:00:00,,3178.5970874642844
2024-02-10 16:00:00,,3176.2593922593082
2024-02-10 17:00:00,,3179.432940240562
2024-02-10 18:00:00,,3117.189703441009
2024-02-10 19:00:00,,2849.1113810540924
2024-02-10 20:00:00,,2873.6326076585233
2024-02-10 21:00:00,,2893.682119576929
2024-02-10 22:00:00,,2905.111493440289
2024-02-10 23:00:00,,2892.318592248447
2024-02-11 00:00:00,,2882.1162536830366
2024-02-11 01:00:00,,2864.6446063937997
2024-02-11 02:00:00,,2837.778841843121
2024-02-11 03:00:00,,2822.44526288452
2024-02-11 04:00:00,,2803.737892109123
2024-02-11 05:00:00,,2783.175548399845
2024-02-11 06:00:00,,2765.9594836585547
2024-02-11 07:00:00,,2756.9039683814117
2024-02-11 08:00:00,,2741.829291801873
2024-02-11 09:00:00,,2727.706595520659
2024-02-11 10:00:00,,2711.4495870274363
2024-02-11 11:00:00,,2773.689892803945
2024-02-11 12:00:00,,2896.957360424726
2024-02-11 13:00:00,,3308.7375003521947
2024-02-11 14:00:00,,4410.691039992286
2024-02-11 15:00:00,,3990.4206733883207
2024-02-11 16:00:00,,3758.0514540787967
2024-02-11 17:00:00,,3628.0537252192703
2024-02-11 18:00:00,,3515.8719461763903
2024-02-11 19:00:00,,3461.824397897478
2024-02-11 20:00:00,,3412.707045408251
2024-02-11 21:00:00,,3382.396788905558
2024-02-11 22:00:00,,3321.138143399039
2024-02-11 23:00:00,,3233.7491692767953
2024-02-12 00:00:00,,3176.021446407751
2024-02-12 01:00:00,,3127.5483047359903
2024-02-12 02:00:00,,3073.051014089235
2024-02-12 03:00:00,,3018.766603539198
2024-02-12 04:00:00,,2973.062231028657
2024-02-12 05:00:00,,2927.733826891297
2024-02-12 06:00:00,,2885.5357803153456
2024-02-12 07:00:00,,2840.977058352193
2024-02-12 08:00:00,,2804.200145012482
2024-02-12 09:00:00,,2812.400061635423
2024-02-12 10:00:00,,2777.369946783466
2024-02-12 11:00:00,,2754.4210588120554
2024-02-12 12:00:00,,2721.4000121627546
2024-02-12 13:00:00,,2688.2661263475566
2024-02-12 14:00:00,,2658.790018089493
2024-02-12 15:00:00,,2638.453443057575
2024-02-12 16:00:00,,2619.2500355865873
2024-02-12 17:00:00,,2598.3487092925816
2024-02-12 18:00:00,,2587.3594282791014
2024-02-12 19:00:00,,2594.47296314845
2024-02-12 20:00:00,,2586.5630288366815
2024-02-12 21:00:00,,2575.3973281290378
2024-02-12 22:00:00,,2574.4701818927906
2024-02-12 23:00:00,,2570.220549403231
2024-02-13 00:00:00,,2562.6834902758683
2024-02-13 01:00:00,,2544.9150413266875
2024-02-13 02:00:00,,2532.706985183774
2024-02-13 03:00:00,,2510.7656748329337
2024-02-13 04:00:00,,2495.7723300967286
2024-02-13 05:00:00,,2488.8964790991463
2024-02-13 06:00:00,,2473.5245550223867
2024-02-13 07:00:00,,2460.2018125237555
2024-02-13 08:00:00,,2446.7021129712807
2024-02-13 09:00:00,,2431.0404327285905
2024-02-13 10:00:00,,2417.6924327634756
2024-02-13 11:00:00,,2407.7375471472465
2024-02-13 12:00:00,,2390.601095614759
2024-02-13 13:00:00,,2374.53496046983
2024-02-13 14:00:00,,2367.1039071422465
2024-02-13 15:00:00,,2351.5455442904868
2024-02-13 16:00:00,,2353.5827936535834
2024-02-13 17:00:00,,2349.936769204826
2024-02-13 18:00:00,,1924.7749720101694
2024-02-13 19:00:00,,1911.0414635966158
2024-02-13 20:00:00,,1944.8189370851792
2024-02-13 21:00:00,,1973.4970959523434
2024-02-13 22:00:00,,1986.100338095993
2024-02-13 23:00:00,,1992.114937390039
2024-02-14 00:00:00,,1988.596970688016
2024-02-14 01:00:00,,1982.2396195921035
2024-02-14 02:00:00,,1973.4258114806878
2024-02-14 03:00:00,,1962.4919875496334
2024-02-14 04:00:00,,1950.7210913066142
2024-02-14 05:00:00,,1934.6493629861368
2024-02-14 06:00:00,,1926.465042992918
2024-02-14 07:00:00,,1916.7763494218493
2024-02-14 08:00:00,,1897.9901393403102
2024-02-14 09:00:00,,1889.0568979760924
2024-02-14 10:00:00,,1876.2902646457464
2024-02-14 11:00:00,,1857.9673170136073
2024-02-14 12:00:00,,1841.0733340536983
2024-02-14 13:00:00,,1832.1372002293135
2024-02-14 14:00:00,,1797.4133188225824
2024-02-14 15:00:00,,1781.8854590753479
2024-02-14 16:00:00,,1773.6997656211813
2024-02-14 17:00:00,,1776.3650439766518
2024-02-14 18:00:00,,1786.8144905408408
2024-02-14 19:00:00,,1809.1237745288606
2024-02-14 20:00:00,,1822.4536263210548
2024-02-14 21:00:00,,1832.9364111972425
2024-02-14 22:00:00,,1848.8534280301221
2024-02-14 23:00:00,,1849.7809064821836
2024-02-15 00:00:00,,1844.021656488272
2024-02-15 01:00:00,,1830.2473216025699
2024-02-15 02:00:00,,1825.6540855039611
2024-02-15 03:00:00,,1810.7409594689334
2024-02-15 04:00:00,,1798.6130326064188
2024-02-15 05:00:00,,1790.0740714409453
2024-02-15 06:00:00,,1776.7528386562135
2024-02-15 07:00:00,,1762.1368819023887
2024-02-15 08:00:00,,1760.2605302254153
2024-02-15 09:00:00,,1743.4421370551358
2024-02-15 10:00:00,,1734.2382658744204
2024-02-15 11:00:00,,1716.724332403618
2024-02-15 12:00:00,,1694.0338712229359
2024-02-15 13:00:00,,1675.7935919056008
2024-02-15 14:00:00,,1661.359808015397
2024-02-15 15:00:00,,1651.5937633277495
2024-02-15 16:00:00,,1648.3968635508256
2024-02-15 17:00:00,,1649.0982380701641
2024-02-15 18:00:00,,1659.3363945284952
2024-02-15 19:00:00,,1668.3768441737514
2024-02-15 20:00:00,,1693.4764457687534
2024-02-15 21:00:00,,1715.0948502517717
2024-02-15 22:00:00,,1732.3619472972402
2024-02-15 23:00:00,,1741.3859896018669
2024-02-16 00:00:00,,1744.524982645689
2024-02-16 01:00:00,,1747.4220547319412
2024-02-16 02:00:00,,1753.7029219828737
2024-02-16 03:00:00,,1759.292316585754
2024-02-16 04:00:00,,1760.7104827544508
2024-02-16 05:00:00,,1762.3023235512399
2024-02-16 06:00:00,,1769.6169481301117
2024-02-16 07:00:00,,1768.477356291557
2024-02-16 08:00:00,,1778.645241267591
2024-02-16 09:00:00,,1778.5581519877032
2024-02-16 10:00:00,,1779.052653934557
2024-02-16 11:00:00,,1775.6938351958945
2024-02-16 12:00:00,,1766.1576620739756
2024-02-16 13:00:00,,1759.3233647934464
2024-02-16 14:00:00,,1759.896371341702
2024-02-16 15:00:00,,1766.7214600516786
2024-02-16 16:00:00,,1768.6898547267901
2024-02-16 17:00:00,,1795.452092671494
2024-02-16 18:00:00,,1811.694566524183
2024-02-16 19:00:00,,1880.4400178841727
2024-02-16 20:00:00,,2017.5731782447453
2024-02-16 21:00:00,,2039.349853191761
2024-02-16 22:00:00,,2114.9894172426557
2024-02-16 23:00:00,,2251.597994026304
2024-02-17 00:00:00,,2188.480829815445
2024-02-17 01:00:00,,2137.698477873533
2024-02-17 02:00:00,,2118.3525862498045
2024-02-17 03:00:00,,2076.0664909938773
2024-02-17 04:00:00,,2060.3363131842043
2024-02-17 05:00:00,,2080.9239339005208
2024-02-17 06:00:00,,2094.6934985710936
2024-02-17 07:00:00,,2113.4128285557945
2024-02-17 08:00:00,,2116.5067775793173
2024-02-17 09:00:00,,2111.3463644254657
2024-02-17 10:00:00,,2177.6636973428817
2024-02-17 11:00:00,,2200.795746384075
2024-02-17 12:00:00,,2297.1786724919
2024-02-17 13:00:00,,2335.6427646602233
2024-02-17 14:00:00,,2433.0682300304993
2024-02-17 15:00:00,,2389.4718809533724
2024-02-17 16:00:00,,2328.0525136361925
2024-02-17 17:00:00,,2328.8081502369328
2024-02-17 18:00:00,,2313.289249401041
2024-02-17 19:00:00,,2265.459006362779
2024-02-17 20:00:00,,2232.0155335213753
2024-02-17 21:00:00,,2206.4739852172934
2024-02-17 22:00:00,,2163.2317482636804
2024-02-17 23:00:00,,2132.3643675928797
2024-02-18 00:00:00,,2105.884109345512
2024-02-18 01:00:00,,2076.6921051816435
2024-02-18 02:00:00,,2052.4668861498526
2024-02-18 03:00:00,,2024.1188973315827
2024-02-18 04:00:00,,1994.7641266545834
2024-02-18 05:00:00,,1972.9692088400802
2024-02-18 06:00:00,,1938.1853398625294
2024-02-18 07:00:00,,1919.4055758612028
2024-02-18 08:00:00,,1891.4054980608753
2024-02-18 09:00:00,,1869.8858382255594
2024-02-18 10:00:00,,1844.8207241958746
2024-02-18 11:00:00,,1821.0451509919278
2024-02-18 12:00:00,,1797.7312203924496
2024-02-18 13:00:00,,1778.3993034971238
2024-02-18 14:00:00,,1759.410735639728
2024-02-18 15:00:00,,1746.8325295348814
2024-02-18 16:00:00,,1727.116727732408
2024-02-18 17:00:00,,1725.5690988664787
2024-02-18 18:00:00,,1724.2058040830022
2024-02-18 19:00:00,,1726.1214309518346
2024-02-18 20:00:00,,1724.1796134364088
2024-02-18 21:00:00,,1721.4348537827486
2024-02-18 22:00:00,,1723.8056490731487
2024-02-18 23:00:00,,1721.8668882694499
2024-02-19 00:00:00,,1722.5633243258112
2024-02-19 01:00:00,,1725.683979809823
2024-02-19 02:00:00,,1737.9990448506712
2024-02-19 03:00:00,,1742.3851294049605
2024-02-19 04:00:00,,1761.0490736493598
2024-02-19 05:00:00,,1771.389133501804
2024-02-19 06:00:00,,1785.709398959347
2024-02-19 07:00:00,,1796.8325246077436
2024-02-19 08:00:00,,1818.4241818804614
2024-02-19 09:00:00,,1830.0470805828006
2024-02-19 10:00:00,,1838.617477607672
2024-02-19 11:00:00,,1845.4764273222045
2024-02-19 12:00:00,,1845.3137451062719
2024-02-19 13:00:00,,1845.9023666710243
2024-02-19 14:00:00,,1848.3865970214072
2024-02-19 15:00:00,,1859.652028344695
2024-02-19 16:00:00,,1877.66625620497
2024-02-19 17:00:00,,1901.3095436373546
2024-02-19 18:00:00,,1949.5028211571469
2024-02-19 19:00:00,,1989.018463571395
2024-02-19 20:00:00,,2025.7196549309876
2024-02-19 21:00:00,,2066.6183964812853
2024-02-19 22:00:00,,2087.2561759362707
2024-02-19 23:00:00,,2098.219578146571
2024-02-20 00:00:00,,2094.0175477615517
2024-02-20 01:00:00,,2086.1699688877434
2024-02-20 02:00:00,,2075.139922318901
2024-02-20 03:00:00,,2058.155857744122
2024-02-20 04:00:00,,2031.8835108768844
2024-02-20 05:00:00,,2013.3378650534455
2024-02-20 06:00:00,,1982.437127340813
2024-02-20 07:00:00,,1950.1880840428742
2024-02-20 08:00:00,,1931.363891785634
2024-02-20 09:00:00,,1918.2605398278831
2024-02-20 10:00:00,,1898.522101066836
2024-02-20 11:00:00,,1913.8084876518194
2024-02-20 12:00:00,,1924.6302248925695
2024-02-20 13:00:00,,1934.5166941934515
2024-02-20 14:00:00,,1963.3474207144263
2024-02-20 15:00:00,,1979.408511418919
2024-02-20 16:00:00,,2001.7740863071815
2024-02-20 17:00:00,,2050.6257857078895
2024-02-20 18:00:00,,2150.2820963439317
2024-02-20 19:00:00,,2261.974799998101
2024-02-20 20:00:00,,2337.604564512839
2024-02-20 21:00:00,,2406.6930741393135
2024-02-20 22:00:00,,2698.999939549127
2024-02-20 23:00:00,,3108.8578101155736
2024-02-21 00:00:00,,3565.3877524046643
2024-02-21 01:00:00,,3427.597809662005
2024-02-21 02:00:00,,3308.603643036076
2024-02-21 03:00:00,,3110.600907063366
2024-02-21 04:00:00,,2931.484545133125
2024-02-21 05:00:00,,2795.7166393410666
2024-02-21 06:00:00,,2662.2091189163775
2024-02-21 07:00:00,,2546.954409752753
2024-02-21 08:00:00,,2451.4745000822777
2024-02-21 09:00:00,,2364.195160980165
2024-02-21 10:00:00,,2280.8712004953286
2024-02-21 11:00:00,,2234.6433662083214
2024-02-21 12:00:00,,2210.615050443679
2024-02-21 13:00:00,,2184.288962361025
2024-02-21 14:00:00,,2154.5566766455718
2024-02-21 15:00:00,,2231.928999126581
2024-02-21 16:00:00,,2294.051069803792
2024-02-21 17:00:00,,2411.183783853328
2024-02-21 18:00:00,,2612.383128315195
2024-02-21 19:00:00,,2979.8036563832916
2024-02-21 20:00:00,,3452.198484985516
2024-02-21 21:00:00,,4012.6812358721086
2024-02-21 22:00:00,,3710.42043645394
2024-02-21 23:00:00,,3447.845443225904
2024-02-22 00:00:00,,3268.714751650015
2024-02-22 01:00:00,,3125.4285005878855
2024-02-22 02:00:00,,3078.897866703217
2024-02-22 03:00:00,,3139.067893645317
2024-02-22 04:00:00,,3819.353392593197
2024-02-22 05:00:00,,9129.014096348159
2024-02-22 06:00:00,,9804.291751863819
2024-02-22 07:00:00,,8216.340623226348
2024-02-22 08:00:00,,7434.1562873165385
2024-02-22 09:00:00,,7519.889096956369
2024-02-22 10:00:00,,8481.988859120585
2024-02-22 11:00:00,,8559.177529854718
2024-02-22 12:00:00,,8119.37070861937
2024-02-22 13:00:00,,7730.456857841654
2024-02-22 14:00:00,,7632.6645189152105
2024-02-22 15:00:00,,7537.0253541468865
2024-02-22 16:00:00,,7138.734666999053
2024-02-22 17:00:00,,6810.681299624111
2024-02-22 18:00:00,,6574.469441693408
2024-02-22 19:00:00,,6381.184714248267
2024-02-22 20:00:00,,6241.335039129094
2024-02-22 21:00:00,,6145.683562735236
2024-02-22 22:00:00,,6016.85400351819
2024-02-22 23:00:00,,5857.3394299809215
2024-02-23 00:00:00,,5692.6794008382985
2024-02-23 01:00:00,,5558.59272204375
2024-02-23 02:00:00,,5396.355024270482
2024-02-23 03:00:00,,5299.839125145626
2024-02-23 04:00:00,,5181.323513937242
2024-02-23 05:00:00,,5076.660808822214
2024-02-23 06:00:00,,4995.960074001664
2024-02-23 07:00:00,,4891.00000768649
2024-02-23 08:00:00,,4798.3677798549315
2024-02-23 09:00:00,,4719.594221648161
2024-02-23 10:00:00,,4632.583834794728
2024-02-23 11:00:00,,4575.285795930379
2024-02-23 12:00:00,,4501.355185522
2024-02-23 13:00:00,,4427.5388869638355
2024-02-23 14:00:00,,4347.185927310621
2024-02-23 15:00:00,,4282.953102000479
2024-02-23 16:00:00,,4202.7429837454565
2024-02-23 17:00:00,,4129.61726055028
2024-02-23 18:00:00,,4069.8531820521994
2024-02-23 19:00:00,,4006.2937777561247
2024-02-23 20:00:00,,3965.257296985462
2024-02-23 21:00:00,,3929.667030957936
2024-02-23 22:00:00,,3881.5881701408152
2024-02-23 23:00:00,,3845.9267959393524
2024-02-24 00:00:00,,3795.6330047930383
2024-02-24 01:00:00,,3757.585616436409
2024-02-24 02:00:00,,3721.9814190631
2024-02-24 03:00:00,,3686.6127701577325
2024-02-24 04:00:00,,3652.5124000486157
2024-02-24 05:00:00,,3618.4707339760407
2024-02-24 06:00:00,,3578.903456045105
2024-02-24 07:00:00,,3552.1164329097664
2024-02-24 08:00:00,,3517.005567411945
2024-02-24 09:00:00,,3486.624223895922
2024-02-24 10:00:00,,3258.340570882623
2024-02-24 11:00:00,,3044.9859544798114
2024-02-24 12:00:00,,2911.193985209431
2024-02-24 13:00:00,,2842.0420503177015
2024-02-24 14:00:00,,2774.1796363898593
2024-02-24 15:00:00,,2752.8409277947408
2024-02-24 16:00:00,,2709.947767961721
2024-02-24 17:00:00,,2697.4615835225495
2024-02-24 18:00:00,,2642.161915625293
2024-02-24 19:00:00,,2595.9289096864977
2024-02-24 20:00:00,,2570.121543858085
2024-02-24 21:00:00,,2557.4281567884964
2024-02-24 22:00:00,,2539.791478296731
2024-02-24 23:00:00,,2515.4022462147805
2024-02-25 00:00:00,,2502.8848679322164
2024-02-25 01:00:00,,2465.9682885296806
2024-02-25 02:00:00,,2452.091055709348
2024-02-25 03:00:00,,2426.931883208088
2024-02-25 04:00:00,,2406.5630989094284
2024-02-25 05:00:00,,2379.38641258581
2024-02-25 06:00:00,,2358.8450855954347
2024-02-25 07:00:00,,2335.822272598789
2024-02-25 08:00:00,,2307.4131477274523
2024-02-25 09:00:00,,2287.7173839854763
2024-02-25 10:00:00,,2271.146720305857
2024-02-25 11:00:00,,2241.198395678405
2024-02-25 12:00:00,,2224.5397997051464
2024-02-25 13:00:00,,2202.782428312155
2024-02-25 14:00:00,,2185.046877373194
2024-02-25 15:00:00,,2158.2970199636165
2024-02-25 16:00:00,,2137.9998908401285
2024-02-25 17:00:00,,2114.314698602257
2024-02-25 18:00:00,,2105.7098205569214
2024-02-25 19:00:00,,2100.5606855779715
2024-02-25 20:00:00,,2100.5845422937496
2024-02-25 21:00:00,,2087.842365993296
2024-02-25 22:00:00,,2082.1948598070253
2024-02-25 23:00:00,,2072.9311739262084
2024-02-26 00:00:00,,2057.6568972074856
2024-02-26 01:00:00,,2048.8826216001944
2024-02-26 02:00:00,,2034.2807808768262
2024-02-26 03:00:00,,2020.9238329578566
2024-02-26 04:00:00,,2003.2412754860038
2024-02-26 05:00:00,,1998.366736878679
2024-02-26 06:00:00,,1978.857777209613
2024-02-26 07:00:00,,1962.801844589199
2024-02-26 08:00:00,,1949.9951372777434
2024-02-26 09:00:00,,1936.5589398166783
2024-02-26 10:00:00,,1921.5659212053563
2024-02-26 11:00:00,,1911.7109685062119
2024-02-26 12:00:00,,1900.648402985396
2024-02-26 13:00:00,,1886.9159698301896
2024-02-26 14:00:00,,1878.8816865256742
2024-02-26 15:00:00,,1862.313135200289
2024-02-26 16:00:00,,1855.7237377859883
2024-02-26 17:00:00,,1851.20305179368
2024-02-26 18:00:00,,1841.1129071812222
2024-02-26 19:00:00,,1832.8410047652096
2024-02-26 20:00:00,,1823.0234759713594
2024-02-26 21:00:00,,1817.5717741042788
2024-02-26 22:00:00,,1804.6391985285477
2024-02-26 23:00:00,,1800.2600090557657
2024-02-27 00:00:00,,1804.6948834510963
2024-02-27 01:00:00,,1803.0081195628436
2024-02-27 02:00:00,,1798.130719491807
2024-02-27 03:00:00,,1791.4824929239257
2024-02-27 04:00:00,,1783.9868322382874
2024-02-27 05:00:00,,1778.5106619667642
2024-02-27 06:00:00,,1765.0103246598712
2024-02-27 07:00:00,,1766.7677133199431
2024-02-27 08:00:00,,1771.1019369626638
2024-02-27 09:00:00,,1788.6289691659174
2024-02-27 10:00:00,,1802.1554782441306
2024-02-27 11:00:00,,1830.4569604088547
2024-02-27 12:00:00,,1874.4999177764355
2024-02-27 13:00:00,,1885.0473590199333
2024-02-27 14:00:00,,1885.0202861394362
2024-02-27 15:00:00,,1887.459985992721
2024-02-27 16:00:00,,1893.368353643286
2024-02-27 17:00:00,,1902.7697900085286
2024-02-27 18:00:00,,1935.6095954734415
2024-02-27 19:00:00,,1996.9165517019992
2024-02-27 20:00:00,,2155.326219244581
2024-02-27 21:00:00,,2998.280354754727
2024-02-27 22:00:00,,3049.690781780108
2024-02-27 23:00:00,,2869.1114041427386
2024-02-28 00:00:00,,2957.3415927941182
2024-02-28 01:00:00,,3027.209447920289
2024-02-28 09:00:00,,2643.4377269893293
2024-02-28 10:00:00,,2533.915335443373
2024-02-28 11:00:00,,2458.3062354748286
2024-02-28 12:00:00,,2379.08570674388
2024-02-28 13:00:00,,2325.6524836118415
2024-02-28 14:00:00,,2310.355575634469
2024-02-28 15:00:00,,2317.211267237348
2024-02-28 16:00:00,,2279.0862202573217
2024-02-28 17:00:00,,2311.398647540575
2024-02-28 18:00:00,,2396.9655726810793
2024-02-28 19:00:00,,2374.3720891772136
2024-02-28 20:00:00,,2364.7267857401707
2024-02-28 21:00:00,,2327.815551811104
2024-02-28 22:00:00,,2294.7630106521547
2024-02-28 23:00:00,,2271.163494747568
2024-02-29 00:00:00,,2260.4695306893655
2024-02-29 01:00:00,,2227.480696563906
2024-02-29 02:00:00,,2206.868153267277
2024-02-29 03:00:00,,2181.8828720103784
2024-02-29 04:00:00,,2153.9457913801725
2024-02-29 05:00:00,,2132.5700309910103
2024-02-29 06:00:00,,2100.437635616968
2024-02-29 07:00:00,,2074.674405372931
2024-02-29 08:00:00,,2051.3378802361776
2024-02-29 09:00:00,,2021.8017239569938
2024-02-29 10:00:00,,1995.1076650714476
2024-02-29 11:00:00,,1962.7584438536148
2024-02-29 12:00:00,,1935.4471068561793
2024-02-29 13:00:00,,1909.8731769755207
2024-02-29 14:00:00,,1888.3382646242303
2024-02-29 15:00:00,,1867.0269424228138
2024-02-29 16:00:00,,1848.2051969631873
2024-02-29 17:00:00,,1835.0469963717499
2024-02-29 18:00:00,,1826.2889176311483
2024-02-29 19:00:00,,1817.6942326286453
2024-02-29 20:00:00,,1808.5482494751752
2024-02-29 21:00:00,,1803.6087993740684
2024-02-29 22:00:00,,1803.3827506253535
2024-02-29 23:00:00,,1794.0314255645812
2024-03-01 00:00:00,,1788.5101114174736
2024-03-01 01:00:00,,1779.693609503709
2024-03-01 02:00:00,,1772.7058409778863
2024-03-01 03:00:00,,1770.6664697859096
2024-03-01 04:00:00,,1763.0541358001649
2024-03-01 05:00:00,,1759.2341946709867
2024-03-01 06:00:00,,1755.4919491508156
2024-03-01 07:00:00,,1744.7132140059082
2024-03-01 08:00:00,,1738.1432421284983
2024-03-01 09:00:00,,1742.1431430651078
2024-03-01 10:00:00,,1746.6797889511354
2024-03-01 11:00:00,,1741.161873895304
2024-03-01 12:00:00,,1726.3875761270858
2024-03-01 13:00:00,,1711.0972346953843
2024-03-01 14:00:00,,1705.4501393811595
2024-03-01 15:00:00,,1951.2689536504822
2024-03-01 16:00:00,,2529.816371186398
2024-03-01 17:00:00,,2115.347698953996
2024-03-01 18:00:00,,1993.6507266220326
2024-03-01 19:00:00,,3055.9607379134723
2024-03-01 20:00:00,,3968.92133753501
2024-03-02 08:00:00,,3449.225480156196
2024-03-02 09:00:00,,3391.2583453725497
2024-03-02 10:00:00,,3295.4820875921423
2024-03-02 11:00:00,,3205.908116310806
2024-03-02 12:00:00,,3114.00428228355
2024-03-02 13:00:00,,3043.2521083935294
2024-03-02 14:00:00,,2973.3811622414955
2024-03-02 15:00:00,,2929.2536013615254
2024-03-02 16:00:00,,2875.5707105518445
2024-03-02 17:00:00,,2810.645667808559
2024-03-02 18:00:00,,2740.309093891578
2024-03-02 19:00:00,,2682.461034174311
2024-03-02 20:00:00,,2623.037195208656
2024-03-02 21:00:00,,2580.815437510283
2024-03-02 22:00:00,,2543.029347025021
2024-03-02 23:00:00,,2519.0937685238623
2024-03-03 00:00:00,,2498.597566481972
2024-03-03 01:00:00,,2487.7259802915214
2024-03-03 02:00:00,,2443.4995883464317
2024-03-03 03:00:00,,2406.2775837476697
2024-03-03 04:00:00,,2374.0652000443656
2024-03-03 05:00:00,,2344.792577734408
2024-03-03 06:00:00,,2322.3556321440283
2024-03-03 07:00:00,,2284.5564592205033
2024-03-03 08:00:00,,2255.2371219148768
2024-03-03 09:00:00,,2234.6574762778855
2024-03-03 10:00:00,,2220.031945276111
2024-03-03 11:00:00,,2190.693673989898
2024-03-03 12:00:00,,2165.68264032024
2024-03-03 13:00:00,,2145.5195563250304
2024-03-03 14:00:00,,2127.978716509576
2024-03-03 15:00:00,,2098.3606813159204
2024-03-03 16:00:00,,2073.426881900472
2024-03-03 17:00:00,,2052.4020324473418
2024-03-03 18:00:00,,2036.030038635784
2024-03-03 19:00:00,,2019.3809914551478
2024-03-03 20:00:00,,1996.7143730195792
2024-03-03 21:00:00,,1976.7187778278367
2024-03-03 22:00:00,,1967.5549956613481
2024-03-03 23:00:00,,1952.829333564057
2024-03-04 00:00:00,,1944.1266606066665
2024-03-04 01:00:00,,1930.6941398018228
2024-03-04 02:00:00,,1918.8275240001938
2024-03-04 03:00:00,,1904.13839862874
2024-03-04 04:00:00,,1899.2583089680213
2024-03-04 05:00:00,,1893.1864600489303
2024-03-04 06:00:00,,1881.8704418982354
2024-03-04 07:00:00,,1873.462125692731
2024-03-04 08:00:00,,1857.9580480677878
2024-03-04 09:00:00,,1843.9151897112301
2024-03-04 10:00:00,,1830.9228608880796
2024-03-04 11:00:00,,1822.4197081252948
2024-03-04 12:00:00,,1812.3638475313878
2024-03-04 13:00:00,,1802.0861626752783
2024-03-04 14:00:00,,1787.2841426979317
2024-03-04 15:00:00,,1765.3338028780215
2024-03-04 16:00:00,,1762.54743396538
2024-03-04 17:00:00,,1761.0634677299008
2024-03-04 18:00:00,,1762.5568878633778
2024-03-04 19:00:00,,1775.327307532948
2024-03-04 20:00:00,,1783.85136261236
2024-03-04 21:00:00,,1786.6736627026291
2024-03-04 22:00:00,,1788.6305184748312
2024-03-04 23:00:00,,1789.2907041279411
2024-03-05 00:00:00,,1782.409859598176
2024-03-05 01:00:00,,1780.2549835217742
2024-03-05 02:00:00,,1776.190820700164
2024-03-05 03:00:00,,1769.028465364653
2024-03-05 04:00:00,,1764.4622991161898
2024-03-05 05:00:00,,1752.2659560817217
2024-03-05 06:00:00,,1747.471884260722
2024-03-05 07:00:00,,1741.2558646002428
2024-03-05 08:00:00,,1732.3914891347135
2024-03-05 09:00:00,,1723.055469516192
2024-03-05 10:00:00,,1709.4125794498912
2024-03-05 11:00:00,,1696.9798801012823
2024-03-05 12:00:00,,1685.9186729524927
2024-03-05 13:00:00,,1684.099466010001
2024-03-05 14:00:00,,1697.5667217229493
2024-03-05 15:00:00,,1720.4263498488033
2024-03-05 16:00:00,,1771.5653387923692
2024-03-05 17:00:00,,1902.547727745771
2024-03-05 18:00:00,,2104.859241200997
2024-03-05 19:00:00,,2194.6791978852316
2024-03-05 20:00:00,,3053.2115291123846
2024-03-05 21:00:00,,3650.2582002151175
2024-03-05 22:00:00,,3570.9952545803
2024-03-05 23:00:00,,3608.592212319342
2024-03-06 00:00:00,,3758.957952750857
2024-03-06 01:00:00,,3607.450903226717
2024-03-06 02:00:00,,3468.382022348426
2024-03-06 03:00:00,,3377.2934571467445
2024-03-06 04:00:00,,3313.79596408719
2024-03-06 05:00:00,,3251.1042015568564
2024-03-06 06:00:00,,3186.311532759095
2024-03-06 07:00:00,,3187.5229320431977
2024-03-06 08:00:00,,3184.5182899819124
2024-03-06 09:00:00,,3142.0177425322045
2024-03-06 10:00:00,,3154.779178458366
2024-03-06 11:00:00,,3174.317527710318
2024-03-06 12:00:00,,3148.711209283566
2024-03-06 13:00:00,,3138.246807247838
2024-03-06 14:00:00,,3177.4717843496073
2024-03-06 15:00:00,,3177.9509150897657
2024-03-06 16:00:00,,3190.1157865946757
2024-03-06 17:00:00,,3221.8886492220777
2024-03-06 18:00:00,,3278.5761400088504
2024-03-06 19:00:00,,3231.5766644446167
2024-03-06 20:00:00,,3187.5241989086044
2024-03-06 21:00:00,,3148.7758440904963
2024-03-06 22:00:00,,3120.5765068156743
2024-03-06 23:00:00,,3083.749085568562
2024-03-07 00:00:00,,3057.211644166686
2024-03-07 01:00:00,,3041.709155632951
2024-03-07 02:00:00,,3012.840434664155
2024-03-07 03:00:00,,2985.0132724027194
2024-03-07 04:00:00,,2959.1588610168487
2024-03-07 05:00:00,,2936.1001123572237
2024-03-07 06:00:00,,2913.5667667526586
2024-03-07 07:00:00,,2888.74237152431
2024-03-07 08:00:00,,2873.3579122723286
2024-03-07 09:00:00,,2854.633512646556
2024-03-07 10:00:00,,2844.4691752658046
2024-03-07 11:00:00,,2826.0732667301727
2024-03-07 12:00:00,,2797.7552785416888
2024-03-07 13:00:00,,2786.555470481399
2024-03-07 14:00:00,,2768.973566629847
2024-03-07 15:00:00,,2757.5298713481616
2024-03-07 16:00:00,,2744.6038193003587
2024-03-07 17:00:00,,2729.8010974255412
2024-03-07 18:00:00,,2716.03798616444
2024-03-07 19:00:00,,2703.892336590433
2024-03-07 20:00:00,,2669.4241235685245
2024-03-07 21:00:00,,2358.5926334229125
2024-03-07 22:00:00,,2450.510153173716
2024-03-07 23:00:00,,2765.586159973308
2024-03-08 00:00:00,,4708.934992864599
2024-03-08 01:00:00,,9209.13578793258
2024-03-08 02:00:00,,9501.104724542973
2024-03-08 03:00:00,,9027.0293030576
2024-03-08 04:00:00,,8209.018618959224
2024-03-08 05:00:00,,7639.611003258335
2024-03-08 06:00:00,,7460.9364706081315
2024-03-08 07:00:00,,7136.515201824606
2024-03-08 08:00:00,,6825.512440894379
2024-03-08 09:00:00,,6588.08886330497
2024-03-08 10:00:00,,6431.314327906978
2024-03-08 11:00:00,,6396.415665800141
2024-03-08 12:00:00,,6580.511737901902
2024-03-08 13:00:00,,7185.128050208564
2024-03-08 14:00:00,,8053.784503169273
2024-03-08 15:00:00,,8582.934837521636
2024-03-08 16:00:00,,8298.022882052097
2024-03-08 17:00:00,,7884.03597524204
2024-03-08 18:00:00,,7699.487012367863
2024-03-08 19:00:00,,8037.778264419214
2024-03-08 20:00:00,,8366.978628905274
2024-03-08 21:00:00,,8331.647255154281
2024-03-08 22:00:00,,8369.493613207496
2024-03-08 23:00:00,,8846.654396684711
2024-03-09 00:00:00,,10801.830048099217
2024-03-09 01:00:00,,10758.406337393659
2024-03-09 02:00:00,,9828.716403559634
2024-03-09 03:00:00,,9250.271100175456
2024-03-16 16:00:00,,6827.326706089938
2024-03-16 17:00:00,,6700.350062696067
2024-03-16 18:00:00,,6644.514459530141
2024-03-16 19:00:00,,6604.468231135982
2024-03-16 20:00:00,,6524.096172407319
2024-03-16 21:00:00,,6392.0063142024055
2024-03-16 22:00:00,,6330.6727421471
2024-03-16 23:00:00,,6314.4997368393715
2024-03-17 00:00:00,,6279.115536802468
2024-03-17 01:00:00,,6338.859549660941
2024-03-17 02:00:00,,6330.153909477286
2024-03-17 03:00:00,,6342.477714331519
2024-03-17 04:00:00,,6411.767166979926
2024-03-17 05:00:00,,6465.592040158468
2024-03-17 06:00:00,,6827.041290914186
2024-03-17 07:00:00,,7044.313559708966
2024-03-17 08:00:00,,7070.02081642103
2024-03-17 09:00:00,,7045.284973111018
2024-03-17 10:00:00,,7252.847090109316
2024-03-17 11:00:00,,7435.31439469673
2024-03-17 12:00:00,,7608.121333803331
2024-03-17 13:00:00,,7529.064269612978
2024-03-17 14:00:00,,7335.146379413363
2024-03-17 15:00:00,,7155.389851965622
2024-03-17 16:00:00,,6998.206966448875
2024-03-17 17:00:00,,6747.317644790558
2024-03-17 18:00:00,,6683.870890124386
2024-03-17 19:00:00,,6555.078699955168
2024-03-17 20:00:00,,6575.0375654624295
2024-03-17 21:00:00,,6637.486761330534
2024-03-17 22:00:00,,6981.079567237674
2024-03-17 23:00:00,,6886.719763097927
2024-03-18 00:00:00,,6730.836575404391
2024-03-18 01:00:00,,6546.226672907556
2024-03-18 02:00:00,,6524.533851343392
2024-03-18 03:00:00,,6663.01018077313
2024-03-18 04:00:00,,6836.458931202854
2024-03-18 05:00:00,,6854.467121157388
2024-03-18 06:00:00,,6617.934610665999
2024-03-18 07:00:00,,6611.536704844197
2024-03-18 08:00:00,,6547.596965121527
2024-03-18 09:00:00,,6625.6164852844495
2024-03-18 10:00:00,,6604.022470659298
2024-03-18 11:00:00,,6569.093366902948
2024-03-18 12:00:00,,6576.298810703059
2024-03-18 13:00:00,,6508.558953445079
2024-03-18 14:00:00,,6365.063542184456
2024-03-18 15:00:00,,6244.508594353576
2024-03-18 16:00:00,,6252.639094174341
2024-03-18 17:00:00,,6195.708078048018
2024-03-18 18:00:00,,6195.118749374685
2024-03-18 19:00:00,,6184.860788620059
2024-03-18 20:00:00,,6142.222847979071
2024-03-18 21:00:00,,6078.378341467288
2024-03-18 22:00:00,,5999.034654456987
2024-03-18 23:00:00,,5928.843867586424
2024-03-19 00:00:00,,5896.706714311897
2024-03-19 01:00:00,,5879.165738081137
2024-03-19 02:00:00,,5885.439646792498
2024-03-19 03:00:00,,5878.327265339422
2024-03-19 04:00:00,,5939.684562316911
2024-03-19 05:00:00,,6092.7457909008845
2024-03-19 06:00:00,,6231.536026186518
2024-03-19 07:00:00,,6467.803119717803
2024-03-19 08:00:00,,6934.678641827719
2024-03-19 09:00:00,,7027.744399844775
2024-03-19 10:00:00,,7109.653225633896
2024-03-19 11:00:00,,6989.794641741417
2024-03-19 12:00:00,,6915.769202621058
2024-03-19 13:00:00,,6775.965833348706
2024-03-19 14:00:00,,6644.449204253839
2024-03-19 15:00:00,,6639.20547111326
2024-03-19 16:00:00,,6565.366020515224
2024-03-19 17:00:00,,6407.118650281113
2024-03-19 18:00:00,,6729.491691136511
2024-03-19 19:00:00,,7848.193191787989
2024-03-19 20:00:00,,8177.573007775109
2024-03-19 21:00:00,,7951.846272714554
2024-03-19 22:00:00,,8355.656858618358
2024-03-19 23:00:00,,8768.390062789214
2024-03-20 00:00:00,,8568.773931073902
2024-03-20 01:00:00,,8144.196639924878
2024-03-20 02:00:00,,7784.659190311073
2024-03-20 03:00:00,,7413.651711364425
2024-03-20 04:00:00,,7231.557560876454
2024-03-20 05:00:00,,7160.561323018023
2024-03-20 06:00:00,,7166.32231309728
2024-03-20 07:00:00,,7280.026397179232
2024-03-20 08:00:00,,7432.451120741004
2024-03-20 09:00:00,,7393.463580169258
2024-03-20 10:00:00,,7162.937366422687
2024-03-20 11:00:00,,6942.126666605573
2024-03-20 12:00:00,,6716.614077082258
2024-03-20 13:00:00,,6541.320126317981
2024-03-20 14:00:00,,6409.531753260193
2024-03-20 15:00:00,,6296.762603042503
2024-03-20 16:00:00,,6186.473918093763
2024-03-20 17:00:00,,6120.488113243572
2024-03-20 18:00:00,,6035.258918705321
2024-03-20 19:00:00,,6011.116108453082
2024-03-20 20:00:00,,5920.212651698663
2024-03-20 21:00:00,,5848.92102632497
2024-03-20 22:00:00,,5803.707331604086
2024-03-20 23:00:00,,5713.125119937775
2024-03-21 00:00:00,,5622.188257741535
2024-03-21 01:00:00,,5591.314485922733
2024-03-21 02:00:00,,5535.719968272112
2024-03-21 03:00:00,,5487.118378835602
2024-03-21 04:00:00,,5481.319877185535
2024-03-21 05:00:00,,5456.1840569368715
2024-03-21 06:00:00,,5448.869086752328
2024-03-21 07:00:00,,5459.2731718726845
2024-03-21 08:00:00,,5459.497829901543
2024-03-21 09:00:00,,5423.894728639295
2024-03-21 10:00:00,,5415.42003742956
2024-03-21 11:00:00,,5428.329609318053
2024-03-21 12:00:00,,5443.364683043798
2024-03-21 13:00:00,,5492.056372185461
2024-03-21 14:00:00,,5460.693606754436
2024-03-21 15:00:00,,5458.644467433188
2024-03-21 16:00:00,,5401.731498956625
2024-03-21 17:00:00,,5382.676123095018
2024-03-21 18:00:00,,5357.301618809466
2024-03-21 19:00:00,,5291.759365758065
2024-03-21 20:00:00,,5208.738237572516
2024-03-21 21:00:00,,5124.682991002554
2024-03-21 22:00:00,,5078.611778707533
2024-03-21 23:00:00,,4998.4998626322185
2024-03-22 00:00:00,,4936.40881225783
2024-03-22 01:00:00,,4897.945669572321
2024-03-22 02:00:00,,4850.436411408234
2024-03-22 03:00:00,,4801.700359249233
2024-03-22 04:00:00,,4765.8391192743675
2024-03-22 05:00:00,,4729.390874380602
2024-03-22 06:00:00,,4689.530063040718
2024-03-22 07:00:00,,4657.531839201097
2024-03-22 08:00:00,,4621.158878310491
2024-03-22 09:00:00,,4581.713114152961
2024-03-22 10:00:00,,4550.874643931955
2024-03-22 11:00:00,,4497.804994359996
2024-03-22 12:00:00,,4478.463362565739
2024-03-22 13:00:00,,4468.917323807766
2024-03-22 14:00:00,,4504.39117157671
2024-03-22 15:00:00,,4554.371744300726
2024-03-22 16:00:00,,4676.122688884994
2024-03-22 17:00:00,,4772.490419580472
2024-03-22 18:00:00,,4870.981531731739
2024-03-22 19:00:00,,5014.349567477549
2024-03-22 20:00:00,,5192.615610855749
2024-03-22 21:00:00,,5200.75308111484
2024-03-22 22:00:00,,5069.0471787871065
2024-03-22 23:00:00,,5007.757507648951
2024-03-23 00:00:00,,5011.206521975541
2024-03-23 01:00:00,,5027.90548473535
2024-03-23 02:00:00,,5151.9945102722195
2024-03-23 03:00:00,,5422.272922424733
2024-03-23 04:00:00,,5722.214627962295
2024-03-23 05:00:00,,5574.825835490185
2024-03-23 06:00:00,,5417.636926715471
2024-03-23 07:00:00,,5308.29878548264
2024-03-23 08:00:00,,5258.366572542211
2024-03-23 09:00:00,,5310.857018273174
2024-03-23 10:00:00,,5559.365592455593
2024-03-23 11:00:00,,6098.332535449471
2024-03-23 12:00:00,,7381.797249651545
2024-03-23 13:00:00,,7441.799637638171
2024-03-23 14:00:00,,8591.301265500806
2024-03-23 15:00:00,,8576.844600927861
2024-03-23 16:00:00,,8747.6677504589
2024-03-23 17:00:00,,8425.35569508721
2024-03-23 18:00:00,,8170.619321877395
2024-03-23 19:00:00,,7673.618251829373
2024-03-23 20:00:00,,7539.177026084677
2024-03-24 08:00:00,,6502.163671679193
2024-03-24 09:00:00,,6439.779134848537
2024-03-24 10:00:00,,6439.468303630857
2024-03-24 11:00:00,,6438.684163022097
2024-03-24 12:00:00,,5754.8289987407425
2024-03-24 13:00:00,,5515.75654414468
2024-03-24 14:00:00,,5425.636391371381
2024-03-24 15:00:00,,5366.922577497243
2024-03-24 16:00:00,,5271.04059313685
2024-03-24 17:00:00,,5224.899548774704
2024-03-24 18:00:00,,5173.59314487393
2024-03-24 19:00:00,,5127.527805434636
2024-03-24 20:00:00,,5096.44587595818
2024-03-24 21:00:00,,5017.721107248532
2024-03-24 22:00:00,,4999.166921709839
2024-03-24 23:00:00,,4950.099701087137
2024-03-25 00:00:00,,4909.029175906377
2024-03-25 01:00:00,,4880.839495069224
2024-03-25 02:00:00,,4836.169683610192
2024-03-25 03:00:00,,4810.251241040578
2024-03-25 04:00:00,,4779.4673876788775
2024-03-25 05:00:00,,4747.725958886651
2024-03-25 06:00:00,,4717.796734562039
2024-03-25 07:00:00,,4704.890213440545
2024-03-25 08:00:00,,4789.721963581108
2024-03-25 09:00:00,,4952.171039392114
2024-03-25 10:00:00,,5244.607667774179
2024-03-25 11:00:00,,5585.277554949965
2024-03-25 12:00:00,,6225.375978214877
2024-03-25 13:00:00,,6579.741549094426
2024-03-25 14:00:00,,6461.038819631786
2024-03-25 15:00:00,,7000.196677006789
2024-03-25 16:00:00,,7374.419310768923
2024-03-25 17:00:00,,7373.948575472656
2024-03-25 18:00:00,,7378.280622789415
2024-03-25 19:00:00,,7381.88251736185
2024-03-25 20:00:00,,7375.935789911769
2024-03-25 21:00:00,,7373.755551809125
2024-03-25 22:00:00,,7377.275902729236
2024-03-25 23:00:00,,7375.26932514418
2024-03-26 00:00:00,,7374.999407243247
2024-03-26 01:00:00,,7373.054628206517
2024-03-26 02:00:00,,7375.364945143523
2024-03-26 03:00:00,,7373.192375249889
2024-03-26 04:00:00,,7376.855203480637
2024-03-26 05:00:00,,7536.919468346051
2024-03-26 06:00:00,,7600.548251970731
2024-03-26 07:00:00,,7646.838501325678
2024-03-26 08:00:00,,7645.8127032627835
2024-03-26 09:00:00,,7643.197243820089
2024-03-26 10:00:00,,7643.598648345711
2024-03-26 11:00:00,,7265.560321026018
2024-03-26 12:00:00,,6706.134311962237
2024-03-26 13:00:00,,6264.734369429874
2024-03-26 14:00:00,,5949.511095570823
2024-03-26 15:00:00,,5813.003018899903
2024-03-26 16:00:00,,5694.014223059774
2024-03-26 17:00:00,,5628.672614290228
2024-03-26 18:00:00,,5591.74709921745
2024-03-26 19:00:00,,5566.1147153093025
2024-03-26 20:00:00,,5564.962174625455
2024-03-26 21:00:00,,5645.770284527614
2024-03-26 22:00:00,,5576.965155788524
2024-03-26 23:00:00,,5473.500244939752
2024-03-27 00:00:00,,5404.669352481707
2024-03-27 01:00:00,,5314.34061005247
2024-03-27 02:00:00,,5242.8987947807045
2024-03-27 03:00:00,,5171.837696222314
2024-03-27 04:00:00,,5106.198416566294
2024-03-27 05:00:00,,5074.9414214984645
2024-03-27 06:00:00,,5044.8098769329545
2024-03-27 07:00:00,,4993.948867200464
2024-03-27 08:00:00,,4944.174606601066
2024-03-27 09:00:00,,4908.841564456056
2024-03-27 10:00:00,,4864.765549943709
2024-03-27 11:00:00,,4836.440892363045
2024-03-27 12:00:00,,4810.786480521115
2024-03-27 13:00:00,,4771.2939760442805
2024-03-27 14:00:00,,4747.3292633456485
2024-03-27 15:00:00,,4717.105400810625
2024-03-27 16:00:00,,4673.364158384742
2024-03-27 17:00:00,,4651.254605423842
2024-03-27 18:00:00,,4615.748085522028
2024-03-27 19:00:00,,4573.698964959861
2024-03-27 20:00:00,,4541.456122146889
2024-03-27 21:00:00,,4509.681686150667
2024-03-27 22:00:00,,4483.4559668755965
2024-03-27 23:00:00,,4441.341509186475
2024-03-28 00:00:00,,4405.55426060214
2024-03-28 01:00:00,,4381.307225881847
2024-03-28 02:00:00,,4345.1964823098015
2024-03-28 03:00:00,,4313.693408348044
2024-03-28 04:00:00,,4298.492718781861
2024-03-28 05:00:00,,4255.984212377605
2024-03-28 06:00:00,,4230.31705620821
2024-03-28 07:00:00,,4206.25988448569
2024-03-28 08:00:00,,4177.128214525912
2024-03-28 09:00:00,,4161.412406379967
2024-03-28 10:00:00,,4147.679836178369
2024-03-28 11:00:00,,4187.5340347139145
2024-03-28 12:00:00,,4342.891179896927
2024-03-28 13:00:00,,4533.54279234004
2024-03-28 14:00:00,,5155.394968106492
2024-03-28 15:00:00,,5507.747284945209
2024-03-28 16:00:00,,8127.697687221897
2024-03-28 17:00:00,,10396.660783161044
2024-03-28 18:00:00,,11341.354885194945
2024-03-28 19:00:00,,11357.873619581484
2024-03-28 20:00:00,,10791.353771998198
2024-03-28 21:00:00,,9784.15726526582
2024-03-28 22:00:00,,9017.300361029766
2024-03-28 23:00:00,,8410.39305286951
2024-03-29 00:00:00,,7893.43408774238
2024-03-29 01:00:00,,7466.350161758987
2024-03-29 02:00:00,,7135.179751512459
2024-03-29 03:00:00,,6761.855533666408
2024-03-29 04:00:00,,6501.748267247058
2024-03-29 05:00:00,,6345.783565866299
2024-03-29 06:00:00,,6218.931768487883
2024-03-29 07:00:00,,6141.522253498966
2024-03-29 08:00:00,,6128.834967285351
2024-03-29 09:00:00,,5967.005652456206
2024-03-29 10:00:00,,6195.0538116350535
2024-03-29 11:00:00,,6310.2996802023035
2024-03-29 12:00:00,,6460.275659975554
2024-03-29 13:00:00,,6375.528013302912
2024-03-29 14:00:00,,6382.822032759246
2024-03-29 15:00:00,,6489.70613747673
2024-03-29 16:00:00,,6575.979761601993
2024-03-29 17:00:00,,6878.908518777522
2024-03-29 18:00:00,,6854.254474746142
2024-03-29 19:00:00,,6784.229452685429
2024-03-29 20:00:00,,6926.003457608608
2024-03-29 21:00:00,,6969.151591221956
2024-03-29 22:00:00,,6778.065445153289
2024-03-29 23:00:00,,6623.054216357205
2024-03-30 00:00:00,,6441.813557868377
2024-03-30 01:00:00,,6360.421151915848
2024-03-30 02:00:00,,6241.51503037574
2024-03-30 03:00:00,,6156.730757518007
2024-03-30 04:00:00,,6081.126346771837
2024-03-30 05:00:00,,6018.375122663415
2024-03-30 06:00:00,,6011.086405528476
2024-03-30 07:00:00,,5949.58713714417
2024-03-30 08:00:00,,5905.131475796917
2024-03-30 09:00:00,,5887.573517833087
2024-04-22 11:00:00,,2513.8196169288353
2024-04-22 12:00:00,,2641.1057765138457
2024-04-22 13:00:00,,2630.94291044249
2024-04-22 14:00:00,,2596.1339868271057
2024-04-22 15:00:00,,2567.814838921448
2024-04-22 16:00:00,,2557.684308255003
2024-04-22 17:00:00,,2537.489202777984
2024-04-22 18:00:00,,2517.5954010378796
2024-04-22 19:00:00,,2406.5911378874534
2024-04-22 20:00:00,,2385.541289447108
2024-04-22 21:00:00,,2302.6872071982875
2024-04-22 22:00:00,,2173.7668562144218
2024-04-22 23:00:00,,2100.357878644025
2024-04-23 00:00:00,,2084.3472686772716
2024-04-23 01:00:00,,2071.411748367704
2024-04-23 02:00:00,,2050.848115175313
2024-04-23 03:00:00,,2020.815962934913
2024-04-23 04:00:00,,2008.1054230284103
2024-04-23 05:00:00,,1998.8629929337146
2024-04-23 06:00:00,,1993.9955024822798
2024-04-23 07:00:00,,2020.4190023566543
2024-04-23 08:00:00,,2029.658365063387
2024-04-23 09:00:00,,2009.3328346969718
2024-04-23 10:00:00,,2008.6950860563772
2024-04-23 11:00:00,,1990.7854262796584
2024-04-23 12:00:00,,1994.969311508118
2024-04-23 13:00:00,,1969.6760031003344
2024-04-23 14:00:00,,1955.8584704824125
2024-04-23 15:00:00,,1942.4999324454743
2024-04-23 16:00:00,,1919.679036404204
2024-04-23 17:00:00,,1910.085754865932
2024-04-23 18:00:00,,1891.7118986992273
2024-04-23 19:00:00,,1860.3719855059853
2024-04-23 20:00:00,,1846.9939441822419
2024-04-23 21:00:00,,1832.7191214447482
2024-04-23 22:00:00,,1805.1711719129316
2024-04-23 23:00:00,,1792.9856305181363
2024-04-24 00:00:00,,1771.3422394451998
2024-04-24 01:00:00,,1758.9910304787766
2024-04-24 02:00:00,,1786.8723890337199
2024-04-24 03:00:00,,1812.9552442686527
2024-04-24 04:00:00,,1840.265522201817
2024-04-24 05:00:00,,1888.4617289643495
2024-04-24 06:00:00,,1895.604381176419
2024-04-24 07:00:00,,1902.000681724759
2024-04-24 08:00:00,,1927.965632107961
2024-04-24 09:00:00,,1957.0329174849844
2024-04-24 10:00:00,,1975.14475298682
2024-04-24 11:00:00,,1997.0638349314204
2024-04-24 12:00:00,,2021.3126242217274
2024-04-24 13:00:00,,2039.973546780359
2024-04-24 14:00:00,,2060.4106851145343
2024-04-24 15:00:00,,2135.7605243925145
2024-04-24 16:00:00,,2191.405326836723
2024-04-24 17:00:00,,2458.7841007742686
2024-04-24 18:00:00,,2740.9911410439045
2024-04-24 19:00:00,,3830.3590006052814
2024-04-24 20:00:00,,3854.382452364438
2024-04-24 21:00:00,,3801.800859037788
2024-04-24 22:00:00,,4220.9849091777305
2024-04-24 23:00:00,,5138.538132085927
2024-04-25 00:00:00,,5339.417079473481
2024-04-25 01:00:00,,5037.2598035731235
2024-04-25 02:00:00,,5094.839318142389
2024-04-25 03:00:00,,5949.172545076881
2024-04-25 04:00:00,,7652.884968566574
2024-04-25 05:00:00,,7512.4015069435545
2024-04-25 06:00:00,,7607.195906032206
2024-04-25 07:00:00,,8353.455702599495
2024-04-25 08:00:00,,8404.643223437111
2024-04-25 09:00:00,,7742.150350304455
2024-04-25 10:00:00,,7062.204715761769
2024-04-25 11:00:00,,6756.034920703625
2024-04-25 12:00:00,,6465.490449525116
2024-04-25 13:00:00,,6385.293269722622
2024-04-25 14:00:00,,6521.110551494185
2024-04-25 15:00:00,,6708.586335425353
2024-04-25 16:00:00,,8131.330261140331
2024-04-25 17:00:00,,10939.94896628218
2024-04-25 18:00:00,,11122.98498400962
2024-04-25 19:00:00,,10159.767915520599
2024-04-25 20:00:00,,9227.739027618794
2024-04-25 21:00:00,,8402.581957513168
2024-04-25 22:00:00,,7711.774841850022
2024-04-25 23:00:00,,7173.7574447745055
2024-04-26 00:00:00,,6722.224748499785
2024-04-26 01:00:00,,6526.062064952008
2024-04-26 02:00:00,,6612.925201751417
2024-04-26 03:00:00,,6386.04330181827
2024-04-26 04:00:00,,6232.501024811264
2024-04-26 05:00:00,,6110.301475705592
2024-04-26 06:00:00,,5967.142008866086
2024-04-26 07:00:00,,5827.424649534423
2024-04-26 08:00:00,,5661.287181519811
2024-04-26 09:00:00,,5469.216615860435
2024-04-26 10:00:00,,5321.721701145154
2024-04-26 11:00:00,,5159.094763429136
2024-04-26 12:00:00,,4982.712333258595
2024-04-26 13:00:00,,4924.847413513194
2024-04-26 14:00:00,,4817.213064275458
2024-04-26 15:00:00,,4820.961044715331
2024-04-26 16:00:00,,4731.499021526241
2024-04-26 17:00:00,,4635.795929948102
2024-04-26 18:00:00,,4553.775734137553
2024-04-26 19:00:00,,4456.538297558654
2024-04-26 20:00:00,,4352.616365323726
2024-04-26 21:00:00,,4248.770264349913
2024-04-26 22:00:00,,4183.050357939752
2024-04-26 23:00:00,,4079.5929625235194
2024-04-27 00:00:00,,4001.578546556998
2024-04-27 01:00:00,,3961.167262024133
2024-04-27 02:00:00,,3925.070064318536
2024-04-27 03:00:00,,3900.6278923029395
2024-04-27 04:00:00,,3857.055028786748
2024-04-27 05:00:00,,3819.0489866730913
2024-04-27 06:00:00,,3790.5137827149692
2024-04-27 07:00:00,,3788.6287724956246
2024-04-27 08:00:00,,3739.5497277504946
2024-04-27 09:00:00,,3691.6893349465563
2024-04-27 10:00:00,,3666.434775596274
2024-04-27 11:00:00,,3659.213703846197
2024-04-27 12:00:00,,3678.887034180435
2024-04-27 13:00:00,,3729.2590165422116
2024-04-27 14:00:00,,3844.5555502224497
2024-04-27 15:00:00,,3992.394276250656
2024-04-27 16:00:00,,4117.474650511132
2024-04-27 17:00:00,,4281.235715361176
2024-04-27 18:00:00,,4736.466690450718
2024-04-27 19:00:00,,5978.431902488168
2024-04-27 20:00:00,,7306.800784691255
2024-04-27 21:00:00,,8349.205808162369
2024-04-27 22:00:00,,9418.948722968165
2024-04-27 23:00:00,,9711.903360130327
2024-04-28 00:00:00,,9441.81338714317
2024-04-28 01:00:00,,9533.106481809918
2024-04-28 02:00:00,,9130.750148246052
2024-04-28 03:00:00,,8346.574878782714
2024-04-28 04:00:00,,7604.479876535822
2024-04-28 05:00:00,,6966.537092806483
2024-04-28 06:00:00,,6491.713061184752
2024-04-28 07:00:00,,6192.4037636783405
2024-04-28 08:00:00,,6010.024981043811
2024-04-28 09:00:00,,5904.635297528498
2024-04-28 10:00:00,,5780.965672330454
2024-04-28 11:00:00,,5686.288361423704
2024-04-28 12:00:00,,5882.7751436912595
2024-04-28 13:00:00,,5708.987035329658
2024-04-28 14:00:00,,5617.042335274762
2024-04-28 15:00:00,,5525.573705894825
2024-04-28 16:00:00,,5443.805711702528
2024-04-28 17:00:00,,5394.268173992324
2024-04-28 18:00:00,,5341.959379051567
2024-04-28 19:00:00,,5249.656122255073
2024-04-28 20:00:00,,5141.752226870859
2024-04-28 21:00:00,,5092.480996057238
2024-04-28 22:00:00,,4969.598350214369
2024-04-28 23:00:00,,4878.972862871361
2024-04-29 00:00:00,,4842.494193419399
2024-04-29 01:00:00,,4839.446420946576
2024-04-29 02:00:00,,4817.052632648703
2024-04-29 03:00:00,,4797.302736099063
2024-04-29 04:00:00,,4848.18270266446
2024-04-29 05:00:00,,4969.187898412596
2024-04-29 06:00:00,,5335.016420000932
2024-04-29 07:00:00,,5743.106418492963
2024-04-29 08:00:00,,5924.553101297393
2024-04-29 09:00:00,,6060.766374131866
2024-04-29 10:00:00,,5918.41646662665
2024-04-29 11:00:00,,5782.259982310574
2024-04-29 12:00:00,,5729.203148090606
2024-04-29 13:00:00,,5795.319766309454
2024-04-29 14:00:00,,5987.729927248444
2024-04-29 15:00:00,,6325.976878692096
2024-04-29 16:00:00,,6336.6312749041235
2024-04-29 17:00:00,,6203.655038811689
2024-04-29 18:00:00,,6053.5018555607385
2024-04-29 19:00:00,,5893.241404537811
2024-04-29 20:00:00,,5762.6610589420725
2024-04-29 21:00:00,,5635.933785713325
2024-04-29 22:00:00,,5441.656391966339
2024-04-29 23:00:00,,5297.092645209162
2024-04-30 00:00:00,,5158.992358984603
2024-04-30 01:00:00,,5075.273798331094
2024-04-30 02:00:00,,5024.790238901191
2024-04-30 03:00:00,,4979.4434070429
2024-04-30 04:00:00,,4921.141406407656
2024-04-30 05:00:00,,4863.9166595156485
2024-04-30 06:00:00,,4829.1012770794905
2024-04-30 07:00:00,,4808.598126515313
2024-04-30 08:00:00,,4831.120906271118
2024-04-30 09:00:00,,4842.268828937747
2024-04-30 10:00:00,,4874.826762097593
2024-04-30 11:00:00,,4850.672063842765
2024-04-30 12:00:00,,4835.423013286798
2024-04-30 13:00:00,,4817.213253610071
2024-04-30 14:00:00,,4763.090274041042
2024-04-30 15:00:00,,4707.679637199512
2024-04-30 16:00:00,,4647.238177224995
2024-04-30 17:00:00,,4601.913982266839
2024-04-30 18:00:00,,4513.027171119136
2024-04-30 19:00:00,,4400.4163021650775
2024-04-30 20:00:00,,4331.655891407735
2024-04-30 21:00:00,,4232.807542620369
2024-04-30 22:00:00,,4149.634108709805
2024-04-30 23:00:00,,4072.3333433639214
2024-05-01 00:00:00,,3962.4693451023427
2024-05-01 01:00:00,,3889.6894666195276
2024-05-01 02:00:00,,3829.84306522102
2024-05-01 03:00:00,,3750.3461533858867
2024-05-01 04:00:00,,3701.0136158861033
2024-05-01 05:00:00,,3639.5792391353198
2024-05-01 06:00:00,,3589.246352937923
2024-05-01 07:00:00,,3531.785379763971
2024-05-01 08:00:00,,3495.5478756015445
2024-05-01 09:00:00,,3421.5031460352116
2024-05-01 10:00:00,,3392.8194751244437
2024-05-01 11:00:00,,3353.529588522875
2024-05-01 12:00:00,,3319.7486783415156
2024-05-01 13:00:00,,3271.5515657075125
2024-05-01 14:00:00,,3223.1458036527747
2024-05-01 15:00:00,,3200.331285859918
2024-05-01 16:00:00,,3171.550059559535
2024-05-01 17:00:00,,3171.3057247043675
2024-05-01 18:00:00,,3140.9015202903097
2024-05-01 19:00:00,,3143.4481858236245
2024-05-01 20:00:00,,3121.5485041567777
2024-05-01 21:00:00,,3097.063408669368
2024-05-01 22:00:00,,3070.069749829014
2024-05-01 23:00:00,,3039.2405994112205
2024-05-02 00:00:00,,3007.086753321893
2024-05-02 01:00:00,,2962.393119507238
2024-05-02 02:00:00,,2885.794420562809
2024-05-02 03:00:00,,2829.6308868318556
2024-05-02 04:00:00,,2817.7033354893556
2024-05-02 05:00:00,,2783.887615865181
2024-05-02 06:00:00,,2751.137211683054
2024-05-02 07:00:00,,2680.909321023134
2024-05-02 08:00:00,,2659.983433265616
2024-05-02 09:00:00,,2654.700315662407
2024-05-02 10:00:00,,2651.9936795905187
2024-05-02 11:00:00,,2636.73312518585
2024-05-02 12:00:00,,2618.262247665359
2024-05-02 13:00:00,,2570.8229948771354
2024-05-02 14:00:00,,2539.054090307222
2024-05-02 15:00:00,,2525.786062140941
2024-05-02 16:00:00,,2508.8183332585068
2024-05-02 17:00:00,,2485.1194666141323
2024-05-02 18:00:00,,2472.5007254930015
2024-05-02 19:00:00,,2447.270578650135
2024-05-02 20:00:00,,2425.6967241171446
2024-05-02 21:00:00,,2411.2008288485686
2024-05-02 22:00:00,,2394.2533123115318
2024-05-02 23:00:00,,2366.7396936338964
2024-05-03 00:00:00,,2353.617906790163
2024-05-03 01:00:00,,2341.903627130217
2024-05-03 02:00:00,,2331.0160917732755
2024-05-03 03:00:00,,2328.1604650948475
2024-05-03 04:00:00,,2334.7529966202364
2024-05-03 05:00:00,,2346.2526208718464
2024-05-03 06:00:00,,2358.380761464051
2024-05-03 07:00:00,,2391.5968836356105
2024-05-03 08:00:00,,2464.509801143788
2024-05-03 09:00:00,,2592.7160342317557
2024-05-03 10:00:00,,2869.6415105704173
2024-05-03 11:00:00,,3086.6741176879887
2024-05-03 12:00:00,,3375.3293605884446
2024-05-03 13:00:00,,3724.5289924514695
2024-05-03 14:00:00,,4394.612524986316
2024-05-03 15:00:00,,5023.65012353327
2024-05-03 16:00:00,,6320.806634770523
2024-05-03 17:00:00,,7257.505860403108
2024-05-03 18:00:00,,7396.4195485947985
2024-05-03 19:00:00,,7330.209228858924
2024-05-03 20:00:00,,6789.236165531831
2024-05-03 21:00:00,,6427.625787150827
2024-05-03 22:00:00,,6122.22509536985
2024-05-03 23:00:00,,5940.229315929881
2024-05-04 00:00:00,,5769.77036614078
2024-05-04 01:00:00,,5672.518567884101
2024-05-04 02:00:00,,5597.2138898434005
2024-05-04 03:00:00,,5445.241928756293
2024-05-04 04:00:00,,5361.786693523162
2024-05-04 05:00:00,,5234.166907061669
2024-05-04 06:00:00,,5080.1661005284195
2024-05-04 07:00:00,,4929.7061251102095
2024-05-04 08:00:00,,4842.236932297289
2024-05-04 09:00:00,,4747.849869359642
2024-05-04 10:00:00,,4698.024351672129
2024-05-04 11:00:00,,4747.072746606026
2024-05-04 12:00:00,,4838.137705114518
2024-05-04 13:00:00,,4877.8385852321435
2024-05-04 14:00:00,,4846.664062852481
2024-05-04 15:00:00,,4797.982346335699
2024-05-04 16:00:00,,4884.386884887293
2024-05-04 17:00:00,,4905.101652198849
2024-05-04 18:00:00,,4882.099684771509
2024-05-04 19:00:00,,4845.896177598909
2024-05-04 20:00:00,,4737.319503396297
2024-05-04 21:00:00,,4650.000517769755
2024-05-04 22:00:00,,4598.164670448517
2024-05-04 23:00:00,,4523.952904878123
2024-05-05 00:00:00,,4466.056068357705
2024-05-05 01:00:00,,4390.416991492767
2024-05-05 02:00:00,,4296.389528622586
2024-05-05 03:00:00,,4193.400341993252
2024-05-05 04:00:00,,4100.426798005655
2024-05-05 05:00:00,,4047.9294706224973
2024-05-05 06:00:00,,3938.220152241542
2024-05-05 07:00:00,,3893.136315458191
2024-05-05 08:00:00,,3848.033719434623
2024-05-05 09:00:00,,3744.7358347969193
2024-05-05 10:00:00,,3684.951031250157
2024-05-05 11:00:00,,3656.4901797637694
2024-05-05 12:00:00,,3624.273898883414
2024-05-05 13:00:00,,3578.6436785609776
2024-05-05 14:00:00,,3544.054178142744
2024-05-05 15:00:00,,3487.436905705993
2024-05-05 16:00:00,,3440.6476303367226
2024-05-05 17:00:00,,3372.462151817337
2024-05-05 18:00:00,,3365.272441542888
2024-05-05 19:00:00,,3345.1922060093675
2024-05-05 20:00:00,,3295.0602855861944
2024-05-05 21:00:00,,3236.1441070298847
2024-05-05 22:00:00,,3165.1192294862444
2024-05-05 23:00:00,,3107.038051993192
2024-05-06 00:00:00,,3048.687164505135
2024-05-06 01:00:00,,2999.126455562931
2024-05-06 02:00:00,,2940.9172506829823
2024-05-06 03:00:00,,2908.641630340533
2024-05-06 04:00:00,,2874.783766634576
2024-05-06 05:00:00,,2806.836973586875
2024-05-06 06:00:00,,2771.118419579272
2024-05-06 07:00:00,,2731.0678761580134
2024-05-06 08:00:00,,2702.089994008986
2024-05-06 09:00:00,,2666.489285795437
2024-05-06 10:00:00,,2642.0614178024894
2024-05-06 11:00:00,,2604.96495684263
2024-05-06 12:00:00,,2584.432654531692
2024-05-06 13:00:00,,2564.725823480977
2024-05-06 14:00:00,,2548.7488128402774
2024-05-06 15:00:00,,2541.7260080557435
2024-05-06 16:00:00,,2510.703798184339
2024-05-06 17:00:00,,2501.3815845824447
2024-05-06 18:00:00,,2467.6333283270633
2024-05-06 19:00:00,,2413.1666644634342
2024-05-06 20:00:00,,2377.959470623007
2024-05-06 21:00:00,,2347.9433300149776
2024-05-06 22:00:00,,2309.73874357222
2024-05-06 23:00:00,,2286.5618179712424
2024-05-07 00:00:00,,2264.377025894753
2024-05-07 01:00:00,,2240.0062297398517
2024-05-07 02:00:00,,2180.1541257681292
2024-05-07 03:00:00,,2098.6729387667165
2024-05-07 04:00:00,,2073.6317281984334
2024-05-07 05:00:00,,2061.3099038723353
2024-05-07 06:00:00,,2036.8521306022662
2024-05-07 07:00:00,,2032.964463730985
2024-05-07 08:00:00,,2017.6151440802337
2024-05-07 09:00:00,,1992.8200029632226
2024-05-07 10:00:00,,1977.2149726070215
2024-05-07 11:00:00,,1965.2874281195493
2024-05-07 12:00:00,,1941.6191354985751
2024-05-07 13:00:00,,1919.648316776058
2024-05-07 14:00:00,,1920.2006187795369
2024-05-07 15:00:00,,1900.375081632958
2024-05-07 16:00:00,,1895.194673707629
2024-05-07 17:00:00,,1883.02384302192
2024-05-07 18:00:00,,1875.0204276392053
2024-05-07 19:00:00,,1855.535961332237
2024-05-07 20:00:00,,1849.8531480207794
2024-05-07 21:00:00,,1829.9922990907953
2024-05-07 22:00:00,,1811.1159920768353
2024-05-07 23:00:00,,1796.542110884403
2024-05-08 00:00:00,,1785.5874052573413
2024-05-08 01:00:00,,1767.8864329077962
2024-05-08 02:00:00,,1762.399815357921
2024-05-08 03:00:00,,1748.052083420962
2024-05-08 04:00:00,,1739.715505002721
2024-05-08 05:00:00,,1730.257388147789
2024-05-08 06:00:00,,1724.0160920490337
2024-05-08 07:00:00,,1715.8111787144255
2024-05-08 08:00:00,,1714.4767433893473
2024-05-08 09:00:00,,1726.1036900307136
2024-05-08 10:00:00,,1723.3316257523752
2024-05-08 11:00:00,,1721.8027861888963
2024-05-08 12:00:00,,1739.825272205509
2024-05-08 13:00:00,,1745.4035290533636
2024-05-08 14:00:00,,1755.2699579804832
2024-05-08 15:00:00,,1769.6262104003226
2024-05-08 16:00:00,,1805.2938325009773
2024-05-08 17:00:00,,1913.5206728187889
2024-05-08 18:00:00,,2125.6176428058357
2024-05-08 19:00:00,,2780.901864485877
2024-05-08 20:00:00,,3882.506338385966
2024-05-08 21:00:00,,4556.697111230527
2024-05-08 22:00:00,,4661.104257151788
2024-05-08 23:00:00,,4340.679229005569
2024-05-09 00:00:00,,4018.192765948671
2024-05-09 01:00:00,,3776.8695901033007
2024-05-09 02:00:00,,3575.1935633326448
2024-05-09 03:00:00,,3425.9174794322903
2024-05-09 04:00:00,,3330.2329364543452
2024-05-09 05:00:00,,3281.7134729545564
2024-05-09 06:00:00,,3230.442293506984
2024-05-09 07:00:00,,3161.83860036184
2024-05-09 08:00:00,,3116.262195304258
2024-05-09 09:00:00,,3140.234831449434
2024-05-09 10:00:00,,3335.715573740063
2024-05-09 11:00:00,,3432.627727122004
2024-05-09 12:00:00,,3408.6227753589997
2024-05-09 13:00:00,,3403.8561433964132
2024-05-09 14:00:00,,3411.082555742688
2024-05-09 15:00:00,,3424.3218857016195
2024-05-09 16:00:00,,3437.757839152192
2024-05-09 17:00:00,,3423.8607050436494
2024-05-09 18:00:00,,3428.3303635096695
2024-05-09 19:00:00,,3398.1489271458695
2024-05-09 20:00:00,,3352.520184631178
2024-05-09 21:00:00,,3286.5844669880753
2024-05-09 22:00:00,,3207.4985590010324
2024-05-09 23:00:00,,3143.742321487252
2024-05-10 00:00:00,,3078.2999097066377
2024-05-10 01:00:00,,2994.579074805512
2024-05-10 02:00:00,,2944.3112715985126
2024-05-10 03:00:00,,2897.4659658553937
2024-05-10 04:00:00,,2846.333015958927
2024-05-10 05:00:00,,2794.2020246041548
2024-05-10 06:00:00,,2744.1375462229785
2024-05-10 07:00:00,,2706.621185573324
2024-05-10 08:00:00,,2672.371953468592
2024-05-10 09:00:00,,2637.8252875724297
2024-05-10 10:00:00,,2606.3507456594257
2024-05-10 11:00:00,,2570.1936579900807
2024-05-10 12:00:00,,2540.2361114598643
2024-05-10 13:00:00,,2498.775809596548
2024-05-10 14:00:00,,2472.312224075269
2024-05-10 15:00:00,,2426.4057243107704
2024-05-10 16:00:00,,2403.48241175946
2024-05-10 17:00:00,,2374.773799979198
2024-05-10 18:00:00,,2344.1677646765957
2024-05-10 19:00:00,,2309.0970861401283
2024-05-10 20:00:00,,2142.3210677975803
2024-05-10 21:00:00,,2108.0724783817927
2024-05-10 22:00:00,,2090.770270880465
2024-05-10 23:00:00,,2064.6693207250155
2024-05-11 00:00:00,,2061.3818365816323
2024-05-11 01:00:00,,2035.5694280586783
2024-05-11 02:00:00,,2014.7914988279158
2024-05-11 03:00:00,,1987.2694542517054
2024-05-11 04:00:00,,1981.6853014995822
2024-05-11 05:00:00,,1960.0000328685112
2024-05-11 06:00:00,,1949.9932936177852
2024-05-11 07:00:00,,1927.1584888268458
2024-05-11 08:00:00,,1916.2996809337023
2024-05-11 09:00:00,,1893.4726498336909
2024-05-11 10:00:00,,1877.1757583065669
2024-05-11 11:00:00,,1856.9293870992967
2024-05-11 12:00:00,,1845.2065401492403
2024-05-11 13:00:00,,1828.5963402786492
2024-05-11 14:00:00,,1811.5946791854421
2024-05-11 15:00:00,,1796.7468605335848
2024-05-11 16:00:00,,1778.4363062307846
2024-05-11 17:00:00,,1779.0777658367226
2024-05-11 18:00:00,,1760.8543147799187
2024-05-11 19:00:00,,1750.7163592715542
2024-05-11 20:00:00,,1734.5150330955155
2024-05-11 21:00:00,,1722.1523862845793
2024-05-11 22:00:00,,1705.4645164408234
2024-05-11 23:00:00,,1691.4437767485383
2024-05-12 00:00:00,,1676.615050975666
2024-05-12 01:00:00,,1661.3731830512004
2024-05-12 02:00:00,,1645.318606254355
2024-05-12 03:00:00,,1637.8895466488061
2024-05-12 04:00:00,,1623.170899309147
2024-05-12 05:00:00,,1605.1452593183094
2024-05-12 06:00:00,,1590.7268544891112
2024-05-12 07:00:00,,1574.4494303201882
2024-05-12 08:00:00,,1568.1528165947575
2024-05-12 09:00:00,,1556.123955893839
2024-05-12 10:00:00,,1536.893459184949
2024-05-12 11:00:00,,1527.665824755834
2024-05-12 12:00:00,,1510.6725755252398
2024-05-12 13:00:00,,1497.8785200144632
2024-05-12 14:00:00,,1488.4119591007532
2024-05-12 15:00:00,,1479.8090034303912
2024-05-12 16:00:00,,1470.167136656104
2024-05-12 17:00:00,,1463.1590805895303
2024-05-12 18:00:00,,1454.6374603379481
2024-05-12 19:00:00,,1446.4185898452013
2024-05-12 20:00:00,,1432.3480325323378
2024-05-12 21:00:00,,1422.6259388238727
2024-05-12 22:00:00,,1411.169100322268
2024-05-12 23:00:00,,1397.1951221942352
2024-05-13 00:00:00,,1396.4042311176327
2024-05-13 01:00:00,,1380.606163952857
2024-05-13 02:00:00,,1373.3835708916142
2024-05-13 03:00:00,,1365.3611456952856
2024-05-13 04:00:00,,1352.9752525454592
2024-05-13 05:00:00,,1341.7230815566302
2024-05-13 06:00:00,,1333.1438128042828
2024-05-13 07:00:00,,1326.0606547357102
2024-05-13 08:00:00,,1318.5727477718642
2024-05-13 09:00:00,,1306.9482916840138
2024-05-13 10:00:00,,1298.0330485902264
2024-05-13 11:00:00,,1292.2507307236613
2024-05-13 12:00:00,,1285.4030674072017
2024-05-13 13:00:00,,1277.1352802275496
2024-05-13 14:00:00,,1270.4288534889408
2024-05-13 15:00:00,,1261.039766314087
2024-05-13 16:00:00,,1260.4689838013903
2024-05-13 17:00:00,,1256.1374319908675
2024-05-13 18:00:00,,1248.8716696470508
2024-05-13 19:00:00,,1242.2092240356933
2024-05-13 20:00:00,,1237.5531040159049
2024-05-13 21:00:00,,1228.6396770977697
2024-05-13 22:00:00,,1221.7996555567242
2024-05-13 23:00:00,,1216.489302374296
2024-05-14 00:00:00,,1208.0839039440236
2024-05-14 01:00:00,,1203.3963584400424
2024-05-14 02:00:00,,1195.2751996728437
2024-05-14 03:00:00,,1188.9630322240444
2024-05-14 04:00:00,,1185.56933464407
2024-05-14 05:00:00,,1179.2762946614853
2024-05-14 06:00:00,,1170.9386474480036
2024-05-14 07:00:00,,1166.1714420762244
2024-05-14 08:00:00,,1162.0009075501484
2024-05-14 09:00:00,,1155.166777080412
2024-05-14 10:00:00,,1152.926904081695
2024-05-14 11:00:00,,1144.809777248855
2024-05-14 12:00:00,,1140.1218915804404
2024-05-14 13:00:00,,1135.4450502459026
2024-05-14 14:00:00,,1131.21006870495
2024-05-14 15:00:00,,1127.8163927334813
2024-05-14 16:00:00,,1126.385041205976
2024-05-14 17:00:00,,1127.4022833550214
2024-05-14 18:00:00,,1123.5668405350261
2024-05-14 19:00:00,,1118.17590164625
2024-05-14 20:00:00,,1114.6740332282898
2024-05-14 21:00:00,,1109.6086512763675
2024-05-14 22:00:00,,1106.0332430114304
2024-05-14 23:00:00,,1102.162925501638
2024-05-15 00:00:00,,1100.704580410261
2024-05-15 01:00:00,,1099.027599885548
2024-05-15 02:00:00,,1096.6699207078561
2024-05-15 03:00:00,,1093.2178014276085
2024-05-15 04:00:00,,1090.109079387902
2024-05-15 05:00:00,,1086.1422711868172
2024-05-15 06:00:00,,1083.5844066437346
2024-05-15 07:00:00,,1082.6359223223649
2024-05-15 08:00:00,,1082.3355056352223
2024-05-15 09:00:00,,1080.4564587477412
2024-05-15 10:00:00,,1079.1331693981595
2024-05-15 11:00:00,,1078.9177229337363
2024-05-15 12:00:00,,1075.2493243032025
2024-05-15 13:00:00,,1075.1602986826556
2024-05-15 14:00:00,,1078.5740207815638
2024-05-15 15:00:00,,1078.0628635260914
2024-05-15 16:00:00,,1078.6380443067897
2024-05-15 17:00:00,,1084.4952548148597
2024-05-15 18:00:00,,1092.2312998893667
2024-05-15 19:00:00,,1100.9955830597655
2024-05-15 20:00:00,,1110.137033796777
2024-05-15 21:00:00,,1122.550547097916
2024-05-15 22:00:00,,1128.145952644435
2024-05-15 23:00:00,,1132.1031647703242
2024-05-16 00:00:00,,1138.861939280917
2024-05-16 01:00:00,,1136.354805291536
2024-05-16 02:00:00,,1139.1493504806506
2024-05-16 03:00:00,,1141.1251498957324
2024-05-16 04:00:00,,1138.3115764228642
2024-05-16 05:00:00,,1139.4361828094127
2024-05-16 06:00:00,,1139.408364876281
2024-05-16 07:00:00,,1137.4509921898664
2024-05-16 08:00:00,,1133.2747083731101
2024-05-16 09:00:00,,1130.0729717318613
2024-05-16 10:00:00,,1124.9549917139584
2024-05-16 11:00:00,,1125.0464693589083
2024-05-16 12:00:00,,1125.0189625127066
2024-05-16 13:00:00,,1118.9818056704883
2024-05-16 14:00:00,,1116.258808486786
2024-05-16 15:00:00,,1115.464861314455
2024-05-16 16:00:00,,1117.0043756014118
2024-05-16 17:00:00,,1118.6571855887394
2024-05-16 18:00:00,,1120.0330927915884
2024-05-16 19:00:00,,1120.12054788428
2024-05-16 20:00:00,,1123.1138436927652
2024-05-16 21:00:00,,1127.379779335755
2024-05-16 22:00:00,,1123.605814983562
2024-05-16 23:00:00,,1122.928013905535
2024-05-17 00:00:00,,1124.8381512303279
2024-05-17 01:00:00,,1123.0702146963606
2024-05-17 02:00:00,,1123.8044431606388
2024-05-17 03:00:00,,1121.7335696986681
2024-05-17 04:00:00,,1117.8924905866932
2024-05-17 05:00:00,,1111.9079406595063
2024-05-17 06:00:00,,1110.5761085104407
2024-05-17 07:00:00,,1108.802638079049
2024-05-17 08:00:00,,1106.783866822325
2024-05-17 09:00:00,,1103.7893914631916
2024-05-17 10:00:00,,1100.6211825514004
2024-05-17 11:00:00,,1097.5527205422923
2024-05-17 12:00:00,,1092.5378149895812
2024-05-17 13:00:00,,1089.789497657898
2024-05-17 14:00:00,,1087.8325674696341
2024-05-17 15:00:00,,1085.1506811973427
2024-05-17 16:00:00,,1082.140750626349
2024-05-17 17:00:00,,1080.0020013326161
2024-05-17 18:00:00,,1078.4969880152464
2024-05-17 19:00:00,,1077.658453125764
2024-05-17 20:00:00,,1076.6476957743375
2024-05-17 21:00:00,,1076.1719750051159
2024-05-17 22:00:00,,1075.8009404383404
2024-05-17 23:00:00,,1074.3270401588466
2024-05-18 00:00:00,,1072.2391769544233
2024-05-18 01:00:00,,1071.8124266539348
2024-05-18 02:00:00,,1069.165450586928
2024-05-18 03:00:00,,1069.3562016745109
2024-05-18 04:00:00,,1065.3397614933406
2024-05-18 05:00:00,,1061.9676094625402
2024-05-18 06:00:00,,1059.999979144546
2024-05-18 07:00:00,,1058.1055147419713
2024-05-18 08:00:00,,1056.6620997752732
2024-05-18 09:00:00,,1054.9236870145735
2024-05-18 10:00:00,,1054.1040141723931
2024-05-18 11:00:00,,1049.0499434308244
2024-05-18 12:00:00,,1048.3910145249638
2024-05-18 13:00:00,,1047.32422313073
2024-05-18 14:00:00,,1042.2112351187675
2024-05-18 15:00:00,,1043.8243765692075
2024-05-18 16:00:00,,1040.8956995170536
2024-05-18 17:00:00,,1039.947565276514
2024-05-18 18:00:00,,1035.8831561700754
2024-05-18 19:00:00,,1037.1238026791807
2024-05-18 20:00:00,,1036.9902124997036
2024-05-18 21:00:00,,1035.6105870361212
2024-05-18 22:00:00,,1035.5846144585807
2024-05-18 23:00:00,,1035.7761968229072
2024-05-19 00:00:00,,1034.1850313890989
2024-05-19 01:00:00,,1034.3603198909946
2024-05-19 02:00:00,,1031.1467185151491
2024-05-19 03:00:00,,1029.8499258646966
2024-05-19 04:00:00,,1024.7712981714237
2024-05-19 05:00:00,,1029.401950541162
2024-05-19 06:00:00,,1032.5488003272833
2024-05-19 07:00:00,,1043.9205209330244
2024-05-19 08:00:00,,1047.8214907971087
2024-05-19 09:00:00,,1051.1269406376775
2024-05-19 10:00:00,,1056.6123318477698
2024-05-19 11:00:00,,1059.5979966027767
2024-05-19 12:00:00,,1063.6601406187779
2024-05-19 13:00:00,,1074.4906879214486
2024-05-19 14:00:00,,1091.5279355096525
2024-05-19 15:00:00,,1122.8967000004693
2024-05-19 16:00:00,,1139.2697906688416
2024-05-19 17:00:00,,1158.1994708837785
2024-05-19 18:00:00,,1176.9811963754107
2024-05-19 19:00:00,,1195.754763963128
2024-05-19 20:00:00,,1206.7505761186137
2024-05-19 21:00:00,,1212.8305607203376
2024-05-19 22:00:00,,1214.420867782452
2024-05-19 23:00:00,,1215.553546610512
2024-05-20 00:00:00,,1227.1782664077614
2024-05-20 01:00:00,,1223.3418447865674
2024-05-20 02:00:00,,1231.9616780316126
2024-05-20 03:00:00,,1239.6834864356993
2024-05-20 04:00:00,,1242.645062544709
2024-05-20 05:00:00,,1234.6937309497341
2024-05-20 06:00:00,,1227.3966656610328
2024-05-20 07:00:00,,1225.6975097185675
2024-05-20 08:00:00,,1214.9489596545397
2024-05-20 09:00:00,,1100.320320483253
2024-05-20 10:00:00,,742.5875217678407
2024-05-20 11:00:00,,745.2859695029343
2024-05-20 12:00:00,,734.0456409713915
2024-05-20 13:00:00,,727.6408944635409
2024-05-20 14:00:00,,722.2369391809194
2024-05-20 15:00:00,,712.036043425725
2024-05-20 16:00:00,,704.0865326146221
2024-05-20 17:00:00,,701.4371532138687
2024-05-20 18:00:00,,697.1538684657382
2024-05-20 19:00:00,,695.0790513762187
2024-05-20 20:00:00,,695.7494292297819
2024-05-20 21:00:00,,695.7920394659077
2024-05-20 22:00:00,,697.4146538333176
2024-05-20 23:00:00,,699.8367247534819
2024-05-21 00:00:00,,699.0346016966969
2024-05-21 01:00:00,,702.4166223930858
2024-05-21 02:00:00,,706.1951192887067
2024-05-21 03:00:00,,715.3284238747516
2024-05-21 04:00:00,,724.8365433537602
2024-05-21 05:00:00,,722.7269611876139
2024-05-21 06:00:00,,728.8242053126052
2024-05-21 07:00:00,,735.8520132031271
2024-05-21 08:00:00,,743.047126259585
2024-05-21 09:00:00,,759.8269437614745
2024-05-21 10:00:00,,775.2548563341852
2024-05-21 11:00:00,,783.8640768361429
2024-05-21 12:00:00,,789.300813403515
2024-05-21 13:00:00,,789.9640499140085
2024-05-21 14:00:00,,790.5813868603194
2024-05-21 15:00:00,,801.0280576009418
2024-05-21 16:00:00,,805.7201227534982
2024-05-21 17:00:00,,806.6708250100603
2024-05-21 18:00:00,,890.2151111836646
2024-05-21 19:00:00,,916.8694275272346
2024-05-21 20:00:00,,951.938372417884
2024-05-21 21:00:00,,1009.1295052387233
2024-05-21 22:00:00,,1078.368509062648
2024-05-21 23:00:00,,1130.2235994857733
2024-05-22 00:00:00,,1163.4574009623805
2024-05-22 01:00:00,,1178.3779175155378
2024-05-22 02:00:00,,1191.016543034822
2024-05-22 03:00:00,,1207.9787267064237
2024-05-22 04:00:00,,1232.173036793536
2024-05-22 05:00:00,,1251.1722919906588
2024-05-22 06:00:00,,1254.056901570322
2024-05-22 07:00:00,,1241.7049767601404
2024-05-22 08:00:00,,1252.5358251836467
2024-05-22 09:00:00,,1240.0310509081976
2024-05-22 10:00:00,,1234.1144874427948
2024-05-22 11:00:00,,1233.0537399895697
2024-05-22 12:00:00,,1227.502284637585
2024-05-22 13:00:00,,1225.1395686177073
2024-05-22 14:00:00,,1216.621422480016
2024-05-22 15:00:00,,1214.1851029689174
2024-05-22 16:00:00,,1230.4699468532376
2024-05-22 17:00:00,,1263.161611029251
2024-05-22 18:00:00,,1272.414127971699
2024-05-22 19:00:00,,1284.8549115030237
2024-05-22 20:00:00,,1286.6074224041365
2024-05-22 21:00:00,,1276.7143417879638
2024-05-22 22:00:00,,1268.3245789343869
2024-05-22 23:00:00,,1254.3639829510864
2024-05-23 00:00:00,,1246.3049695900852
2024-05-23 01:00:00,,1236.3803641519817
2024-05-23 02:00:00,,1216.8463386747076
2024-05-23 03:00:00,,1197.9049360173767
2024-05-23 04:00:00,,1183.9582297715572
2024-05-23 05:00:00,,1165.382276277884
2024-05-23 06:00:00,,1148.5374439445375
2024-05-23 07:00:00,,1128.0099149384898
2024-05-23 08:00:00,,1115.4746576180257
2024-05-23 09:00:00,,1099.8616154597082
2024-05-23 10:00:00,,1083.1702198551002
2024-05-23 11:00:00,,1066.537000780245
2024-05-23 12:00:00,,1042.0972426786282
2024-05-23 13:00:00,,1025.5128476785537
2024-05-23 14:00:00,,1013.3186790525735
2024-05-23 15:00:00,,995.9368962407215
2024-05-23 16:00:00,,978.8412038337405
2024-05-23 17:00:00,,966.5851797247446
2024-05-23 18:00:00,,947.0729915737202
2024-05-23 19:00:00,,933.0171997001895
2024-05-23 20:00:00,,918.181942685104
2024-05-23 21:00:00,,908.7053817837566
2024-05-23 22:00:00,,899.6735446070973
2024-05-23 23:00:00,,894.6642475084267
2024-05-24 00:00:00,,889.2990394778161
2024-05-24 01:00:00,,883.234576920458
2024-05-24 02:00:00,,857.3501288844769
2024-05-24 03:00:00,,805.5557605114823
2024-05-24 04:00:00,,795.1220041420135
2024-05-24 05:00:00,,790.8088968478675
2024-05-24 06:00:00,,782.4563870122103
2024-05-24 07:00:00,,778.9632146186262
2024-05-24 08:00:00,,774.2336536467081
2024-05-24 09:00:00,,772.0044612895055
2024-05-24 10:00:00,,766.7016260095155
2024-05-24 11:00:00,,739.120283590563
2024-05-24 12:00:00,,735.0180756562095
2024-05-24 13:00:00,,731.6094960033641
2024-05-24 14:00:00,,725.2592777529447
2024-05-24 15:00:00,,724.9388143459888
2024-05-24 16:00:00,,720.6201282261756
2024-05-24 17:00:00,,719.1173696719741
2024-05-24 18:00:00,,714.6354376318167
2024-05-24 19:00:00,,710.8598724130028
2024-05-24 20:00:00,,709.5725258279699
2024-05-24 21:00:00,,704.5811914853587
2024-05-24 22:00:00,,701.5368717668235
2024-05-24 23:00:00,,699.658037169575
2024-05-25 00:00:00,,697.3021453116205
2024-05-25 01:00:00,,693.4300215514504
2024-05-25 02:00:00,,689.2856781199328
2024-05-25 03:00:00,,687.7005981232555
2024-05-25 04:00:00,,685.2088330808396
2024-05-25 05:00:00,,682.5478936696653
2024-05-25 06:00:00,,681.40344092586
2024-05-25 07:00:00,,677.2941294162512
2024-05-25 08:00:00,,674.5605629362615
2024-05-25 09:00:00,,682.6600951809834
2024-05-25 10:00:00,,675.9032605775316
2024-05-25 11:00:00,,668.5325413328559
2024-05-25 12:00:00,,668.776221755926
2024-05-25 13:00:00,,666.7024261445102
2024-05-25 14:00:00,,665.4998824156344
2024-05-25 15:00:00,,665.0756984719437
2024-05-25 16:00:00,,662.0096051081738
2024-05-25 17:00:00,,660.3610310171018
2024-05-25 18:00:00,,657.5848406205341
2024-05-25 19:00:00,,658.106307196148
2024-05-25 20:00:00,,655.6200743182036
2024-05-25 21:00:00,,654.1078877298204
2024-05-25 22:00:00,,653.361948427938
2024-05-25 23:00:00,,651.9352231463726
2024-05-26 00:00:00,,650.1086642767068
2024-05-26 01:00:00,,649.1718691779776
2024-05-26 02:00:00,,648.9501844396354
2024-05-26 03:00:00,,645.7730231747495
2024-05-26 04:00:00,,646.2581046890979
2024-05-26 05:00:00,,644.4409514879934
2024-05-26 06:00:00,,644.2497725770519
2024-05-26 07:00:00,,642.2639273621452
2024-05-26 08:00:00,,641.391224355053
2024-05-26 09:00:00,,641.705176213179
2024-05-26 10:00:00,,640.4249261671996
2024-05-26 11:00:00,,638.8535963767737
2024-05-26 12:00:00,,636.1190033078337
2024-05-26 13:00:00,,636.1003998698054
2024-05-26 14:00:00,,634.2004428051602
2024-05-26 15:00:00,,632.9407532032072
2024-05-26 16:00:00,,633.1071973830085
2024-05-26 17:00:00,,632.3366162045289
2024-05-26 18:00:00,,630.3887108060877
2024-05-26 19:00:00,,627.7099808764295
2024-05-26 20:00:00,,627.3948602220722
2024-05-26 21:00:00,,626.6110634825126
2024-05-26 22:00:00,,627.3726699586334
2024-05-26 23:00:00,,625.9329361234993
2024-05-27 00:00:00,,624.9309256229205
2024-05-27 01:00:00,,623.9609761981861
2024-05-27 02:00:00,,622.8484159182333
2024-05-27 03:00:00,,622.7338086348474
2024-05-27 04:00:00,,622.4255429709366
2024-05-27 05:00:00,,621.8489899091549
2024-05-27 06:00:00,,620.866034822031
2024-05-27 07:00:00,,620.1558554258188
2024-05-27 08:00:00,,620.3243722511282
2024-05-27 09:00:00,,620.346075153708
2024-05-27 10:00:00,,621.5264118819434
2024-05-27 11:00:00,,621.6158234206705
2024-05-27 12:00:00,,620.4738492303893
2024-05-27 13:00:00,,621.7501798892703
2024-05-27 14:00:00,,620.5688286824587
2024-05-27 15:00:00,,620.4781410758693
2024-05-27 16:00:00,,622.385905696756
2024-05-27 17:00:00,,622.0985925261737
2024-05-27 18:00:00,,623.021362719129
2024-05-27 19:00:00,,623.4465167295884
2024-05-27 20:00:00,,628.1670462889243
2024-05-27 21:00:00,,632.3946736991857
2024-05-27 22:00:00,,637.1908782974006
2024-05-27 23:00:00,,639.9629824024111
2024-05-28 00:00:00,,643.454253202025
2024-05-28 01:00:00,,647.0073437953248
2024-05-28 02:00:00,,650.9800109791944
2024-05-28 03:00:00,,655.774034098663
2024-05-28 04:00:00,,666.847574055415
2024-05-28 05:00:00,,683.3383492420601
2024-05-28 06:00:00,,693.5694966781043
2024-05-28 07:00:00,,709.2063599858117
2024-05-28 08:00:00,,741.1784039693702
2024-05-28 09:00:00,,807.4438279069337
2024-05-28 10:00:00,,896.367224252956
2024-05-28 11:00:00,,942.1246820141266
2024-05-28 12:00:00,,1008.7854719320094
2024-05-28 13:00:00,,1138.6632525839223
2024-05-28 14:00:00,,1450.3345731711086
2024-05-28 15:00:00,,2072.4927699675563
2024-05-28 16:00:00,,2875.386813835044
2024-05-28 17:00:00,,4330.790107154601
2024-05-28 18:00:00,,7145.10380375164
2024-05-28 19:00:00,,9625.731160309822
2024-05-28 20:00:00,,9540.844575966901
2024-05-28 21:00:00,,9303.406183004012
2024-05-28 22:00:00,,9120.83293384449
2024-05-28 23:00:00,,8894.323553851276
2024-05-29 00:00:00,,8216.593610029313
2024-05-29 01:00:00,,7501.591527529257
2024-05-29 02:00:00,,6947.327905763691
2024-05-29 03:00:00,,6471.355293994295
2024-05-29 04:00:00,,6061.27827526557
2024-05-29 05:00:00,,5817.058530449633
2024-05-29 06:00:00,,5595.717598017352
2024-05-29 07:00:00,,5356.290318357022
2024-05-29 08:00:00,,5125.477779422536
2024-05-29 09:00:00,,5030.824246498478
2024-05-29 10:00:00,,5210.599773683713
2024-05-29 11:00:00,,5286.876808685383
2024-05-29 12:00:00,,5232.274084335719
2024-05-29 13:00:00,,5206.552306549701
2024-05-29 14:00:00,,5269.945116995129
2024-05-29 15:00:00,,5715.88532358693
2024-05-29 16:00:00,,6320.3273142613025
2024-05-29 17:00:00,,6111.900404981676
2024-05-29 18:00:00,,5789.873208060141
2024-05-29 19:00:00,,5596.866789409856
2024-05-29 20:00:00,,5351.0614447036705
2024-05-29 21:00:00,,5155.207931012637
2024-05-29 22:00:00,,4911.285243331394
2024-05-29 23:00:00,,4722.697099872077
2024-05-30 00:00:00,,4506.180011706005
2024-05-30 01:00:00,,4344.998184859419
2024-05-30 02:00:00,,4173.164610977518
2024-05-30 03:00:00,,4047.3559812097633
2024-05-30 04:00:00,,3929.3991357711548
2024-05-30 05:00:00,,3794.515457692079
2024-05-30 06:00:00,,3684.4248736957607
2024-05-30 07:00:00,,3584.010915567468
2024-05-30 08:00:00,,3476.479232473644
2024-05-30 09:00:00,,3381.160800315227
2024-05-30 10:00:00,,3275.2904322314666
2024-05-30 11:00:00,,3193.2147193930505
2024-05-30 12:00:00,,3119.041558630962
2024-05-30 13:00:00,,3050.479502611951
2024-05-30 14:00:00,,2994.4973808734844
2024-05-30 15:00:00,,2935.5890953036087
2024-05-30 16:00:00,,2891.403937447575
2024-05-30 17:00:00,,2826.487547358049
2024-05-30 18:00:00,,2780.276570670272
2024-05-30 19:00:00,,2731.90801048729
2024-05-30 20:00:00,,2683.0037106967993
2024-05-30 21:00:00,,2627.639910525668
2024-05-30 22:00:00,,2598.4071029615147
2024-05-30 23:00:00,,2549.126027011521
2024-05-31 00:00:00,,2504.037375220159
2024-05-31 01:00:00,,2453.6860034402066
2024-05-31 02:00:00,,2327.5513493236385
2024-05-31 03:00:00,,2274.491520704262
2024-05-31 04:00:00,,2231.6074351286907
2024-05-31 05:00:00,,2194.536203147917
2024-05-31 06:00:00,,2150.1576565651753
2024-05-31 07:00:00,,2083.859874911463
2024-05-31 08:00:00,,2043.963965666265
2024-05-31 09:00:00,,2032.7187777161162
2024-05-31 10:00:00,,1997.9055031281891
2024-05-31 11:00:00,,1982.6254726943262
2024-05-31 12:00:00,,1962.901259998
2024-05-31 13:00:00,,1946.3930780146832
2024-05-31 14:00:00,,1856.326127219043
2024-05-31 15:00:00,,1859.0548938364443
2024-05-31 16:00:00,,1917.9912241117433
2024-05-31 17:00:00,,2168.6095396865176
2024-05-31 18:00:00,,2330.3490613687213
2024-05-31 19:00:00,,2551.454297870161
2024-05-31 20:00:00,,2578.400932876173
2024-05-31 21:00:00,,2460.0463708118014
2024-05-31 22:00:00,,2336.3003593141575
2024-05-31 23:00:00,,2281.735172513496
2024-06-01 00:00:00,,2273.156398645953
2024-06-01 01:00:00,,2233.564238401382
2024-06-01 02:00:00,,2194.6480026161094
2024-06-01 03:00:00,,2147.866801310955
2024-06-01 04:00:00,,2081.8164791022277
2024-06-01 05:00:00,,2057.0323722761755
2024-06-01 06:00:00,,2029.086887926119
2024-06-01 07:00:00,,2027.4985393321904
2024-06-01 08:00:00,,2037.5943017058921
2024-06-01 09:00:00,,2040.0314212185922
2024-06-01 10:00:00,,2022.8534442501511
2024-06-01 11:00:00,,1990.6514589521255
2024-06-01 12:00:00,,1942.550669977835
2024-06-01 13:00:00,,1880.2445853013555
2024-06-01 14:00:00,,1855.3925324664472
2024-06-01 15:00:00,,1845.8719771414956
2024-06-01 16:00:00,,1819.078503562846
2024-06-01 17:00:00,,1799.3929900147089
2024-06-01 18:00:00,,1779.680548105645
2024-06-01 19:00:00,,1763.7342505361837
2024-06-01 20:00:00,,1746.1300019030969
2024-06-01 21:00:00,,1729.8568089052565
2024-06-01 22:00:00,,1852.7486742910107
2024-06-01 23:00:00,,2040.8615344232958
2024-06-02 00:00:00,,2018.2575472230558
2024-06-02 01:00:00,,1996.8437365559134
2024-06-02 02:00:00,,1985.121685502715
2024-06-02 03:00:00,,1956.7235882877815
2024-06-02 04:00:00,,1935.4935015688059
2024-06-02 05:00:00,,1909.504076286464
2024-06-02 06:00:00,,1894.137686895607
2024-06-02 07:00:00,,1872.7424149907738
2024-06-02 08:00:00,,1849.4705383700466
2024-06-02 09:00:00,,1838.2266412265487
2024-06-02 10:00:00,,1822.0935097599709
2024-06-02 11:00:00,,1803.9112779753787
2024-06-02 12:00:00,,1778.253719683403
2024-06-02 13:00:00,,1760.7584568792704
2024-06-02 14:00:00,,1708.9790473887904
2024-06-02 15:00:00,,2774.414041939362
2024-06-02 16:00:00,,3214.960687506042
2024-06-02 17:00:00,,2484.0185480804407
2024-06-02 18:00:00,,2465.779945276589
2024-06-02 19:00:00,,2452.959118240282
2024-06-02 20:00:00,,2445.032642551654
2024-06-02 21:00:00,,2433.255667703648
2024-06-02 22:00:00,,2416.9789454014285
2024-06-02 23:00:00,,2401.684886107307
2024-06-03 00:00:00,,2385.503951071958
2024-06-03 01:00:00,,2363.2419581685904
2024-06-03 02:00:00,,2359.511080331055
2024-06-03 03:00:00,,2336.320125130986
2024-06-03 04:00:00,,2323.602216231068
2024-06-03 05:00:00,,2306.189929662775
2024-06-03 06:00:00,,2277.924195957608
2024-06-03 07:00:00,,2264.231267690515
2024-06-03 08:00:00,,2251.1683169403686
2024-06-03 09:00:00,,2229.347848204571
2024-06-03 10:00:00,,2217.27036676328
2024-06-03 11:00:00,,2210.6932283432966
2024-06-03 12:00:00,,2187.848322548817
2024-06-03 13:00:00,,2186.785422262306
2024-06-03 14:00:00,,2167.221047787383
2024-06-03 15:00:00,,2158.0306481675034
2024-06-03 16:00:00,,2148.2417006026376
2024-06-03 17:00:00,,2133.8545085037276
2024-06-03 18:00:00,,2119.5458872612435
2024-06-03 19:00:00,,2113.9311615609854
2024-06-03 20:00:00,,2094.6537676202774
2024-06-03 21:00:00,,2077.274129832566
2024-06-03 22:00:00,,2072.048047092392
2024-06-03 23:00:00,,2058.73337421559
2024-06-04 00:00:00,,2043.30618286404
2024-06-04 01:00:00,,2046.4300282668794
2024-06-04 02:00:00,,2031.0095292249935
2024-06-04 03:00:00,,2030.1193966952583
2024-06-04 04:00:00,,2026.0572623774763
2024-06-04 05:00:00,,2037.8374749158388
2024-06-04 06:00:00,,2028.3360464995562
2024-06-04 07:00:00,,2026.9012867823644
2024-06-04 08:00:00,,2033.2026066761669
2024-06-04 09:00:00,,2031.5506106717598
2024-06-04 10:00:00,,2274.860452358794
2024-06-04 11:00:00,,2468.2216118641954
2024-06-04 12:00:00,,2068.728373078712
2024-06-04 13:00:00,,2075.2280660855617
2024-06-04 14:00:00,,2089.914690396086
2024-06-04 15:00:00,,2121.422666241777
2024-06-04 16:00:00,,2151.4521962860917
2024-06-04 17:00:00,,2178.6522480306844
2024-06-04 18:00:00,,2246.37027111357
2024-06-04 19:00:00,,2347.2015426236917
2024-06-04 20:00:00,,2457.1567519205805
2024-06-04 21:00:00,,2662.905406216588
2024-06-04 22:00:00,,3312.9485605142168
2024-06-04 23:00:00,,5025.566590839248
2024-06-05 00:00:00,,6960.665687826871
2024-06-05 01:00:00,,8582.001778459204
2024-06-05 02:00:00,,9210.309031558825
2024-06-05 03:00:00,,9208.978436712367
2024-06-05 04:00:00,,9182.795086859116
2024-06-05 05:00:00,,9150.779192315065
2024-06-05 06:00:00,,9126.427870687485
2024-06-05 07:00:00,,9099.891482565881
2024-06-05 08:00:00,,9067.869431521909
2024-06-05 09:00:00,,9040.736607153225
2024-06-05 10:00:00,,9025.268630750541
2024-06-05 11:00:00,,9002.26470720655
2024-06-05 12:00:00,,8994.80908463376
2024-06-05 13:00:00,,8996.477246362836
2024-06-05 14:00:00,,8990.0813551739
2024-06-05 15:00:00,,8987.782227859063
2024-06-05 16:00:00,,6435.843303313893
2024-06-05 17:00:00,,5924.973967135249
2024-06-05 18:00:00,,6202.55659614745
2024-06-05 19:00:00,,6342.347300428914
2024-06-05 20:00:00,,6269.811609249253
2024-06-05 21:00:00,,6178.257548325063
2024-06-05 22:00:00,,5903.526997383739
2024-06-05 23:00:00,,5662.847346246326
2024-06-06 00:00:00,,5545.789791312372
2024-06-06 01:00:00,,5696.218980435834
2024-06-06 02:00:00,,5947.335799108045
2024-06-06 03:00:00,,6354.970725113541
2024-06-06 04:00:00,,6663.3339244630415
2024-06-06 05:00:00,,6657.146376070391
2024-06-06 06:00:00,,6620.74440379323
2024-06-06 07:00:00,,6867.764063148118
2024-06-06 08:00:00,,7728.347025177508
2024-06-06 09:00:00,,8295.52655218033
2024-06-06 10:00:00,,8280.464761488964
2024-06-06 11:00:00,,8059.324829502668
2024-06-06 12:00:00,,7002.548141079243
2024-06-06 13:00:00,,6899.917836577277
2024-06-06 14:00:00,,7148.12354776752
2024-06-06 15:00:00,,8047.444791838513
2024-06-06 16:00:00,,8596.477348333467
2024-06-06 17:00:00,,8681.187299650854
2024-06-06 18:00:00,,8693.64919063383
2024-06-06 19:00:00,,8663.995091987998
2024-06-06 20:00:00,,8648.029293020772
2024-06-06 21:00:00,,8656.132700053999
2024-06-06 22:00:00,,8676.873842867015
2024-06-06 23:00:00,,8703.280244605772
2024-06-07 00:00:00,,8711.569917719196
2024-06-07 01:00:00,,8708.22268173571
2024-06-07 02:00:00,,8690.902336646062
2024-06-07 03:00:00,,8669.889898302237
2024-06-07 04:00:00,,8647.756603511963
2024-06-07 05:00:00,,8621.637671115262
2024-06-07 06:00:00,,8394.087761328434
2024-06-07 07:00:00,,7327.069585299875
2024-06-07 08:00:00,,7610.287300036971
2024-06-07 09:00:00,,8193.41832506184
2024-06-07 10:00:00,,8690.229685456074
2024-06-07 11:00:00,,8877.047079074906
2024-06-07 12:00:00,,8851.29335698705
2024-06-07 13:00:00,,8856.649140176823
2024-06-07 14:00:00,,8859.594414827576
2024-06-07 15:00:00,,8859.661010341699
2024-06-07 16:00:00,,8857.103724318195
2024-06-07 17:00:00,,8856.110803618283
2024-06-07 18:00:00,,8814.282506842177
2024-06-07 19:00:00,,8795.358308063365
2024-06-07 20:00:00,,8775.53200998485
2024-06-07 21:00:00,,8756.861346164851
2024-06-07 22:00:00,,8743.282365032595
2024-06-07 23:00:00,,8731.570522252434
2024-06-08 00:00:00,,8720.41225072795
2024-06-08 01:00:00,,8715.40344770173
2024-06-08 02:00:00,,8699.874912484458
2024-06-08 03:00:00,,8698.420275012966
2024-06-08 04:00:00,,8692.300922098391
2024-06-08 05:00:00,,8688.058363991888
2024-06-08 06:00:00,,8684.305183028335
2024-06-08 07:00:00,,8680.07248914155
2024-06-08 08:00:00,,8671.785767036174
2024-06-08 09:00:00,,8705.772025772332
2024-06-08 10:00:00,,8708.175994873978
2024-06-08 11:00:00,,8704.60266754217
2024-06-08 12:00:00,,8595.941800138542
2024-06-08 13:00:00,,5619.739124282937
2024-06-08 14:00:00,,5774.897356601944
2024-06-08 15:00:00,,6053.998664462591
2024-06-08 16:00:00,,6583.49336155849
2024-06-08 17:00:00,,7489.998639451321
2024-06-08 18:00:00,,8390.148268365334
2024-06-08 19:00:00,,8414.02686028932
2024-06-08 20:00:00,,8428.433566468428
2024-06-08 21:00:00,,8452.896478928846
2024-06-08 22:00:00,,8484.418314838284
2024-06-08 23:00:00,,10179.548198844941
2024-06-09 00:00:00,,11255.301871017786
2024-06-09 01:00:00,,11563.309065127083
2024-06-09 02:00:00,,12032.540501118337
2024-06-09 03:00:00,,11744.661631045246
2024-06-09 04:00:00,,11093.792963965718
2024-06-09 05:00:00,,10632.27523378208
2024-06-09 06:00:00,,10292.120793558106
2024-06-09 07:00:00,,9959.516760289082
2024-06-09 08:00:00,,9536.271323927687
2024-06-09 09:00:00,,9252.703579346267
2024-06-09 10:00:00,,8830.04718806873
2024-06-09 11:00:00,,8334.953486077748
2024-06-09 12:00:00,,8172.114660870205
2024-06-09 13:00:00,,8192.675143643279
2024-06-09 14:00:00,,8344.315207758287
2024-06-09 15:00:00,,8138.612582317892
2024-06-09 16:00:00,,8027.053458905699
2024-06-09 17:00:00,,8198.42330293702
2024-06-09 18:00:00,,8174.6383654448455
2024-06-09 19:00:00,,8220.577919943082
2024-06-09 20:00:00,,8032.206154653389
2024-06-09 21:00:00,,8194.898682354406
2024-06-09 22:00:00,,8870.780617504355
2024-06-09 23:00:00,,9131.112531804287
2024-06-10 00:00:00,,10029.782740699859
2024-06-10 01:00:00,,10529.212983245146
2024-06-10 02:00:00,,10299.45683172403
2024-06-10 03:00:00,,10246.597057496783
2024-06-10 04:00:00,,10231.231899308212
2024-06-10 05:00:00,,10212.682815081009
2024-06-10 06:00:00,,10197.5979881496
2024-06-10 07:00:00,,10179.644785954932
2024-06-10 08:00:00,,10172.453585897683
2024-06-10 09:00:00,,10146.125922234876
2024-06-10 10:00:00,,10152.470211370128
2024-06-10 11:00:00,,9730.45436970647
2024-06-10 12:00:00,,8854.767416018805
2024-06-10 13:00:00,,8892.690801772593
2024-06-15 16:00:00,,3855.733733838303
2024-06-15 17:00:00,,3855.726164004353
2024-06-16 12:00:00,,3418.621950195496
2024-06-16 13:00:00,,3402.8692450282674
2024-06-16 14:00:00,,3385.469119933641
2024-06-16 15:00:00,,3391.3506465473847
2024-06-16 16:00:00,,3398.944982719237
2024-06-16 17:00:00,,3402.5408786785033
2024-06-16 18:00:00,,3432.761111117493
2024-06-16 19:00:00,,3500.834991061764
2024-06-16 20:00:00,,3683.5063093516983
2024-06-16 21:00:00,,4039.698199460612
2024-06-16 22:00:00,,4412.585199672959
2024-06-16 23:00:00,,4542.945969936773
2024-06-17 00:00:00,,4524.373890984091
2024-06-17 01:00:00,,4519.618105641026
2024-06-17 02:00:00,,4482.053607478472
2024-06-17 03:00:00,,4445.57160101561
2024-06-17 04:00:00,,4402.091949968634
2024-06-17 05:00:00,,4374.369846815187
2024-06-17 06:00:00,,4352.12952386
2024-06-17 07:00:00,,4350.827375771406
2024-06-17 08:00:00,,4207.128210746716
2024-06-17 09:00:00,,4124.10695070008
2024-06-17 10:00:00,,4295.601962645573
2024-06-17 11:00:00,,4630.023640759418
2024-06-17 12:00:00,,4658.656438746057
2024-06-17 13:00:00,,4567.80819282186
2024-06-17 14:00:00,,4516.3827819596945
2024-06-17 15:00:00,,4513.429589155918
2024-06-17 16:00:00,,4476.331782685433
2024-06-17 17:00:00,,4458.904720228768
2024-06-17 18:00:00,,4455.373519918447
2024-06-17 19:00:00,,4453.882861649901
2024-06-17 20:00:00,,4452.388961156928
2024-06-17 21:00:00,,4460.139134994623
2024-06-17 22:00:00,,4401.903466796769
2024-06-17 23:00:00,,3985.927902638968
2024-06-18 00:00:00,,3937.0036219809745
2024-06-18 01:00:00,,3897.851888334384
2024-06-18 02:00:00,,3885.627559577534
2024-06-18 03:00:00,,3902.4241395998
2024-06-18 04:00:00,,3940.990247094624
2024-06-18 05:00:00,,4047.812487955475
2024-06-18 06:00:00,,4183.637749479158
2024-06-18 07:00:00,,4272.722204468358
2024-06-18 08:00:00,,4238.920367978745
2024-06-18 09:00:00,,4156.881430956353
2024-06-18 10:00:00,,4072.6633519161783
2024-06-18 11:00:00,,3993.7019630585346
2024-06-18 12:00:00,,3965.4391988830002
2024-06-18 13:00:00,,3927.1371477925927
2024-06-18 14:00:00,,3901.59762885261
2024-06-18 15:00:00,,3862.7204256638206
2024-06-18 16:00:00,,3836.133142961085
2024-06-18 17:00:00,,3781.612971281522
2024-06-18 18:00:00,,3750.591616296161
2024-06-18 19:00:00,,3708.679946850343
2024-06-18 20:00:00,,3673.409335038187
2024-06-18 21:00:00,,3638.041640422088
2024-06-18 22:00:00,,3610.76594910086
2024-06-18 23:00:00,,3574.376527882321
2024-06-19 00:00:00,,3535.145373208384
2024-06-19 01:00:00,,3494.2597201463777
2024-06-19 02:00:00,,3457.7904670566127
2024-06-19 03:00:00,,3448.0699623527935
2024-06-19 04:00:00,,3444.1145196434286
2024-06-19 05:00:00,,3403.621141891612
2024-06-19 06:00:00,,3371.0898759955744
2024-06-19 07:00:00,,3340.821561460602
2024-06-19 08:00:00,,3313.9773034409327
2024-06-19 09:00:00,,3296.799734758023
2024-06-19 10:00:00,,3274.4093632116674
2024-06-19 11:00:00,,3255.9864011922186
2024-06-19 12:00:00,,3220.3302235163324
2024-06-19 13:00:00,,3194.7490726835035
2024-06-19 14:00:00,,3166.1536676808414
2024-06-19 15:00:00,,3147.7948289343235
2024-06-19 16:00:00,,3122.3220705778213
2024-06-19 17:00:00,,3072.2511183585816
2024-06-19 18:00:00,,3050.5308474798794
2024-06-19 19:00:00,,3017.613696733131
2024-06-19 20:00:00,,2984.874084138004
2024-06-19 21:00:00,,2926.4695322962993
2024-06-19 22:00:00,,2918.6766503574804
2024-06-19 23:00:00,,2899.5841472927646
2024-06-20 00:00:00,,2878.485237959091
2024-06-20 01:00:00,,2863.1321852489223
2024-06-20 02:00:00,,2843.892559681121
2024-06-20 03:00:00,,2821.750396511659
2024-06-20 04:00:00,,2812.1377268754395
2024-06-20 05:00:00,,2796.559564305459
2024-06-20 06:00:00,,2783.1708903623694
2024-06-20 07:00:00,,2768.756499517987
2024-06-20 08:00:00,,2758.5706801885585
2024-06-20 09:00:00,,2739.777376530642
2024-06-20 10:00:00,,2726.978379814723
2024-06-20 11:00:00,,2715.2376953851285
2024-06-20 12:00:00,,2693.4471207876145
2024-06-20 13:00:00,,2676.5722373761555
2024-06-20 14:00:00,,2666.943062903879
2024-06-20 15:00:00,,2643.1947862805496
2024-06-20 16:00:00,,2629.534463371428
2024-06-20 17:00:00,,2610.3059208547834
2024-06-20 18:00:00,,2600.373628053548
2024-06-20 19:00:00,,2592.9146049630735
2024-06-20 20:00:00,,2591.911895473175
2024-06-20 21:00:00,,2597.379724482671
2024-06-20 22:00:00,,2597.402750459461
2024-06-20 23:00:00,,2581.012460552301
2024-06-21 00:00:00,,2566.4897136870854
2024-06-21 01:00:00,,2553.127306242356
2024-06-21 02:00:00,,2535.0093208368676
2024-06-21 03:00:00,,2534.4450697612883
2024-06-21 04:00:00,,2548.0073459021687
2024-06-21 05:00:00,,2535.3460725670516
2024-06-21 06:00:00,,2520.3790883844613
2024-06-21 07:00:00,,2514.6530430138537
2024-06-21 08:00:00,,2495.177616525103
2024-06-21 09:00:00,,2444.7523463215857
2024-06-21 10:00:00,,2423.341565131422
2024-06-21 11:00:00,,2416.446039267422
2024-06-21 12:00:00,,2422.950565166688
2024-06-21 13:00:00,,2422.977294897281
2024-06-21 14:00:00,,2421.5487837974392
2024-06-21 15:00:00,,2433.4186950094604
2024-06-21 16:00:00,,2467.3392961241575
2024-06-21 17:00:00,,2465.261718378941
2024-06-21 18:00:00,,2461.5578328116453
2024-06-21 19:00:00,,2456.7852444042223
2024-06-21 20:00:00,,2444.7317350437684
2024-06-21 21:00:00,,2436.8750484131087
2024-06-21 22:00:00,,2413.3766033850593
2024-06-21 23:00:00,,2405.5687203514462
2024-06-22 00:00:00,,2393.572785812968
2024-06-22 01:00:00,,2386.0666729096174
2024-06-22 02:00:00,,2371.4840743802724
2024-06-22 03:00:00,,2357.2924446978764
2024-06-22 04:00:00,,2338.821014128908
2024-06-22 05:00:00,,2331.048764629973
2024-06-22 06:00:00,,2323.7779417676293
2024-06-22 07:00:00,,2312.543509633003
2024-06-22 08:00:00,,2297.041383498838
2024-06-22 09:00:00,,2282.174409340536
2024-06-22 10:00:00,,2272.572272640821
2024-06-22 11:00:00,,2268.465415106978
2024-06-22 12:00:00,,2255.0240625463125
2024-06-22 13:00:00,,2246.001425776207
2024-06-22 14:00:00,,2240.59655323953
2024-06-22 15:00:00,,2231.660643211469
2024-06-22 16:00:00,,2222.916255702195
2024-06-22 17:00:00,,2215.7506028088087
2024-06-22 18:00:00,,2214.6426854179444
2024-06-22 19:00:00,,2204.245128891524
2024-06-22 20:00:00,,2194.796744514165
2024-06-22 21:00:00,,2175.306669050578
2024-06-22 22:00:00,,2168.6865656336895
2024-06-22 23:00:00,,2158.145251522217
2024-06-23 00:00:00,,2156.4873158284913
2024-06-23 01:00:00,,2148.1282513542774
2024-06-23 02:00:00,,2140.0073509210147
2024-06-23 03:00:00,,2124.1799260269095
2024-06-23 04:00:00,,2116.861335957577
2024-06-23 05:00:00,,2101.998093871237
2024-06-23 06:00:00,,2097.097448148568
2024-06-23 07:00:00,,2086.1681479861654
2024-06-23 08:00:00,,2079.366212525005
2024-06-23 09:00:00,,2073.9802542944917
2024-06-23 10:00:00,,2065.2399814798137
2024-06-23 11:00:00,,2208.628660279549
2024-06-23 12:00:00,,2443.14902317459
2024-06-23 13:00:00,,2436.3084631696806
2024-06-23 14:00:00,,2060.2414194721273
2024-06-23 15:00:00,,1882.2435612550032
2024-06-23 16:00:00,,1879.0530712109642
2024-06-23 17:00:00,,1880.3311637135494
2024-06-23 18:00:00,,1875.6009188807584
2024-06-23 19:00:00,,1864.876231659914
2024-06-23 20:00:00,,1863.5597542154712
2024-06-23 21:00:00,,1852.4101261905437
2024-06-23 22:00:00,,1843.6735912638173
2024-06-23 23:00:00,,1841.8553326659796
2024-06-24 00:00:00,,1842.8726819990086
2024-06-24 01:00:00,,1836.8457418705116
2024-06-24 02:00:00,,1822.130213765164
2024-06-24 03:00:00,,1817.530731521729
2024-06-24 04:00:00,,1811.1289004316347
2024-06-24 05:00:00,,1800.540972068518
2024-06-24 06:00:00,,1795.702000990969
2024-06-24 07:00:00,,1786.0790659439924
2024-06-24 08:00:00,,1781.2851794300457
2024-06-24 09:00:00,,1769.2285882610115
2024-06-24 10:00:00,,1770.8957533598111
2024-06-24 11:00:00,,1767.817999022529
2024-06-24 12:00:00,,1764.542893688067
2024-06-24 13:00:00,,1757.7955827475048
2024-06-24 14:00:00,,1750.8256200287003
2024-06-24 15:00:00,,1748.2462879078096
2024-06-24 16:00:00,,1745.2970973748113
2024-06-24 17:00:00,,1743.8800927693856
2024-06-24 18:00:00,,1748.6901404297716
2024-06-24 19:00:00,,1742.109643085889
2024-06-24 20:00:00,,1743.6430882707764
2024-06-24 21:00:00,,1734.0991279215843
2024-06-24 22:00:00,,1735.7915661388693
2024-06-24 23:00:00,,1739.1201514871905
2024-06-25 00:00:00,,1755.7655823447826
2024-06-25 01:00:00,,1759.357449137321
2024-06-25 02:00:00,,1784.4409753530642
2024-06-25 03:00:00,,1817.4749203609053
2024-06-25 04:00:00,,1864.055725962226
2024-06-25 05:00:00,,1912.2538697319237
2024-06-25 06:00:00,,2018.888217614956
2024-06-25 07:00:00,,2187.246481427635
2024-06-25 08:00:00,,2297.393644118487
2024-06-25 09:00:00,,2374.8174637759794
2024-06-25 10:00:00,,2404.4652519689325
2024-06-25 11:00:00,,2417.511428192899
2024-06-25 12:00:00,,2453.3493471504694
2024-06-25 13:00:00,,2501.0913654062697
2024-06-25 14:00:00,,2572.907658488207
2024-06-25 15:00:00,,2681.06724184684
2024-06-25 16:00:00,,3050.760439828589
2024-06-25 17:00:00,,4033.1987809966085
2024-06-25 18:00:00,,6161.189714786191
2024-06-25 19:00:00,,8378.558050854579
2024-06-25 20:00:00,,10317.064524623971
2024-06-25 21:00:00,,12646.02820139457
2024-06-25 22:00:00,,14549.110367369269
2024-06-25 23:00:00,,13995.490172416836
2024-06-26 00:00:00,,12421.895250753938
2024-06-26 01:00:00,,11233.290438045413
2024-06-26 02:00:00,,10255.85708525754
2024-06-26 03:00:00,,9849.11983332194
2024-06-26 04:00:00,,9790.0802306531
2024-06-26 05:00:00,,9750.66441546102
2024-06-26 06:00:00,,9722.301664739412
2024-06-26 07:00:00,,9704.21815001628
2024-06-26 08:00:00,,9693.538532066603
2024-06-26 09:00:00,,9668.437897351596
2024-06-26 10:00:00,,9651.252292063677
2024-06-26 11:00:00,,9635.959212275515
2024-06-26 12:00:00,,9619.788506957711
2024-06-26 13:00:00,,9616.310847388248
2024-06-26 14:00:00,,9639.055773273698
2024-06-26 15:00:00,,9653.215993650734
2024-06-26 16:00:00,,7281.825143146904
2024-06-26 17:00:00,,7868.158765583984
2024-06-26 18:00:00,,8742.957798943064
2024-06-26 19:00:00,,9815.882566382252
2024-06-26 20:00:00,,10988.144847602589
2024-06-26 21:00:00,,10433.546712225512
2024-06-26 22:00:00,,10033.626879985453
2024-06-26 23:00:00,,9689.76721963297
2024-06-27 00:00:00,,9611.740313341497
2024-06-27 01:00:00,,9420.270517005834
2024-06-27 02:00:00,,9707.689444596774
2024-06-27 03:00:00,,9788.532568499826
2024-06-27 04:00:00,,9859.32477060277
2024-06-27 05:00:00,,9845.680397267713
2024-06-27 06:00:00,,9831.696017811508
2024-06-27 07:00:00,,9817.104828876425
2024-06-27 08:00:00,,9805.782522489888
2024-06-27 09:00:00,,9781.391267042063
2024-06-27 10:00:00,,9764.141231893182
2024-06-27 11:00:00,,9750.522194664973
2024-06-27 12:00:00,,9745.751808791452
2024-06-27 13:00:00,,9045.071931803366
2024-06-27 14:00:00,,7129.552535063531
2024-06-27 15:00:00,,7687.522293302807
2024-06-27 16:00:00,,7543.337353935252
2024-06-27 17:00:00,,7635.9657634641635
2024-06-27 18:00:00,,7649.214177423719
2024-06-27 19:00:00,,7648.5882277597575
2024-06-27 20:00:00,,7648.189762622351
2024-06-27 21:00:00,,7646.264672307054
2024-06-27 22:00:00,,7646.289815079292
2024-06-27 23:00:00,,7645.924221289488
2024-06-28 00:00:00,,7645.539331125094
2024-06-28 01:00:00,,7645.972165384154
2024-06-28 02:00:00,,7645.294595423614
2024-06-28 03:00:00,,7644.009788550375
2024-06-28 04:00:00,,7643.745228123779
2024-06-28 05:00:00,,6768.175204278182
2024-06-28 06:00:00,,6192.724899160714
2024-06-28 07:00:00,,6193.264921792926
2024-06-28 08:00:00,,6191.861542200319
2024-06-28 09:00:00,,5881.941472181048
2024-06-28 10:00:00,,5788.646801907799
2024-06-28 11:00:00,,5788.075114235594
2024-06-28 12:00:00,,5791.224850003366
2024-06-28 13:00:00,,5807.002388030456
2024-06-28 14:00:00,,5806.606598683738
2024-06-28 15:00:00,,5815.076230448107
2024-06-28 16:00:00,,5818.307607209816
2024-06-28 17:00:00,,5819.581276187022
2024-06-28 18:00:00,,5820.127967148334
2024-06-28 19:00:00,,5820.6473216527675
2024-06-28 20:00:00,,5820.441546378338
2024-06-28 21:00:00,,5819.794417826197
2024-06-28 22:00:00,,5819.616869054702
2024-06-28 23:00:00,,5819.421002325676
2024-06-29 00:00:00,,5818.868200391477
2024-06-29 01:00:00,,5819.317308799593
2024-06-29 02:00:00,,5819.637282074829
2024-06-29 03:00:00,,5818.387225709412
2024-06-29 04:00:00,,5817.976134093778
2024-06-29 05:00:00,,5816.870708816004
2024-06-29 06:00:00,,5816.793522924993
2024-06-29 07:00:00,,5173.853078981415
2024-06-29 08:00:00,,4306.969224132808
2024-06-29 09:00:00,,4259.423186558333
2024-06-29 10:00:00,,4226.554517564681
2024-06-29 11:00:00,,4188.795635648835
2024-06-29 12:00:00,,4122.4202700454825
2024-06-29 13:00:00,,4090.1837266212633
2024-06-29 14:00:00,,4065.2816929913706
2024-06-29 15:00:00,,4070.605037169663
2024-06-29 16:00:00,,4091.55656280372
2024-06-29 17:00:00,,4118.676713820076
2024-06-29 18:00:00,,4140.840863693982
2024-06-29 19:00:00,,4148.297306456151
2024-06-29 20:00:00,,4168.978587877198
2024-06-29 21:00:00,,4196.9142559561715
2024-06-29 22:00:00,,4323.840342477819
2024-06-29 23:00:00,,4671.768496817758
2024-06-30 00:00:00,,5194.972958768182
2024-06-30 01:00:00,,5741.373230967825
2024-06-30 02:00:00,,6334.642979913526
2024-06-30 03:00:00,,6998.005615723875
2024-06-30 04:00:00,,7027.556280268551
2024-06-30 05:00:00,,8657.590676317213
2024-06-30 06:00:00,,9914.193720757903
2024-06-30 07:00:00,,9966.36402800635
2024-06-30 08:00:00,,9978.593250031312
2024-06-30 09:00:00,,9977.91514277338
2024-06-30 10:00:00,,9975.948878369984
2024-06-30 11:00:00,,9974.981799278894
2024-06-30 12:00:00,,9975.409428377872
2024-06-30 13:00:00,,9973.46206366239
2024-06-30 14:00:00,,9972.94454162551
2024-06-30 15:00:00,,8982.639774332163
2024-06-30 16:00:00,,6660.762080987091
2024-06-30 17:00:00,,6613.755460566399
2024-06-30 18:00:00,,6612.729461145834
2024-06-30 19:00:00,,6612.347932539605
2024-06-30 20:00:00,,6612.000802478592
2024-06-30 21:00:00,,6465.714371335291
2024-06-30 22:00:00,,6215.208380694485
2024-06-30 23:00:00,,6215.052048346739
2024-07-01 00:00:00,,6214.01248389373
2024-07-01 01:00:00,,5881.483352021442
2024-07-01 02:00:00,,5674.918747774684
2024-07-01 03:00:00,,5615.89554940667
2024-07-01 04:00:00,,5652.5693467742885
2024-07-01 05:00:00,,5736.711854259451
2024-07-01 06:00:00,,5822.776649303435
2024-07-01 07:00:00,,5970.738876095129
2024-07-01 08:00:00,,5931.479975853176
2024-07-01 09:00:00,,5926.956287837128
2024-07-01 10:00:00,,5926.809496770903
2024-07-01 11:00:00,,5923.867065379631
2024-07-01 12:00:00,,5919.296075778386
2024-07-01 13:00:00,,5918.736869571013
2024-07-01 14:00:00,,5917.903831708443
2024-07-01 15:00:00,,5914.503606947102
2024-07-01 16:00:00,,5913.342603458072
2024-07-01 17:00:00,,5912.362706473887
2024-07-01 18:00:00,,5912.788821519239
2024-07-01 19:00:00,,5910.5447976550395
2024-07-01 20:00:00,,5910.199406025931
2024-07-01 21:00:00,,5910.40449674555
2024-07-01 22:00:00,,5908.782209384432
2024-07-01 23:00:00,,5909.061444935759
2024-07-02 00:00:00,,5908.411489609617
2024-07-02 01:00:00,,5907.879382563691
2024-07-02 02:00:00,,5907.938227593172
2024-07-02 03:00:00,,5908.227572471368
2024-07-02 04:00:00,,5907.125951475869
2024-07-02 05:00:00,,5906.856584166814
2024-07-02 06:00:00,,5906.512004042736
2024-07-02 07:00:00,,5906.362986154314
2024-07-02 08:00:00,,5905.672999145624
2024-07-02 09:00:00,,5905.39715650532
2024-07-02 10:00:00,,5905.392566236328
2024-07-02 11:00:00,,5905.411521363491
2024-07-02 12:00:00,,5905.060312070551
2024-07-02 13:00:00,,5759.6399543326315
2024-07-02 14:00:00,,4169.706022484619
2024-07-02 15:00:00,,4098.037198863483
2024-07-02 16:00:00,,4094.3828005987607
2024-07-02 17:00:00,,4065.499818669342
2024-07-02 18:00:00,,4033.7941063872663
2024-07-02 19:00:00,,4031.5521401504734
2024-07-02 20:00:00,,4052.2241102401968
2024-07-02 21:00:00,,4164.971446495592
2024-07-02 22:00:00,,4250.444420449321
2024-07-02 23:00:00,,4306.555806985732
2024-07-03 00:00:00,,4342.491694910839
2024-07-03 01:00:00,,4612.290508844753
2024-07-03 02:00:00,,5254.2958752832255
2024-07-03 03:00:00,,6112.320531895619
2024-07-03 04:00:00,,6560.9132140965785
2024-07-03 05:00:00,,6483.26780678185
2024-07-03 06:00:00,,6480.794087401415
2024-07-03 07:00:00,,6479.290530361153
2024-07-03 08:00:00,,6478.710927792598
2024-07-03 09:00:00,,6382.133560334985
2024-07-03 10:00:00,,5095.94726906124
2024-07-03 11:00:00,,4894.4588398645565
2024-07-03 12:00:00,,4807.09534090797
2024-07-03 13:00:00,,4721.493585372098
2024-07-03 14:00:00,,4648.997084469448
2024-07-03 15:00:00,,4563.170813316887
2024-07-03 16:00:00,,4464.364567897653
2024-07-03 17:00:00,,4388.0101095470145
2024-07-03 18:00:00,,4317.914465472819
2024-07-03 19:00:00,,4276.408035174719
2024-07-03 20:00:00,,4212.612963465194
2024-07-03 21:00:00,,4167.279487655786
2024-07-03 22:00:00,,4104.873362677523
2024-07-03 23:00:00,,4064.724197367116
2024-07-04 00:00:00,,4010.6298964166385
2024-07-04 01:00:00,,3974.5624673988827
2024-07-04 02:00:00,,3926.9900551880555
2024-07-04 03:00:00,,3870.447575724931
2024-07-04 04:00:00,,3879.394412678311
2024-07-04 05:00:00,,3888.2129491418946
2024-07-04 06:00:00,,3857.7152664324462
2024-07-04 07:00:00,,3805.169685395689
2024-07-04 08:00:00,,3759.7457253114544
2024-07-04 09:00:00,,3722.7929635602745
2024-07-04 10:00:00,,3700.842906814316
2024-07-04 11:00:00,,3662.7047054186573
2024-07-04 12:00:00,,3615.8008182523818
2024-07-04 13:00:00,,3581.0904227934006
2024-07-04 14:00:00,,3557.9889592980267
2024-07-04 15:00:00,,3543.7332127195746
2024-07-04 16:00:00,,3519.795208362619
2024-07-04 17:00:00,,3500.6329075447793
2024-07-04 18:00:00,,3465.6689819555095
2024-07-04 19:00:00,,3447.248454729059
2024-07-04 20:00:00,,3422.19690348391
2024-07-04 21:00:00,,3391.8791636884475
2024-07-04 22:00:00,,3377.321242610013
2024-07-04 23:00:00,,3346.039759884992
2024-07-05 00:00:00,,3310.9813548492994
2024-07-05 01:00:00,,3288.2269968773985
2024-07-05 02:00:00,,3256.0903408646072
2024-07-05 03:00:00,,3244.4960185905734
2024-07-05 04:00:00,,3233.8518613174983
2024-07-05 05:00:00,,3208.2788730503453
2024-07-05 06:00:00,,3191.906219943269
2024-07-05 07:00:00,,3162.6054000405065
2024-07-05 08:00:00,,3120.836921705115
2024-07-05 09:00:00,,3084.976812925522
2024-07-05 10:00:00,,3083.4567278025324
2024-07-05 11:00:00,,3057.960885786325
2024-07-05 12:00:00,,3033.824154697987
2024-07-05 13:00:00,,2999.715135047633
2024-07-05 14:00:00,,2984.2583653553747
2024-07-05 15:00:00,,2961.148106487205
2024-07-05 16:00:00,,2947.592877724178
2024-07-05 17:00:00,,2952.3854808754418
2024-07-05 18:00:00,,2931.9950682249423
2024-07-05 19:00:00,,2930.4078641152305
2024-07-05 20:00:00,,2946.0658667791035
2024-07-05 21:00:00,,2935.0641479290334
2024-07-05 22:00:00,,2888.8693920484275
2024-07-05 23:00:00,,2897.2717635626695
2024-07-06 00:00:00,,2882.7495178796657
2024-07-06 01:00:00,,2860.7826473625887
2024-07-06 02:00:00,,2846.436232482273
2024-07-06 03:00:00,,2830.888887633171
2024-07-06 04:00:00,,2809.4923645133676
2024-07-06 05:00:00,,2795.298094481545
2024-07-06 06:00:00,,2777.652217978962
2024-07-06 07:00:00,,2758.7754006370374
2024-07-06 08:00:00,,2737.0529667598043
2024-07-06 09:00:00,,2729.8040069056487
2024-07-06 10:00:00,,2714.43607927762
2024-07-06 11:00:00,,2694.527987310912
2024-07-06 12:00:00,,2680.4336111210423
2024-07-06 13:00:00,,2668.5725177074005
2024-07-06 14:00:00,,2665.0321657242775
2024-07-06 15:00:00,,2674.276852557961
2024-07-06 16:00:00,,2654.6965712190695
2024-07-06 17:00:00,,2658.1555011254222
2024-07-06 18:00:00,,2655.3615327704188
2024-07-06 19:00:00,,2641.8645400895116
2024-07-06 20:00:00,,2639.7297017302963
2024-07-06 21:00:00,,2628.500221348926
2024-07-06 22:00:00,,2634.8092890473336
2024-07-06 23:00:00,,2673.2348074372126
2024-07-07 00:00:00,,2625.4413393438253
2024-07-07 01:00:00,,2624.835026746308
2024-07-07 02:00:00,,2612.297729172761
2024-07-07 03:00:00,,2618.2051321401027
2024-07-07 04:00:00,,2627.247803512833
2024-07-07 05:00:00,,2637.9705267418726
2024-07-07 06:00:00,,2649.153351786732
2024-07-07 07:00:00,,2663.6954282519537
2024-07-07 08:00:00,,2673.780153292947
2024-07-07 09:00:00,,2691.484068348693
2024-07-07 10:00:00,,2695.9826875812473
2024-07-07 11:00:00,,2711.8466245622567
2024-07-07 12:00:00,,2708.504955699489
2024-07-07 13:00:00,,2723.7419609745334
2024-07-07 14:00:00,,2748.923390048254
2024-07-07 15:00:00,,2761.5011311887006
2024-07-07 16:00:00,,2807.3239177644564
2024-07-07 17:00:00,,2826.1024519482826
2024-07-07 18:00:00,,2847.020800021985
2024-07-07 19:00:00,,2859.2360306316564
2024-07-07 20:00:00,,2859.7345299824624
2024-07-07 21:00:00,,2865.418114034431
2024-07-07 22:00:00,,2855.6787480080775
2024-07-07 23:00:00,,2850.5269146772775
2024-07-08 00:00:00,,2846.0253442203743
2024-07-08 01:00:00,,2844.87437682033
2024-07-08 02:00:00,,2838.152265432361
2024-07-08 03:00:00,,2824.9817858399438
2024-07-08 04:00:00,,2810.686886571633
2024-07-08 05:00:00,,2801.38811387678
2024-07-08 06:00:00,,2790.5008821276992
2024-07-08 07:00:00,,2768.085849640597
2024-07-08 08:00:00,,2754.6328352997357
2024-07-08 09:00:00,,2744.002743507437
2024-07-08 10:00:00,,2732.2390317474533
2024-07-08 11:00:00,,2725.64180399672
2024-07-08 12:00:00,,2712.8765796550383
2024-07-08 13:00:00,,2712.1846409399473
2024-07-08 14:00:00,,2704.1624723518457
2024-07-08 15:00:00,,2698.837451866818
2024-07-08 16:00:00,,2693.750245410166
2024-07-09 07:00:00,,2578.0132723162337
2024-07-09 08:00:00,,2559.46188167216
2024-07-09 09:00:00,,2538.6385422727126
2024-07-09 10:00:00,,2520.6694728729117
2024-07-09 11:00:00,,2503.6413349409063
2024-07-09 12:00:00,,2508.9444731289873
2024-07-09 13:00:00,,2483.35310138048
2024-07-09 14:00:00,,2480.343769900502
2024-07-09 15:00:00,,2498.541991532992
2024-07-09 16:00:00,,2448.6349444575208
2024-07-09 17:00:00,,2436.765932173969
2024-07-09 18:00:00,,2433.187696821688
2024-07-09 19:00:00,,2426.502976071904
2024-07-09 20:00:00,,2414.647047157536
2024-07-09 21:00:00,,2401.522327384038
2024-07-09 22:00:00,,2392.457738941805
2024-07-09 23:00:00,,2385.9160553690112
2024-07-10 00:00:00,,2375.338472544433
2024-07-10 01:00:00,,2364.3132141043525
2024-07-10 02:00:00,,2357.262433725918
2024-07-10 03:00:00,,2349.5472058933356
2024-07-10 04:00:00,,2340.4877128654443
2024-07-10 05:00:00,,2330.8885154261075
2024-07-10 06:00:00,,2319.5492651769327
2024-07-10 07:00:00,,2315.3342816703403
2024-07-10 08:00:00,,2307.3097038393416
2024-07-10 09:00:00,,2302.6889691227443
2024-07-10 10:00:00,,2303.320639918907
2024-07-10 11:00:00,,2300.1479061102305
2024-07-10 12:00:00,,2294.798601929378
2024-07-10 13:00:00,,2287.9494794662087
2024-07-10 14:00:00,,2274.986108476043
2024-07-10 15:00:00,,2275.585602035403
2024-07-10 16:00:00,,2277.6490224153913
2024-07-10 17:00:00,,2270.761809924276
2024-07-10 18:00:00,,2275.9564561951747
2024-07-10 19:00:00,,2267.7264985400384
2024-07-10 20:00:00,,2266.8280739723427
2024-07-10 21:00:00,,2259.3889038010725
2024-07-10 22:00:00,,2258.0897829272485
2024-07-10 23:00:00,,2246.5503638234213
2024-07-11 00:00:00,,2244.441261726625
2024-07-11 01:00:00,,2235.7608920524062
2024-07-11 02:00:00,,2237.195099892966
2024-07-11 03:00:00,,2226.9894841463465
2024-07-11 04:00:00,,2219.868264341612
2024-07-11 05:00:00,,2211.768817205328
2024-07-11 06:00:00,,2198.2464009736445
2024-07-11 07:00:00,,2187.769309532822
2024-07-11 08:00:00,,2183.7608418455325
2024-07-11 09:00:00,,2174.9945408452063
2024-07-11 10:00:00,,2168.901088975693
2024-07-11 11:00:00,,2161.219404162724
2024-07-11 12:00:00,,2156.2198051106384
2024-07-11 13:00:00,,2140.379736938363
2024-07-11 14:00:00,,2138.251522308211
2024-07-11 15:00:00,,2132.625915429992
2024-07-11 16:00:00,,2123.8873299269376
2024-07-11 17:00:00,,2122.286534457537
2024-07-11 18:00:00,,2112.825526678373
2024-07-11 19:00:00,,2107.564262749552
2024-07-11 20:00:00,,2104.8907689793286
2024-07-11 21:00:00,,2097.0008329856996
2024-07-11 22:00:00,,2088.41909490097
2024-07-11 23:00:00,,2082.9325253564502
2024-07-12 00:00:00,,2090.027628403481
2024-07-12 01:00:00,,2075.230006832647
2024-07-12 02:00:00,,2070.8356141438244
2024-07-12 03:00:00,,2070.9392385011124
2024-07-12 04:00:00,,2063.845750931357
2024-07-12 05:00:00,,2056.5980887933365
2024-07-12 06:00:00,,2051.6222556242064
2024-07-12 07:00:00,,2043.8959397469885
2024-07-12 08:00:00,,2044.1394527393713
2024-07-12 09:00:00,,2037.5005451044076
2024-07-12 10:00:00,,2027.4591077451582
2024-07-12 11:00:00,,2020.0651164595147
2024-07-12 12:00:00,,2021.7026528094395
2024-07-12 13:00:00,,2016.7359084498107
2024-07-12 14:00:00,,2009.7516690450727
2024-07-12 15:00:00,,2008.4561248924433
2024-07-12 16:00:00,,2003.3353544484612
2024-07-12 17:00:00,,1999.459176282808
2024-07-12 18:00:00,,2002.0642148982927
2024-07-12 19:00:00,,1999.806589413373
2024-07-12 20:00:00,,1997.7103132618038
2024-07-12 21:00:00,,1991.554965845967
2024-07-12 22:00:00,,1999.5001038830965
2024-07-12 23:00:00,,1998.7032982022233
2024-07-13 00:00:00,,1995.681075593915
2024-07-13 01:00:00,,1996.4142801443866
2024-07-13 02:00:00,,1995.2104311045446
2024-07-13 03:00:00,,2001.9308506608752
2024-07-13 04:00:00,,1994.702268744627
2024-07-13 05:00:00,,2000.7822507472863
2024-07-13 06:00:00,,1995.342515295506
2024-07-13 07:00:00,,1998.5785729870317
2024-07-13 08:00:00,,2004.8323953487047
2024-07-13 09:00:00,,1995.6533376097339
2024-07-13 10:00:00,,2000.7499453801424
2024-07-13 11:00:00,,2000.091176600011
2024-07-13 12:00:00,,1997.9106253629302
2024-07-13 13:00:00,,2007.474792389887
2024-07-13 14:00:00,,2012.3742794437883
2024-07-13 15:00:00,,2011.71368265186
2024-07-13 16:00:00,,2021.3529396906295
2024-07-13 17:00:00,,2038.8366369203113
2024-07-13 18:00:00,,2051.3606652062967
2024-07-13 19:00:00,,2065.5739795634495
2024-07-13 20:00:00,,2083.890311473151
2024-07-13 21:00:00,,2100.458656148747
2024-07-13 22:00:00,,2116.0691496653662
2024-07-13 23:00:00,,2125.439368884209
2024-07-14 00:00:00,,2132.0067278224715
2024-07-14 01:00:00,,2137.8657782856144
2024-07-14 02:00:00,,2139.720799012364
2024-07-14 03:00:00,,2138.8589064753537
2024-07-14 04:00:00,,2144.9466155131845
2024-07-14 05:00:00,,2144.6709007871473
2024-07-14 06:00:00,,2150.3126160178385
2024-07-14 07:00:00,,2145.7468104732297
2024-07-14 08:00:00,,2142.8431247955546
2024-07-14 09:00:00,,2149.181877212795
2024-07-14 10:00:00,,2145.5069876480225
2024-07-14 11:00:00,,2143.3403592978816
2024-07-14 12:00:00,,2136.483437026443
2024-07-14 13:00:00,,2139.2813598100824
2024-07-14 14:00:00,,2134.3143344567347
2024-07-14 15:00:00,,2127.5686957209687
2024-07-14 16:00:00,,2123.3530866218816
2024-07-14 17:00:00,,2125.6443217236974
2024-07-14 18:00:00,,2124.1737394424113
2024-07-14 19:00:00,,2130.0390411736685
2024-07-14 20:00:00,,2131.5805668188545
2024-07-14 21:00:00,,2125.6320330545923
2024-07-14 22:00:00,,2121.0496954797145
2024-07-14 23:00:00,,2128.1167639463188
2024-07-15 00:00:00,,2126.4099178529996
2024-07-15 01:00:00,,2121.0051389918995
2024-07-15 02:00:00,,2118.838103153716
2024-07-15 03:00:00,,2123.497794489797
2024-07-15 04:00:00,,2120.8794420468544
2024-07-15 05:00:00,,2124.3726071723113
2024-07-15 06:00:00,,2121.0194491552343
2024-07-15 07:00:00,,2128.747298887766
2024-07-15 08:00:00,,2133.7648039259257
2024-07-15 09:00:00,,2163.8905313632386
2024-07-15 10:00:00,,2222.3974135646617
2024-07-15 11:00:00,,2270.8074273396237
2024-07-15 12:00:00,,2329.5755332682465
2024-07-15 13:00:00,,2343.0328593038594
2024-07-15 14:00:00,,2403.2210334473575
2024-07-15 15:00:00,,2549.173429407851
2024-07-15 16:00:00,,2750.2207259737656
2024-07-15 17:00:00,,3044.484547863482
2024-07-15 18:00:00,,3447.4319213467356
2024-07-15 19:00:00,,3841.6087585550904
2024-07-15 20:00:00,,4116.428538982529
2024-07-15 21:00:00,,4289.1722132264795
2024-07-15 22:00:00,,4449.481754643467
2024-07-15 23:00:00,,4524.202953517582
2024-07-16 00:00:00,,4519.6663578495245
2024-07-16 01:00:00,,4519.35805830016
2024-07-16 02:00:00,,4520.464661853174
2024-07-16 03:00:00,,4519.998837552941
2024-07-16 04:00:00,,4519.308203366284
2024-07-16 05:00:00,,4518.955189097545
2024-07-16 06:00:00,,4511.835659618194
2024-07-16 07:00:00,,4492.396916586651
2024-07-16 08:00:00,,4492.171022465391
2024-07-16 09:00:00,,4492.036518177905
2024-07-16 10:00:00,,4491.7223298783865
2024-07-16 11:00:00,,4491.545078546223
2024-07-16 12:00:00,,4490.88749755097
2024-07-16 13:00:00,,4490.165110202981
2024-07-16 14:00:00,,4489.832337169079
2024-07-16 15:00:00,,4489.244941824098
2024-07-16 16:00:00,,4489.684298861684
2024-07-16 17:00:00,,4489.052472377067
2024-07-16 18:00:00,,4489.210010674964
2024-07-16 19:00:00,,4488.337143171111
2024-07-16 20:00:00,,4488.515036296201
2024-07-16 21:00:00,,4487.758791924782
2024-07-16 22:00:00,,4487.311869294053
2024-07-16 23:00:00,,4487.441986506256
2024-07-17 00:00:00,,4486.589867850871
2024-07-17 01:00:00,,4486.941545490244
2024-07-17 02:00:00,,4486.4799642302205
2024-07-17 03:00:00,,4486.203627826024
2024-07-17 04:00:00,,4485.84340172699
2024-07-17 05:00:00,,4485.973618818531
2024-07-17 06:00:00,,4236.611175972516
2024-07-17 07:00:00,,3327.3898755315186
2024-07-17 08:00:00,,3302.9346366972477
2024-07-17 09:00:00,,3334.7215110347283
2024-07-17 10:00:00,,3420.3352208769184
2024-07-17 11:00:00,,3609.057627854821
2024-07-17 12:00:00,,3869.4865366767835
2024-07-17 13:00:00,,4219.672610347497
2024-07-17 14:00:00,,4492.402958489318
2024-07-17 15:00:00,,4539.177418110139
2024-07-17 16:00:00,,4520.384837168342
2024-07-17 17:00:00,,4658.454574310495
2024-07-17 18:00:00,,5369.965954597043
2024-07-17 19:00:00,,6449.331951704691
2024-07-17 20:00:00,,6637.100402726834
2024-07-17 21:00:00,,7049.808282676862
2024-07-17 22:00:00,,7048.96670838168
2024-07-17 23:00:00,,7046.773270216748
2024-07-18 00:00:00,,7044.924487223388
2024-07-18 01:00:00,,7043.287385477021
2024-07-18 02:00:00,,7042.419571265571
2024-07-18 03:00:00,,7039.679045761482
2024-07-18 04:00:00,,6785.678096289959
2024-07-18 05:00:00,,5463.141347726315
2024-07-18 06:00:00,,5384.840017769803
2024-07-18 07:00:00,,5091.669649788854
2024-07-18 08:00:00,,5006.482377252821
2024-07-18 09:00:00,,4878.944173842574
2024-07-18 10:00:00,,4828.573055898803
2024-07-18 11:00:00,,4762.321310508087
2024-07-18 12:00:00,,4689.236463007149
2024-07-18 13:00:00,,4619.9922038283485
2024-07-18 14:00:00,,4524.5577869716635
2024-07-18 15:00:00,,4453.6983041112035
2024-07-18 16:00:00,,4346.227019316304
2024-07-18 17:00:00,,4305.699561871155
2024-07-18 18:00:00,,4242.351009079271
2024-07-18 19:00:00,,4192.287299704437
2024-07-18 20:00:00,,4177.664226697694
2024-07-18 21:00:00,,4175.383828016228
2024-07-18 22:00:00,,4174.316834071717
2024-07-18 23:00:00,,4174.5046285795715
2024-07-19 00:00:00,,4173.670572363455
2024-07-19 01:00:00,,4173.822364511051
2024-07-19 02:00:00,,4173.389911325519
2024-07-19 03:00:00,,4172.8052027016865
2024-07-19 04:00:00,,4172.591022821896
2024-07-19 05:00:00,,4172.426614876089
2024-07-19 06:00:00,,4171.9901509182155
2024-07-19 07:00:00,,4172.0592481634985
2024-07-19 08:00:00,,4171.720463271917
2024-07-19 09:00:00,,4172.087202545894
2024-07-19 10:00:00,,4171.884387718607
2024-07-19 11:00:00,,4171.272430378922
2024-07-19 12:00:00,,4171.414298710757
2024-07-19 13:00:00,,4171.026474976601
2024-07-19 14:00:00,,4170.662325616154
2024-07-19 15:00:00,,4169.854518323401
2024-07-19 16:00:00,,4170.2120550480595
2024-07-19 17:00:00,,4169.64379987405
2024-07-19 18:00:00,,4169.306815538118
2024-07-19 19:00:00,,4168.880883823379
2024-07-19 20:00:00,,4168.459955761662
2024-07-19 21:00:00,,4168.517557529048
2024-07-19 22:00:00,,4167.5863472994015
2024-07-19 23:00:00,,4167.623615007573
2024-07-20 00:00:00,,4167.495605815578
2024-07-20 01:00:00,,4167.645730130795
2024-07-20 02:00:00,,4166.898071960827
2024-07-20 03:00:00,,4166.421208162706
2024-07-20 04:00:00,,4166.551270601976
2024-07-20 05:00:00,,4165.922678028783
2024-07-20 06:00:00,,4165.645784833238
2024-07-20 07:00:00,,4165.659076768635
2024-07-20 08:00:00,,3092.1433290234927
2024-07-20 09:00:00,,2951.9939879083668
2024-07-20 10:00:00,,2930.272716573451
2024-07-20 11:00:00,,2934.426553906599
2024-07-20 12:00:00,,2924.538348360144
2024-07-20 13:00:00,,2918.5327990959345
2024-07-20 14:00:00,,2892.6750453909863
2024-07-20 15:00:00,,2882.623001927224
2024-07-20 16:00:00,,2868.717358104207
2024-07-20 17:00:00,,2848.6654514868014
2024-07-20 18:00:00,,2826.682527194711
2024-07-20 19:00:00,,2802.8530766730228
2024-07-20 20:00:00,,2798.213055398979
2024-07-20 21:00:00,,2789.086625358145
2024-07-20 22:00:00,,2782.645495021069
2024-07-20 23:00:00,,2754.0104960717877
2024-07-21 00:00:00,,2732.194502583883
2024-07-21 01:00:00,,2719.4674625051057
2024-07-21 02:00:00,,2713.243665610002
2024-07-21 03:00:00,,2694.689907730925
2024-07-21 04:00:00,,2667.6661717126226
2024-07-21 05:00:00,,2658.8733974741385
2024-07-21 06:00:00,,2652.458959365433
2024-07-21 07:00:00,,2642.9707095467525
2024-07-21 08:00:00,,2631.1312543898803
2024-07-21 09:00:00,,2623.5168416421975
2024-07-21 10:00:00,,2617.2725170513745
2024-07-21 11:00:00,,2621.1460063749623
2024-07-21 12:00:00,,2615.666046129547
2024-07-21 13:00:00,,2601.025906174958
2024-07-21 14:00:00,,2612.078057809613
2024-07-21 15:00:00,,2608.9263404681
2024-07-21 16:00:00,,2617.120693203317
2024-07-21 17:00:00,,2630.8620116403454
2024-07-21 18:00:00,,2654.1423405551254
2024-07-21 19:00:00,,2711.5719898297966
2024-07-21 20:00:00,,2791.3623401019045
2024-07-21 21:00:00,,2864.364126390609
2024-07-21 22:00:00,,2936.6548156725826
2024-07-21 23:00:00,,3028.9084266886844
2024-07-22 00:00:00,,3121.63093690073
2024-07-22 01:00:00,,3191.557675120082
2024-07-22 02:00:00,,3263.9788789251816
2024-07-22 03:00:00,,3322.9556199416743
2024-07-22 04:00:00,,3363.0843992801233
2024-07-22 05:00:00,,3369.095792074794
2024-07-22 06:00:00,,3371.4778898629575
2024-07-22 07:00:00,,3382.6583457092147
2024-07-22 08:00:00,,3384.0294408008517
2024-07-22 09:00:00,,3406.3510707116575
2024-07-22 10:00:00,,3416.9046821757474
2024-07-22 11:00:00,,3457.5171325995857
2024-07-22 12:00:00,,3492.4125014723295
2024-07-22 13:00:00,,3528.741922522138
2024-07-22 14:00:00,,3569.003805624868
2024-07-22 15:00:00,,3593.968293975917
2024-07-22 16:00:00,,3616.028844416398
2024-07-22 17:00:00,,3619.695742911286
2024-07-22 18:00:00,,3638.6805749374766
2024-07-22 19:00:00,,3661.35181469849
2024-07-22 20:00:00,,3685.899530731844
2024-07-22 21:00:00,,3677.992752302559
2024-07-22 22:00:00,,3683.6992791063667
2024-07-22 23:00:00,,3659.7687834473213
2024-07-23 00:00:00,,3641.695264348738
2024-07-23 01:00:00,,3619.278127609093
2024-07-23 02:00:00,,3596.1648876798167
2024-07-23 03:00:00,,3587.7942608137623
2024-07-23 04:00:00,,3560.0095966278877
2024-07-23 05:00:00,,3533.6705437020737
2024-07-23 06:00:00,,3493.672327216729
2024-07-23 07:00:00,,3473.4233861829935
2024-07-23 08:00:00,,3447.161527444742
2024-07-23 09:00:00,,3427.6320025228483
2024-07-23 10:00:00,,3411.8037380725077
2024-07-23 11:00:00,,3395.1160671566267
2024-07-23 12:00:00,,3375.828921392106
2024-07-23 13:00:00,,3344.055240670339
2024-07-23 14:00:00,,3322.9203475608533
2024-07-23 15:00:00,,3323.7688435484556
2024-07-23 16:00:00,,3312.1789013396365
2024-07-23 17:00:00,,3342.7530470564006
2024-07-23 18:00:00,,3377.148798308452
2024-07-23 19:00:00,,3409.7044020791122
2024-07-23 20:00:00,,3445.2674826559455
2024-07-23 21:00:00,,3466.4216218232227
2024-07-23 22:00:00,,3497.1832136615626
2024-07-23 23:00:00,,3521.184864857402
2024-07-24 00:00:00,,3546.2157974686406
2024-07-24 01:00:00,,3573.8381404037
2024-07-24 02:00:00,,3614.960213654098
2024-07-24 03:00:00,,3673.582588195673
2024-07-24 04:00:00,,3731.0842524290715
2024-07-24 05:00:00,,3770.1361003822685
2024-07-24 06:00:00,,3790.028711456413
2024-07-24 07:00:00,,3795.335170938224
2024-07-24 08:00:00,,3784.1959772271593
2024-07-24 09:00:00,,3841.6367406990275
2024-07-24 10:00:00,,3887.0554464066136
2024-07-24 11:00:00,,3874.6665602894386
2024-07-24 12:00:00,,3712.16085120809
2024-07-24 13:00:00,,3607.7301507907
2024-07-24 14:00:00,,3633.28708951999
2024-07-24 15:00:00,,3748.839756363765
2024-07-24 16:00:00,,3988.1487538003466
2024-07-24 17:00:00,,4674.5606879574025
2024-07-24 18:00:00,,5837.705090722511
2024-07-24 19:00:00,,7070.239425653501
2024-07-24 20:00:00,,8615.25559407729
2024-07-24 21:00:00,,11231.36277216008
2024-07-24 22:00:00,,13660.806369960532
2024-07-24 23:00:00,,14399.418418048468
2024-07-25 00:00:00,,13344.970616271661
2024-07-25 01:00:00,,11915.642305103653
2024-07-25 02:00:00,,10736.040641564578
2024-07-25 08:00:00,,9021.313673589097
2024-07-25 09:00:00,,8772.272857963504
2024-07-25 10:00:00,,8772.24523035808
2024-07-25 11:00:00,,7766.615742654516
2024-07-25 12:00:00,,7012.0252284712615
2024-07-25 13:00:00,,7001.298772851299
2024-07-25 14:00:00,,6513.758722097026
2024-07-25 15:00:00,,6344.206278806914
2024-07-25 16:00:00,,6223.157529118739
2024-07-25 17:00:00,,6128.430357743174
2024-07-25 18:00:00,,6012.917515978102
2024-07-25 19:00:00,,5892.600011215106
2024-07-25 20:00:00,,5823.119923750563
2024-07-25 21:00:00,,5911.969009688539
2024-07-25 22:00:00,,6055.235857968454
2024-07-25 23:00:00,,6394.208365395294
2024-07-26 00:00:00,,6578.493557803355
2024-07-26 01:00:00,,6844.640506649117
2024-07-26 02:00:00,,7090.061054166335
2024-07-26 03:00:00,,7149.393422440673
2024-07-26 04:00:00,,7345.831346367268
2024-07-26 05:00:00,,7292.083898094729
2024-07-26 06:00:00,,7230.216405587213
2024-07-26 07:00:00,,7230.311112744467
2024-07-26 08:00:00,,7163.189195129415
2024-07-26 09:00:00,,7142.605186211178
2024-07-26 10:00:00,,7524.468008258168
2024-07-26 11:00:00,,7624.124474647627
2024-07-26 12:00:00,,7638.670226982372
2024-07-26 13:00:00,,7496.517138428621
2024-07-26 14:00:00,,7414.115016633578
2024-07-26 15:00:00,,7160.141678536056
2024-07-26 16:00:00,,7157.0552520872025
2024-07-26 17:00:00,,7311.633562589048
2024-07-26 18:00:00,,8002.737921182832
2024-07-26 19:00:00,,8563.580727737604
2024-07-26 20:00:00,,8501.143911628862
2024-07-26 21:00:00,,7910.662150792843
2024-07-26 22:00:00,,7497.85242512725
2024-07-26 23:00:00,,7096.825440753904
2024-07-27 00:00:00,,6949.9712869398045
2024-07-27 01:00:00,,6789.381045598553
2024-07-27 02:00:00,,6767.671747771117
2024-07-27 03:00:00,,6693.394005906901
2024-07-27 04:00:00,,6601.3503528884685
2024-07-27 05:00:00,,6541.51093965617
2024-07-27 06:00:00,,6349.068581250927
2024-07-27 07:00:00,,6232.209179317144
2024-07-27 08:00:00,,6096.310355987275
2024-07-27 09:00:00,,5970.578230211117
2024-07-27 10:00:00,,5800.584101083058
2024-07-27 11:00:00,,5684.024965178434
2024-07-27 12:00:00,,5564.889536233493
2024-07-27 13:00:00,,5455.836980498596
2024-07-27 14:00:00,,5379.942331593535
2024-07-27 15:00:00,,5327.573023128568
2024-07-27 16:00:00,,5263.212937512548
2024-07-27 17:00:00,,5180.427546453953
2024-07-27 18:00:00,,5105.373946543777
2024-07-27 19:00:00,,5054.80202573423
2024-07-27 20:00:00,,5031.680255277765
2024-07-27 21:00:00,,4979.534906206111
2024-07-27 22:00:00,,4957.889962623778
2024-07-27 23:00:00,,4875.5861061749065
2024-07-28 00:00:00,,4844.840068041634
2024-07-28 01:00:00,,4784.221133904354
2024-07-28 02:00:00,,4754.822486053043
2024-07-28 03:00:00,,4700.0615103860055
2024-07-28 04:00:00,,4664.329425825327
2024-07-28 05:00:00,,4631.730071064911
2024-07-28 06:00:00,,4570.420988930776
2024-07-28 07:00:00,,4520.159467595119
2024-07-28 08:00:00,,4483.218959527866
2024-07-28 09:00:00,,4450.985401620646
2024-07-28 10:00:00,,4406.311701879532
2024-07-28 11:00:00,,4370.35412498029
2024-07-28 12:00:00,,4331.103195870032
2024-07-28 13:00:00,,4305.042076104004
2024-07-28 14:00:00,,4282.446308421343
2024-07-28 15:00:00,,4260.090602025536
2024-07-28 16:00:00,,4237.8398933727685
2024-07-28 17:00:00,,4207.79047108339
2024-07-28 18:00:00,,4182.855880686713
2024-07-28 19:00:00,,4159.381696076044
2024-07-28 20:00:00,,4131.1755210020265
2024-07-28 21:00:00,,4103.73803296313
2024-07-28 22:00:00,,4077.736199087444
2024-07-28 23:00:00,,4044.269134213217
2024-07-29 00:00:00,,4022.0311654708653
2024-07-29 01:00:00,,3994.6364063293295
2024-07-29 02:00:00,,3963.823292967705
2024-07-29 03:00:00,,3940.833419291998
2024-07-29 04:00:00,,3908.124493280447
2024-07-29 05:00:00,,3887.483616346507
2024-07-29 06:00:00,,3856.2320849680386
2024-07-29 07:00:00,,3851.434414953338
2024-07-29 08:00:00,,3833.106463619576
2024-07-29 09:00:00,,3803.0414988977045
2024-07-29 10:00:00,,3792.3460886400358
2024-07-29 11:00:00,,3745.864385432231
2024-07-29 12:00:00,,3729.1064044013247
2024-07-29 13:00:00,,3730.196773238928
2024-07-29 14:00:00,,3695.11780954034
2024-07-29 15:00:00,,3692.2461231515235
2024-07-29 16:00:00,,3676.4207490136882
2024-07-29 17:00:00,,3642.7508386218897
2024-07-29 18:00:00,,3627.9246331726517
2024-07-29 19:00:00,,3614.7303177457834
2024-07-29 20:00:00,,3552.134064300104
2024-07-29 21:00:00,,3540.579691079735
2024-07-29 22:00:00,,3512.9745113758
2024-07-29 23:00:00,,3536.9322055654734
2024-07-30 00:00:00,,3532.6818964299614
2024-07-30 01:00:00,,3493.059950918526
2024-07-30 02:00:00,,3438.5749334086886
2024-07-30 03:00:00,,3391.6901483963675
2024-07-30 04:00:00,,3400.430417227243
2024-07-30 05:00:00,,3355.500152323752
2024-07-30 06:00:00,,3353.7261217498494
2024-07-30 07:00:00,,3339.320483873502
2024-07-30 08:00:00,,3310.4760194047153
2024-07-30 09:00:00,,3158.6753847481027
2024-07-30 10:00:00,,3090.158491332924
2024-07-30 11:00:00,,3091.242886490536
2024-07-30 12:00:00,,3097.275967957947
2024-07-30 13:00:00,,3102.470703504048
2024-07-30 14:00:00,,3119.7599219721287
2024-07-30 15:00:00,,3135.8339775981326
2024-07-30 16:00:00,,3168.3643102836268
2024-07-30 17:00:00,,3192.5419930240228
2024-07-30 18:00:00,,3195.424158521226
2024-07-30 19:00:00,,3189.9679858810437
2024-07-30 20:00:00,,3188.5081862166794
2024-07-30 21:00:00,,3177.9975886359816
2024-07-30 22:00:00,,3176.4857529750925
2024-07-30 23:00:00,,3176.8447409363325
2024-07-31 00:00:00,,3198.925113208227
2024-07-31 01:00:00,,3199.730367220254
2024-07-31 02:00:00,,3208.2845131725257
2024-07-31 03:00:00,,3208.52956694441
2024-07-31 04:00:00,,3199.2388375430537
2024-07-31 05:00:00,,3193.9555891432096
2024-07-31 06:00:00,,3181.3777649736667
2024-07-31 07:00:00,,3173.3399806983402
2024-07-31 08:00:00,,3164.977463386966
2024-07-31 09:00:00,,3178.116546832567
2024-07-31 10:00:00,,3194.2294165600256
2024-07-31 11:00:00,,3228.0262183890486
2024-07-31 12:00:00,,3263.368659684004
2024-07-31 13:00:00,,3265.525811006234
2024-07-31 14:00:00,,3323.5854172789473
2024-07-31 15:00:00,,3500.517933874129
2024-07-31 16:00:00,,3898.6710544761327
2024-07-31 17:00:00,,4988.222358824822
2024-07-31 18:00:00,,6455.030006923582
2024-07-31 19:00:00,,7097.739884706557
2024-07-31 20:00:00,,7098.537521904063
2024-07-31 21:00:00,,7097.370858870073
2024-07-31 22:00:00,,7096.856211910351
2024-07-31 23:00:00,,7098.225878720674
2024-08-01 00:00:00,,7097.009523851078
2024-08-01 01:00:00,,7095.626224522184
2024-08-01 02:00:00,,6839.6289051358735
2024-08-01 03:00:00,,6719.218618009266
2024-08-01 04:00:00,,6783.576961821996
2024-08-01 05:00:00,,7043.332180019131
2024-08-01 06:00:00,,7042.210488451904
2024-08-01 07:00:00,,7042.251814791269
2024-08-01 08:00:00,,7041.336543025847
2024-08-01 09:00:00,,7040.167302229137
2024-08-01 10:00:00,,7041.712448463384
2024-08-01 11:00:00,,7041.29178315561
2024-08-01 12:00:00,,7041.0211921849495
2024-08-01 13:00:00,,7040.4292667084555
2024-08-01 14:00:00,,7040.104205623048
2024-08-01 15:00:00,,7039.379616159564
2024-08-01 16:00:00,,7039.673616382537
2024-08-01 17:00:00,,6434.836243386995
2024-08-01 18:00:00,,6496.027779199804
2024-08-01 19:00:00,,7413.082046225254
2024-08-01 20:00:00,,9005.161097719696
2024-08-01 21:00:00,,9946.35758508031
2024-08-01 22:00:00,,10245.77114652121
2024-08-01 23:00:00,,10352.009263777409
2024-08-02 00:00:00,,10495.403273680206
2024-08-02 01:00:00,,10398.123085901643
2024-08-02 02:00:00,,10370.093748935427
2024-08-02 03:00:00,,10576.767766859211
2024-08-02 04:00:00,,10696.629033713394
2024-08-02 05:00:00,,10576.450519265114
2024-08-02 06:00:00,,10359.973648489246
2024-08-02 07:00:00,,10073.668420739405
2024-08-02 08:00:00,,9879.980023874889
2024-08-02 09:00:00,,9815.85506703647
2024-08-02 10:00:00,,9540.764369356622
2024-08-02 11:00:00,,9326.486980976506
2024-08-02 12:00:00,,9332.008251980047
2024-08-02 13:00:00,,9166.086087597278
2024-08-02 14:00:00,,8952.089002824674
2024-08-02 15:00:00,,8782.272220453393
2024-08-02 16:00:00,,8780.769416303952
2024-08-02 17:00:00,,8779.506432333677
2024-08-02 18:00:00,,8002.9460636821805
2024-08-02 19:00:00,,7863.666745864564
2024-08-02 20:00:00,,7788.826190312007
2024-08-02 21:00:00,,7705.347183014384
2024-08-02 22:00:00,,7752.72463595812
2024-08-02 23:00:00,,7808.3492489319915
2024-08-03 00:00:00,,7843.195986980399
2024-08-03 01:00:00,,7848.120727071271
2024-08-03 02:00:00,,7922.310674645999
2024-08-03 03:00:00,,7761.596478623501
2024-08-03 04:00:00,,7523.648600175671
2024-08-03 05:00:00,,7545.08002775158
2024-08-03 06:00:00,,7551.256220833255
2024-08-03 07:00:00,,7352.158984488162
2024-08-03 08:00:00,,7232.9257288477165
2024-08-03 09:00:00,,7289.357122752528
2024-08-03 10:00:00,,7240.9103509556935
2024-08-03 11:00:00,,7240.632949821033
2024-08-03 12:00:00,,6895.399234878603
2024-08-03 13:00:00,,6614.082471895536
2024-08-03 14:00:00,,6621.575686362711
2024-08-03 15:00:00,,6644.230181592919
2024-08-03 16:00:00,,6662.120504438761
2024-08-03 17:00:00,,6516.771269198221
2024-08-03 18:00:00,,6442.28864972413
2024-08-03 19:00:00,,6371.749872369945
2024-08-03 20:00:00,,6308.285290444268
2024-08-03 21:00:00,,6259.41930639062
2024-08-03 22:00:00,,6237.77668915436
2024-08-03 23:00:00,,6187.405463159503
2024-08-04 00:00:00,,6171.383712000056
2024-08-04 01:00:00,,6111.758801094585
2024-08-04 02:00:00,,6075.782102183453
2024-08-04 03:00:00,,6089.655520044113
2024-08-04 04:00:00,,6082.140821095137
2024-08-04 05:00:00,,6136.595091503925
2024-08-04 06:00:00,,6095.397003486249
2024-08-04 07:00:00,,6074.693355017436
2024-08-04 08:00:00,,6073.180422074155
2024-08-04 09:00:00,,6073.676196899094
2024-08-04 10:00:00,,6072.818707212104
2024-08-04 11:00:00,,6072.605577466271
2024-08-04 12:00:00,,6072.069905661924
2024-08-04 13:00:00,,6071.039168850603
2024-08-04 14:00:00,,6070.886118044402
2024-08-04 15:00:00,,6070.898062477554
2024-08-04 16:00:00,,6071.373830870311
2024-08-04 17:00:00,,6070.567981234251
2024-08-04 18:00:00,,6070.0090908013135
2024-08-04 19:00:00,,6069.288965072599
2024-08-04 20:00:00,,6069.348674275677
2024-08-04 21:00:00,,6069.320697560271
2024-08-04 22:00:00,,6069.038560655946
2024-08-04 23:00:00,,6068.58886770759
2024-08-05 00:00:00,,6068.391384245449
2024-08-05 01:00:00,,6068.737355062746
2024-08-05 02:00:00,,5171.417883339872
2024-08-05 03:00:00,,4818.375074045466
2024-08-05 04:00:00,,4698.2716616416565
2024-08-05 05:00:00,,4632.342093927244
2024-08-05 06:00:00,,4587.280982579361
2024-08-05 07:00:00,,4526.200106995788
2024-08-05 08:00:00,,4497.584897291184
2024-08-05 09:00:00,,4470.859841409535
2024-08-05 10:00:00,,4439.921397993156
2024-08-05 11:00:00,,4428.150443527361
2024-08-05 12:00:00,,4393.804577806092
2024-08-05 13:00:00,,4377.133623521898
2024-08-05 14:00:00,,4354.33739663946
2024-08-05 15:00:00,,4320.397103042818
2024-08-05 16:00:00,,4304.570703058022
2024-08-05 17:00:00,,4267.622588207758
2024-08-05 18:00:00,,4245.0318906891835
2024-08-05 19:00:00,,4226.349337669105
2024-08-05 20:00:00,,4181.745172897055
2024-08-05 21:00:00,,4167.113016093504
2024-08-05 22:00:00,,4129.396120225903
2024-08-05 23:00:00,,4101.695834094055
2024-08-06 00:00:00,,4072.508957686605
2024-08-06 01:00:00,,4035.6469545456494
2024-08-06 02:00:00,,4004.497184108046
2024-08-06 03:00:00,,3977.5039274670507
2024-08-06 04:00:00,,3942.670513635273
2024-08-06 05:00:00,,3922.622280844979
2024-08-06 06:00:00,,3899.7692095370317
2024-08-06 07:00:00,,3866.723799946603
2024-08-06 08:00:00,,3834.4526049168353
2024-08-06 09:00:00,,3806.9909486500796
2024-08-06 10:00:00,,3778.567303270793
2024-08-06 11:00:00,,3736.7768073969414
2024-08-06 12:00:00,,3721.301667963095
2024-08-06 13:00:00,,3702.10584748258
2024-08-06 14:00:00,,3671.4339101028168
2024-08-06 15:00:00,,3653.392455587487
2024-08-06 16:00:00,,3633.0969808385403
2024-08-06 17:00:00,,3615.0416070039196
2024-08-06 18:00:00,,3595.9702202561066
2024-08-06 19:00:00,,3560.858614142173
2024-08-06 20:00:00,,3541.6486413656908
2024-08-06 21:00:00,,3506.8432262206666
2024-08-06 22:00:00,,3490.3621894260395
2024-08-06 23:00:00,,3460.0408423899758
2024-08-07 00:00:00,,3450.3265748615413
2024-08-07 01:00:00,,3423.8324394812794
2024-08-07 02:00:00,,3408.9620597738126
2024-08-07 03:00:00,,3380.6234816762444
2024-08-07 04:00:00,,3354.163237168593
2024-08-07 05:00:00,,3354.9125752325695
2024-08-07 06:00:00,,3362.7197748494377
2024-08-07 07:00:00,,3306.7635291841834
2024-08-07 08:00:00,,3292.6508405236827
2024-08-07 09:00:00,,3276.5915326014992
2024-08-07 10:00:00,,3269.5855385488594
2024-08-07 11:00:00,,3254.4404110197047
2024-08-07 12:00:00,,3225.6559825771906
2024-08-07 13:00:00,,3181.133582258049
2024-08-07 14:00:00,,3221.2200574390145
2024-08-07 15:00:00,,3161.2923282300694
2024-08-07 16:00:00,,3197.850185056382
2024-08-07 17:00:00,,3166.864816537108
2024-08-07 18:00:00,,3101.5882686505406
2024-08-07 19:00:00,,3100.801691503934
2024-08-07 20:00:00,,3105.987761282661
2024-08-07 21:00:00,,3097.337641164189
2024-08-07 22:00:00,,3090.273271907866
2024-08-07 23:00:00,,3068.211080030427
2024-08-08 00:00:00,,3036.2090886731294
2024-08-08 01:00:00,,2998.5570298125913
2024-08-08 02:00:00,,2998.015320009548
2024-08-08 03:00:00,,3012.829119889664
2024-08-08 04:00:00,,2957.39434391051
2024-08-08 05:00:00,,2952.8211672298826
2024-08-08 06:00:00,,2932.0385808325514
2024-08-08 07:00:00,,2906.309694524767
2024-08-08 08:00:00,,2898.9978891071273
2024-08-08 09:00:00,,2879.3540053360434
2024-08-08 10:00:00,,2870.6118864551095
2024-08-08 11:00:00,,2847.7208576048483
2024-08-08 12:00:00,,2832.998690516192
2024-08-08 13:00:00,,2836.8248448213685
2024-08-08 14:00:00,,2809.9232834363115
2024-08-08 15:00:00,,2809.195749623193
2024-08-08 16:00:00,,2805.003273801565
2024-08-08 17:00:00,,2805.934712586017
2024-08-08 18:00:00,,2791.590133954046
2024-08-08 19:00:00,,2797.073565322387
2024-08-08 20:00:00,,2792.985029468598
2024-08-08 21:00:00,,2776.4048671927203
2024-08-08 22:00:00,,2774.3099397946835
2024-08-08 23:00:00,,2766.0702358986705
2024-08-09 00:00:00,,2767.0730538355224
2024-08-09 01:00:00,,2764.698004654548
2024-08-09 02:00:00,,2758.1951104397667
2024-08-09 03:00:00,,2761.2999366088443
2024-08-09 04:00:00,,2778.7217224791098
2024-08-09 05:00:00,,2788.155873316559
2024-08-09 06:00:00,,2788.327923329941
2024-08-09 07:00:00,,2810.425037945787
2024-08-09 08:00:00,,2872.782178281607
2024-08-09 09:00:00,,2953.195740775712
2024-08-09 10:00:00,,3099.2979420816573
2024-08-09 11:00:00,,3290.5529223028816
2024-08-09 12:00:00,,3569.961001626623
2024-08-09 13:00:00,,4077.1282352020776
2024-08-09 14:00:00,,4655.850237146472
2024-08-09 15:00:00,,5188.065800600531
2024-08-09 16:00:00,,5356.415196694035
2024-08-09 17:00:00,,5421.200712508604
2024-08-09 18:00:00,,5373.435679802743
2024-08-09 19:00:00,,5517.54390956617
2024-08-09 20:00:00,,5668.983291497392
2024-08-09 21:00:00,,5941.787303837074
2024-08-09 22:00:00,,6371.90310961805
2024-08-09 23:00:00,,6876.733854693876
2024-08-10 00:00:00,,6940.92713398368
2024-08-10 01:00:00,,7142.8360979073295
2024-08-10 02:00:00,,8058.854872615389
2024-08-10 03:00:00,,8190.077701611051
2024-08-10 04:00:00,,7897.924630975828
2024-08-10 05:00:00,,7818.53199640486
2024-08-10 06:00:00,,8054.75440407576
2024-08-10 07:00:00,,8006.28727684036
2024-08-10 08:00:00,,8128.489460030222
2024-08-10 09:00:00,,8129.766372305078
2024-08-10 10:00:00,,8098.5077680421155
2024-08-10 11:00:00,,7510.2705558402895
2024-08-10 12:00:00,,7485.619465086388
2024-08-10 13:00:00,,7484.283029188939
2024-08-10 14:00:00,,7269.785769255035
2024-08-10 15:00:00,,6480.503645458277
2024-08-10 16:00:00,,6355.105594667796
2024-08-10 17:00:00,,6167.645067820059
2024-08-10 18:00:00,,6093.5205692860945
2024-08-10 19:00:00,,6092.766447504196
2024-08-10 20:00:00,,6091.143006458784
2024-08-10 21:00:00,,6090.241675545395
2024-08-10 22:00:00,,5676.3934386225355
2024-08-10 23:00:00,,5549.345566363124
2024-08-11 00:00:00,,5384.919755949569
2024-08-11 01:00:00,,5384.757689899378
2024-08-11 02:00:00,,5383.428069689775
2024-08-11 03:00:00,,5383.386635968106
2024-08-11 04:00:00,,5187.213582876398
2024-08-11 05:00:00,,5079.676641825818
2024-08-11 06:00:00,,5050.482729674988
2024-08-11 07:00:00,,4973.591074020664
2024-08-11 08:00:00,,4972.27680210132
2024-08-11 09:00:00,,4971.905573035308
2024-08-11 10:00:00,,4970.503235078499
2024-08-11 11:00:00,,4969.755726483008
2024-08-11 12:00:00,,4944.03832283358
2024-08-11 13:00:00,,4635.801540451487
2024-08-11 14:00:00,,4578.3751101415355
2024-08-11 15:00:00,,4552.393292592381
2024-08-11 16:00:00,,4535.23594848636
2024-08-11 17:00:00,,4525.549968047864
2024-08-11 18:00:00,,4536.138950224056
2024-08-11 19:00:00,,4555.389447022445
2024-08-11 20:00:00,,4593.3415101047785
2024-08-11 21:00:00,,4636.706121519132
2024-08-11 22:00:00,,4676.08006928898
2024-08-11 23:00:00,,4670.6018934530175
2024-08-12 00:00:00,,4657.786838083549
2024-08-12 01:00:00,,4658.43960146609
2024-08-12 02:00:00,,4640.423912764925
2024-08-12 03:00:00,,4592.753981580982
2024-08-12 04:00:00,,4610.61630677123
2024-08-12 05:00:00,,4593.066642609624
2024-08-12 06:00:00,,4588.256344458749
2024-08-12 07:00:00,,4626.980368712137
2024-08-12 08:00:00,,4650.808098968557
2024-08-12 09:00:00,,4653.873461628978
2024-08-12 10:00:00,,4652.443199807728
2024-08-12 11:00:00,,4691.93320348436
2024-08-12 12:00:00,,4767.461404043098
2024-08-12 13:00:00,,4834.739539196561
2024-08-12 14:00:00,,5000.51285263606
2024-08-12 15:00:00,,5210.685933076067
2024-08-12 16:00:00,,5490.076800732089
2024-08-12 17:00:00,,6103.9557686425605
2024-08-12 18:00:00,,7037.218849794761
2024-08-12 19:00:00,,7702.118129174401
2024-08-12 20:00:00,,7917.725245324221
2024-08-12 21:00:00,,7936.709073630439
2024-08-12 22:00:00,,7935.152165430043
2024-08-12 23:00:00,,7933.229680843255
2024-08-13 00:00:00,,7931.293125901904
2024-08-13 01:00:00,,7930.20398351069
2024-08-13 02:00:00,,7929.805086487792
2024-08-13 03:00:00,,7929.577498797017
2024-08-13 04:00:00,,7927.819713608525
2024-08-13 05:00:00,,7928.843673365008
2024-08-13 06:00:00,,7927.836389660024
2024-08-13 07:00:00,,7928.198702014813
2024-08-13 08:00:00,,7925.400166736342
2024-08-13 09:00:00,,7925.323927336857
2024-08-13 10:00:00,,7924.5447980161325
2024-08-13 11:00:00,,7922.95813121054
2024-08-13 12:00:00,,7922.678774428073
2024-08-13 13:00:00,,7922.928626851051
2024-08-13 14:00:00,,6233.8120471280645
2024-08-13 15:00:00,,4909.522317552063
2024-08-13 16:00:00,,4844.490229725309
2024-08-13 17:00:00,,4839.599591852608
2024-08-13 18:00:00,,4822.9193152746875
2024-08-13 19:00:00,,4789.927046810044
2024-08-13 20:00:00,,4739.372695295833
2024-08-13 21:00:00,,4745.057619711475
2024-08-13 22:00:00,,4735.0288955356455
2024-08-13 23:00:00,,4865.303485817003
2024-08-14 00:00:00,,5183.161519075098
2024-08-14 01:00:00,,5597.391065664701
2024-08-14 02:00:00,,5656.971460873892
2024-08-14 03:00:00,,5671.6398737489135
2024-08-14 04:00:00,,5670.607370990328
2024-08-14 05:00:00,,5670.182063884161
2024-08-14 06:00:00,,5670.3192467787385
2024-08-14 07:00:00,,5669.660199935539
2024-08-14 08:00:00,,5670.024613076303
2024-08-14 09:00:00,,5668.733188574126
2024-08-14 10:00:00,,5669.055802408063
2024-08-14 11:00:00,,5667.5628116695225
2024-08-14 12:00:00,,5654.906260943114
2024-08-14 13:00:00,,4959.2910928504825
2024-08-14 14:00:00,,4837.158940951196
2024-08-14 15:00:00,,4774.593759814014
2024-08-14 16:00:00,,4737.790936363083
2024-08-14 17:00:00,,4681.021784628063
2024-08-14 18:00:00,,4630.261174317523
2024-08-14 19:00:00,,4605.183450728354
2024-08-14 20:00:00,,4590.312000086191
2024-08-14 21:00:00,,4573.426820578428
2024-08-14 22:00:00,,4553.0614598805805
2024-08-14 23:00:00,,4522.788535506725
2024-08-15 00:00:00,,4501.129845051694
2024-08-15 01:00:00,,4494.654917238271
2024-08-15 02:00:00,,4496.14089225278
2024-08-15 03:00:00,,4457.585354504072
2024-08-15 04:00:00,,4422.27498726957
2024-08-15 05:00:00,,4423.84227609647
2024-08-15 06:00:00,,4457.381516124258
2024-08-15 07:00:00,,4458.025087223495
2024-08-15 08:00:00,,4435.429604486545
2024-08-15 09:00:00,,4408.6942757105635
2024-08-15 10:00:00,,4363.542494047356
2024-08-15 11:00:00,,4325.789028845083
2024-08-15 12:00:00,,4300.188965656485
2024-08-15 13:00:00,,4261.0059008694
2024-08-15 14:00:00,,4236.276087079161
2024-08-15 15:00:00,,4204.493091840827
2024-08-15 16:00:00,,4181.43170223201
2024-08-15 17:00:00,,4168.827921411548
2024-08-15 18:00:00,,4148.683260338868
2024-08-15 19:00:00,,4142.895234509683
2024-08-15 20:00:00,,4155.813935295191
2024-08-15 21:00:00,,4217.209958843592
2024-08-15 22:00:00,,4308.593510916438
2024-08-15 23:00:00,,4401.579736253273
2024-08-16 00:00:00,,4399.349640418116
2024-08-16 01:00:00,,4386.432206489126
2024-08-16 02:00:00,,4372.601625208602
2024-08-16 03:00:00,,4354.248529574352
2024-08-16 04:00:00,,4300.827770858633
2024-08-16 05:00:00,,4301.75893762161
2024-08-16 06:00:00,,4401.497138834923
2024-08-16 07:00:00,,4624.77678551829
2024-08-16 08:00:00,,4789.699280259262
2024-08-16 09:00:00,,4901.947116429571
2024-08-16 10:00:00,,5061.620891218247
2024-08-16 11:00:00,,5094.477170764899
2024-08-16 12:00:00,,5119.743989869199
2024-08-16 13:00:00,,5186.249336784545
2024-08-16 14:00:00,,5185.396864951524
2024-08-16 15:00:00,,5161.050581073457
2024-08-16 16:00:00,,4986.770042112318
2024-08-16 17:00:00,,4996.853231116593
2024-08-16 18:00:00,,4953.984218422946
2024-08-16 19:00:00,,4912.007260921261
2024-08-16 20:00:00,,4911.898114305873
2024-08-16 21:00:00,,4911.134985364689
2024-08-16 22:00:00,,4910.207414055812
2024-08-16 23:00:00,,4909.0619738171
2024-08-17 00:00:00,,4908.680218843084
2024-08-17 01:00:00,,4908.679067814573
2024-08-17 02:00:00,,4670.525234026343
2024-08-17 03:00:00,,4365.455973696666
2024-08-17 04:00:00,,4326.410083161484
2024-08-17 05:00:00,,4266.140268839569
2024-08-17 06:00:00,,4228.865024590489
2024-08-17 07:00:00,,4211.054236661041
2024-08-17 08:00:00,,4151.510810423065
2024-08-17 09:00:00,,4101.871746092552
2024-08-17 10:00:00,,4062.830272873914
2024-08-17 11:00:00,,4041.386563000875
2024-08-17 12:00:00,,4021.234654777009
2024-08-17 13:00:00,,4013.634756258358
2024-08-17 14:00:00,,3997.503323012826
2024-08-17 15:00:00,,3969.935104746868
2024-08-17 16:00:00,,3940.327285005242
2024-08-17 17:00:00,,3920.2172843119038
2024-08-17 18:00:00,,3904.3904808359234
2024-08-17 19:00:00,,3880.9402843351286
2024-08-17 20:00:00,,3864.322959913048
2024-08-17 21:00:00,,3831.2756074019826
2024-08-17 22:00:00,,3791.1381785265635
2024-08-17 23:00:00,,3754.601120040714
2024-08-18 00:00:00,,3739.782034925663
2024-08-18 01:00:00,,3706.093242839302
2024-08-18 02:00:00,,3680.0596687955035
2024-08-18 03:00:00,,3661.5951812076933
2024-08-18 04:00:00,,3633.741116628235
2024-08-18 05:00:00,,3607.532163226941
2024-08-18 06:00:00,,3582.2170166306196
2024-08-18 07:00:00,,3556.5419490405848
2024-08-18 08:00:00,,3559.358616630904
2024-08-18 09:00:00,,3533.3217956247895
2024-08-18 10:00:00,,3510.233061563685
2024-08-18 11:00:00,,3470.1210041461204
2024-08-18 12:00:00,,3415.074726669225
2024-08-18 13:00:00,,3393.6231666419058
2024-08-18 14:00:00,,3368.039310059731
2024-08-18 15:00:00,,3350.141639136372
2024-08-18 16:00:00,,3336.0256366168283
2024-08-18 17:00:00,,3318.507682176162
2024-08-18 18:00:00,,3309.5519985528676
2024-08-18 19:00:00,,3288.5839839795726
2024-08-18 20:00:00,,3277.5542422001818
2024-08-18 21:00:00,,3255.4376071257716
2024-08-18 22:00:00,,3234.7580138736507
2024-08-18 23:00:00,,3224.728185056521
2024-08-19 00:00:00,,3200.3817958210198
2024-08-19 01:00:00,,3171.8268908656605
2024-08-19 02:00:00,,3156.2066431964868
2024-08-19 03:00:00,,3143.675808737881
2024-08-19 04:00:00,,3133.657222456995
2024-08-19 05:00:00,,3120.3884233875265
2024-08-19 06:00:00,,3091.7169840626693
2024-08-19 07:00:00,,3072.5274571436594
2024-08-19 08:00:00,,3068.015629844926
2024-08-19 09:00:00,,3053.358514228386
2024-08-19 10:00:00,,3072.9214398130543
2024-08-19 11:00:00,,3027.5575897348513
2024-08-19 12:00:00,,2991.2880957921016
2024-08-19 13:00:00,,2976.085763642838
2024-08-19 14:00:00,,2964.9050415967845
2024-08-19 15:00:00,,2945.0905702078944
2024-08-19 16:00:00,,2932.585788237055
2024-08-19 17:00:00,,2920.65412560408
2024-08-19 18:00:00,,2922.3995562494
2024-08-19 19:00:00,,2909.1583824760064
2024-08-19 20:00:00,,2895.585163876503
2024-08-19 21:00:00,,2875.506474270905
2024-08-19 22:00:00,,2870.9953419081053
2024-08-19 23:00:00,,2848.229623689167
2024-08-20 00:00:00,,2840.398834656819
2024-08-20 01:00:00,,2818.221767658933
2024-08-20 02:00:00,,2812.1516891770693
2024-08-20 03:00:00,,2800.682981396176
2024-08-20 04:00:00,,2784.6147477936825
2024-08-20 05:00:00,,2767.903220973043
2024-08-20 06:00:00,,2768.388663398744
2024-08-20 07:00:00,,2748.336761344119
2024-08-20 08:00:00,,2728.9721149625316
2024-08-20 09:00:00,,2720.296084781885
2024-08-20 10:00:00,,2705.552047630254
2024-08-20 11:00:00,,2705.6507646555624
2024-08-20 12:00:00,,2683.365778596307
2024-08-20 13:00:00,,2671.201513678068
2024-08-20 14:00:00,,2660.8495520901083
2024-08-20 15:00:00,,2653.3747963467204
2024-08-20 16:00:00,,2653.8304338971593
2024-08-20 17:00:00,,2634.563617455902
2024-08-20 18:00:00,,2620.8045209939846
2024-08-20 19:00:00,,2626.39598600989
2024-08-20 20:00:00,,2606.889711408656
2024-08-20 21:00:00,,2600.445283298951
2024-08-20 22:00:00,,2588.5730559930425
2024-08-20 23:00:00,,2580.638101985384
2024-08-21 00:00:00,,2575.4707000179033
2024-08-21 01:00:00,,2565.698067567932
2024-08-21 02:00:00,,2560.272211952549
2024-08-21 03:00:00,,2552.98005358836
2024-08-21 04:00:00,,2547.5684971695855
2024-08-21 05:00:00,,2541.519937891648
2024-08-21 06:00:00,,2534.9852248839748
2024-08-21 07:00:00,,2523.937201853137
2024-08-21 08:00:00,,2519.8141966153294
2024-08-21 09:00:00,,2531.2167387489126
2024-08-21 10:00:00,,2530.2041747237754
2024-08-21 11:00:00,,2529.032196921746
2024-08-21 12:00:00,,2532.3826619372157
2024-08-21 13:00:00,,2528.0050502976346
2024-08-21 14:00:00,,2527.6058741084844
2024-08-21 15:00:00,,2512.6866355480115
2024-08-21 16:00:00,,2518.164237939594
2024-08-21 17:00:00,,2523.3978861973546
2024-08-21 18:00:00,,2524.6848447006196
2024-08-21 19:00:00,,2528.295352783936
2024-08-21 20:00:00,,2529.229790022892
2024-08-21 21:00:00,,2518.442836044285
2024-08-21 22:00:00,,2512.3048461131
2024-08-21 23:00:00,,2490.5952983683937
2024-08-22 00:00:00,,2483.6551210586244
2024-08-22 01:00:00,,2483.8477308823494
2024-08-22 02:00:00,,2474.1416907442517
2024-08-22 03:00:00,,2467.1715229481756
2024-08-22 04:00:00,,2459.6455940884102
2024-08-22 05:00:00,,2447.4204063274597
2024-08-22 06:00:00,,2439.4618951196044
2024-08-22 07:00:00,,2435.2976173841903
2024-08-22 08:00:00,,2416.306463592626
2024-08-22 09:00:00,,2420.7856978641707
2024-08-22 10:00:00,,2409.4877234215714
2024-08-22 11:00:00,,2404.5219655842325
2024-08-22 12:00:00,,2392.847235527739
2024-08-22 13:00:00,,2374.644098638047
2024-08-22 14:00:00,,2364.7044282793017
2024-08-22 15:00:00,,2362.1585447770526
2024-08-22 16:00:00,,2358.05751365416
2024-08-22 17:00:00,,2350.6657721027664
2024-08-22 18:00:00,,2342.884997192532
2024-08-22 19:00:00,,2337.8995516527066
2024-08-22 20:00:00,,2333.0178412946634
2024-08-22 21:00:00,,2325.538666011872
2024-08-22 22:00:00,,2328.6133538333697
2024-08-22 23:00:00,,2313.3031551812714
2024-08-23 00:00:00,,2309.573011299424
2024-08-23 01:00:00,,2309.1504997441834
2024-08-23 02:00:00,,2304.435024169413
2024-08-23 03:00:00,,2301.6091900876863
2024-08-23 04:00:00,,2293.746234808451
2024-08-23 05:00:00,,2296.8020271508854
2024-08-23 06:00:00,,2286.268100867949
2024-08-23 07:00:00,,2281.160935619765
2024-08-23 08:00:00,,2273.4832366865944
2024-08-23 09:00:00,,2270.038509215468
2024-08-23 10:00:00,,2264.2520148752774
2024-08-23 11:00:00,,2261.3685810893408
2024-08-23 12:00:00,,2257.5424614075987
2024-08-23 13:00:00,,2239.2984595882917
2024-08-23 14:00:00,,2240.0262039989684
2024-08-23 15:00:00,,2233.21455483222
2024-08-23 16:00:00,,2226.4001698122493
2024-08-23 17:00:00,,2225.312354303195
2024-08-23 18:00:00,,2224.4243024376456
2024-08-23 19:00:00,,2219.9439908929908
2024-08-23 20:00:00,,2213.234301260657
2024-08-23 21:00:00,,2211.0990019371648
2024-08-23 22:00:00,,2204.6626120595556
2024-08-23 23:00:00,,2198.068104512875
2024-08-24 00:00:00,,2203.4815378936073
2024-08-24 01:00:00,,2182.2112747355923
2024-08-24 02:00:00,,2179.3023297895575
2024-08-24 03:00:00,,2176.9222684874953
2024-08-24 04:00:00,,2171.105078375124
2024-08-24 05:00:00,,2164.1241662351076
2024-08-24 06:00:00,,2166.346211723082
2024-08-24 07:00:00,,2156.858621883586
2024-08-24 08:00:00,,2151.094859944137
2024-08-24 09:00:00,,2144.6744671629176
2024-08-24 10:00:00,,2140.87668867317
2024-08-24 11:00:00,,2142.4696633196727
2024-08-24 12:00:00,,2134.7391332930215
2024-08-24 13:00:00,,2126.3018355196073
2024-08-24 14:00:00,,2123.8418059112582
2024-08-24 15:00:00,,2120.7970861574404
2024-08-24 16:00:00,,2115.666287197753
2024-08-24 17:00:00,,2114.290799108257
2024-08-24 18:00:00,,2109.6668561322535
2024-08-24 19:00:00,,2098.87869915486
2024-08-24 20:00:00,,2098.123492565631
2024-08-24 21:00:00,,2097.577025335047
2024-08-24 22:00:00,,2096.2462602092814
2024-08-24 23:00:00,,2089.2120492644017
2024-08-25 00:00:00,,2086.075927876404
2024-08-25 01:00:00,,2086.16057139038
2024-08-25 02:00:00,,2077.248917939616
2024-08-25 03:00:00,,2074.2052634330857
2024-08-25 04:00:00,,2073.4024545362017
2024-08-25 05:00:00,,2067.631399873018
2024-08-25 06:00:00,,2061.1745730679836
2024-08-25 07:00:00,,2063.5607255364152
2024-08-25 08:00:00,,2069.0613359483505
2024-08-25 09:00:00,,2064.7306038802044
2024-08-25 10:00:00,,2061.3147778458224
2024-08-25 11:00:00,,2069.3384908327216
2024-08-25 12:00:00,,2070.724652380328
2024-08-25 13:00:00,,2066.3158204301253
2024-08-25 14:00:00,,2063.2735403897923
2024-08-25 15:00:00,,2058.4301056997338
2024-08-25 16:00:00,,2056.5183340282406
2024-08-25 17:00:00,,1909.9678645992578
2024-08-25 18:00:00,,1676.4076747097129
2024-08-25 19:00:00,,1689.1500971690373
2024-08-25 20:00:00,,1706.2423969880065
2024-08-25 21:00:00,,1732.6133651206208
2024-08-25 22:00:00,,1752.522671322008
2024-08-25 23:00:00,,1764.2111031669153
2024-08-26 00:00:00,,1791.8154013518167
2024-08-26 01:00:00,,1811.8915444018312
2024-08-26 02:00:00,,1864.5015679942946
2024-08-26 03:00:00,,1908.0155940051125
2024-08-26 04:00:00,,1963.2404200521294
2024-08-26 05:00:00,,2093.941184430284
2024-08-26 06:00:00,,2256.396200998349
2024-08-26 07:00:00,,2497.8879001140676
2024-08-26 08:00:00,,2767.4904835886055
2024-08-26 09:00:00,,2900.788763495934
2024-08-26 10:00:00,,2899.1567676571076
2024-08-26 11:00:00,,2860.9786718244854
2024-08-26 12:00:00,,2823.176582073677
2024-08-26 13:00:00,,2820.2434042770096
2024-08-26 14:00:00,,2781.4188852457773
2024-08-26 15:00:00,,2771.516756894109
2024-08-26 16:00:00,,2787.3979788110805
2024-08-26 17:00:00,,2791.970271083459
2024-08-26 18:00:00,,2851.7319817186262
2024-08-26 19:00:00,,2921.166954837021
2024-08-26 20:00:00,,2968.4296431510916
2024-08-26 21:00:00,,2988.1661076004743
2024-08-26 22:00:00,,2964.038209521855
2024-08-26 23:00:00,,2933.3279436178113
2024-08-27 00:00:00,,2915.6315036995848
2024-08-27 01:00:00,,2914.45520411687
2024-08-27 02:00:00,,2892.9181287835727
2024-08-27 03:00:00,,2924.152481005901
2024-08-27 04:00:00,,2929.9439238929604
2024-08-27 05:00:00,,2945.156308889062
2024-08-27 06:00:00,,2959.662639834865
2024-08-27 07:00:00,,2968.0623057422486
2024-08-27 08:00:00,,2969.000233946506
2024-08-27 09:00:00,,2951.2704392301016
2024-08-27 10:00:00,,2927.3871471349285
2024-08-27 11:00:00,,2908.2479915133963
2024-08-27 12:00:00,,2877.9076379464022
2024-08-27 13:00:00,,2822.010210713595
2024-08-27 14:00:00,,2810.743126026416
2024-08-27 15:00:00,,2777.829586773826
2024-08-27 16:00:00,,2762.1356442890774
2024-08-27 17:00:00,,2750.9452757432714
2024-08-27 18:00:00,,2738.7401429845136
2024-08-27 19:00:00,,2726.7150616805675
2024-08-27 20:00:00,,2706.588018331597
2024-08-27 21:00:00,,2688.5724211559855
2024-08-27 22:00:00,,2665.1475435533507
2024-08-27 23:00:00,,2647.6913599718837
2024-08-28 00:00:00,,2619.2710837294007
2024-08-28 01:00:00,,2596.331690317703
2024-08-28 02:00:00,,2574.299518512594
2024-08-28 03:00:00,,2541.9567662067852
2024-08-28 04:00:00,,2533.816853166798
2024-08-28 05:00:00,,2514.607349920659
2024-08-28 06:00:00,,2499.617979312232
2024-08-28 07:00:00,,2489.2130617026382
2024-08-28 08:00:00,,2469.605464150005
2024-08-28 09:00:00,,2865.8853662292686
2024-08-28 10:00:00,,3194.018996925254
2024-08-28 11:00:00,,3155.722652601375
2024-08-28 12:00:00,,2854.460408322608
2024-08-28 13:00:00,,2448.9003269883697
2024-08-28 14:00:00,,2435.5014604189087
2024-08-28 15:00:00,,2414.2566718723847
2024-08-28 16:00:00,,2414.0770398327895
2024-08-28 17:00:00,,2401.9500003570515
2024-08-28 18:00:00,,2398.5677392224125
2024-08-28 19:00:00,,2397.233591773796
2024-08-28 20:00:00,,2398.320642431064
2024-08-28 21:00:00,,2380.1295715861056
2024-08-28 22:00:00,,2378.5347501952892
2024-08-28 23:00:00,,2359.684440985492
2024-08-29 00:00:00,,2352.436401205238
2024-08-29 01:00:00,,2337.6180968883855
2024-08-29 02:00:00,,2324.9064126625085
2024-08-29 03:00:00,,2312.384038386215
2024-08-29 04:00:00,,2309.1454810409423
2024-08-29 05:00:00,,2298.8841235674595
2024-08-29 06:00:00,,2290.921514425441
2024-08-29 07:00:00,,2272.9359467372365
2024-08-29 08:00:00,,2261.13426447837
2024-08-29 09:00:00,,2255.0510325008227
2024-08-29 10:00:00,,2240.529949847013
2024-08-29 11:00:00,,2235.5262359934827
2024-08-29 12:00:00,,2224.293082398941
2024-08-29 13:00:00,,2209.9833448242725
2024-08-29 14:00:00,,2203.7660868025287
2024-08-29 15:00:00,,2189.4649670510084
2024-08-29 16:00:00,,2188.5082045704953
2024-08-29 17:00:00,,2178.9250203319534
2024-08-29 18:00:00,,2164.247415181811
2024-08-29 19:00:00,,2159.438242057243
2024-08-29 20:00:00,,2160.897661394194
2024-08-29 21:00:00,,2151.472392221308
2024-08-29 22:00:00,,2141.24725070535
2024-08-29 23:00:00,,2137.4875647535882
2024-08-30 00:00:00,,2131.600238521295
2024-08-30 01:00:00,,2119.567741613832
2024-08-30 02:00:00,,2109.310673326008
2024-08-30 03:00:00,,2102.2560133395414
2024-08-30 04:00:00,,2093.9413925949675
2024-08-30 05:00:00,,2093.291842166604
2024-08-30 06:00:00,,2084.9910957485304
2024-08-30 07:00:00,,2075.7175162968624
2024-08-30 08:00:00,,2062.0204037784806
2024-08-30 09:00:00,,2056.938411615191
2024-08-30 10:00:00,,2046.6962299636884
2024-08-30 11:00:00,,2042.8557059432303
2024-08-30 12:00:00,,2031.7133612020352
2024-08-30 13:00:00,,2019.2165730668398
2024-08-30 14:00:00,,2011.6197076708834
2024-08-30 15:00:00,,1999.6825966023878
2024-08-30 16:00:00,,1995.7052338554051
2024-08-30 17:00:00,,1984.4987617894255
2024-08-30 18:00:00,,1981.1748397419478
2024-08-30 19:00:00,,1983.078541101647
2024-08-30 20:00:00,,1981.2667451744976
2024-08-30 21:00:00,,1974.7606802861126
2024-08-30 22:00:00,,1969.9809855087149
2024-08-30 23:00:00,,1966.6132356664752
2024-08-31 00:00:00,,1959.556783015363
2024-08-31 01:00:00,,1955.4616769235006
2024-08-31 02:00:00,,1946.3025071832171
2024-08-31 03:00:00,,1941.1302713064617
2024-08-31 04:00:00,,1934.300694054297
2024-08-31 05:00:00,,1929.7915640454755
2024-08-31 06:00:00,,1922.188196627465
2024-08-31 07:00:00,,1914.333424867464
2024-08-31 08:00:00,,1906.508509392179
2024-08-31 09:00:00,,1904.7004636469285
2024-08-31 10:00:00,,1902.9775941694604
2024-08-31 11:00:00,,1893.5520504629703
2024-08-31 12:00:00,,1887.2545815411372
2024-08-31 13:00:00,,1878.257933299357
2024-08-31 14:00:00,,1876.3303924713869
2024-08-31 15:00:00,,1872.0246842580977
2024-08-31 16:00:00,,1868.0828885866306
2024-08-31 17:00:00,,1868.7168176967068
2024-08-31 18:00:00,,1870.9695170944551
2024-08-31 19:00:00,,1871.2183045672143
2024-08-31 20:00:00,,1881.9989161634423
2024-08-31 21:00:00,,1911.937271187515
2024-08-31 22:00:00,,1985.6363438384672
2024-08-31 23:00:00,,2100.264490657097
2024-09-01 00:00:00,,2196.394661936646
2024-09-01 01:00:00,,2374.4504010900473
2024-09-01 02:00:00,,2744.438407607151
2024-09-01 03:00:00,,3424.1707690436933
2024-09-01 04:00:00,,4337.735134176014
2024-09-01 05:00:00,,5523.233805882401
2024-09-01 06:00:00,,7095.337839922715
2024-09-01 07:00:00,,9081.095711183003
2024-09-01 08:00:00,,10696.079610118484
2024-09-01 09:00:00,,11836.967046125066
2024-09-01 10:00:00,,12422.585209842393
2024-09-01 11:00:00,,12725.534321034227
2024-09-01 12:00:00,,12544.265723346722
2024-09-01 13:00:00,,12103.725540617961
2024-09-01 14:00:00,,11340.102809029448
2024-09-01 15:00:00,,10623.776501983459
2024-09-01 16:00:00,,9814.02681580964
2024-09-01 17:00:00,,9180.477733487689
2024-09-01 18:00:00,,8654.356758130445
2024-09-01 19:00:00,,8246.859136254649
2024-09-01 20:00:00,,8092.795242215462
2024-09-01 21:00:00,,8091.978227557837
2024-09-01 22:00:00,,8091.81867424079
2024-09-01 23:00:00,,8090.62028969511
2024-09-02 00:00:00,,8089.907316197331
2024-09-02 01:00:00,,8089.415350486389
2024-09-02 02:00:00,,8088.257207441415
2024-09-02 03:00:00,,8087.832545997298
2024-09-02 04:00:00,,8087.386799144595
2024-09-02 05:00:00,,8087.248882712662
2024-09-02 06:00:00,,8086.9173843717035
2024-09-02 07:00:00,,8086.432362811147
2024-09-02 08:00:00,,8086.360670831467
2024-09-02 09:00:00,,8086.03477779632
2024-09-02 10:00:00,,8085.432380028955
2024-09-02 11:00:00,,8084.138618642385
2024-09-02 12:00:00,,8083.801932530077
2024-09-02 13:00:00,,8083.336620822334
2024-09-02 14:00:00,,8084.076500623475
2024-09-02 15:00:00,,6496.042477933051
2024-09-02 16:00:00,,6058.829061948617
2024-09-02 17:00:00,,5972.105810140446
2024-09-02 18:00:00,,5908.067111332918
2024-09-02 19:00:00,,5704.467202286551
2024-09-02 20:00:00,,5655.2997362024025
2024-09-02 21:00:00,,5603.030363723997
2024-09-02 22:00:00,,5603.042758882097
2024-09-02 23:00:00,,5603.262034629318
2024-09-03 00:00:00,,5505.7251804256175
2024-09-03 01:00:00,,5334.930091100907
2024-09-03 02:00:00,,5382.22576242171
2024-09-03 03:00:00,,5316.372255748306
2024-09-03 04:00:00,,5487.381539033112
2024-09-03 05:00:00,,5362.446029499573
2024-09-03 06:00:00,,5290.049526344105
2024-09-03 07:00:00,,5281.211649481985
2024-09-03 08:00:00,,5260.971967366161
2024-09-03 09:00:00,,5212.609555173723
2024-09-03 10:00:00,,5192.3803007729
2024-09-03 11:00:00,,5187.135230257795
2024-09-03 12:00:00,,5235.7751889968595
2024-09-03 13:00:00,,5346.7771167045175
2024-09-03 14:00:00,,5601.759751165959
2024-09-03 15:00:00,,5897.09971455135
2024-09-03 16:00:00,,5897.69163078713
2024-09-03 17:00:00,,5791.219704168463
2024-09-03 18:00:00,,5822.1012176928
2024-09-03 19:00:00,,5807.639940408999
2024-09-03 20:00:00,,5756.569961009698
2024-09-03 21:00:00,,5627.077045924048
2024-09-03 22:00:00,,5486.033616585
2024-09-03 23:00:00,,5378.035643698127
2024-09-04 00:00:00,,5263.54379617622
2024-09-04 01:00:00,,5118.381825658725
2024-09-04 02:00:00,,5036.122269809042
2024-09-04 03:00:00,,4986.874247164738
2024-09-04 04:00:00,,4913.613836471111
2024-09-04 05:00:00,,4862.051646343442
2024-09-04 06:00:00,,4796.580319063903
2024-09-04 07:00:00,,4777.503070011852
2024-09-04 08:00:00,,4749.448507498069
2024-09-04 09:00:00,,4731.126892430858
2024-09-04 10:00:00,,4684.370808230872
2024-09-04 11:00:00,,4629.648877536195
2024-09-04 12:00:00,,4559.453983371938
2024-09-04 13:00:00,,4486.799576503829
2024-09-04 14:00:00,,4439.013138233157
2024-09-04 15:00:00,,4404.162770824625
2024-09-04 16:00:00,,4371.625362709901
2024-09-04 17:00:00,,4334.602128880623
2024-09-04 18:00:00,,4279.632558987527
2024-09-04 19:00:00,,4228.523779675861
2024-09-04 20:00:00,,4176.103373660758
2024-09-04 21:00:00,,4131.626410950357
2024-09-04 22:00:00,,4085.922645016051
2024-09-04 23:00:00,,4057.7957899001485
2024-09-05 00:00:00,,4019.698654352465
2024-09-05 01:00:00,,3986.5523645964413
2024-09-05 02:00:00,,3969.067072688963
2024-09-05 03:00:00,,3936.096252620456
2024-09-05 04:00:00,,3902.508296410377
2024-09-05 05:00:00,,3875.8409413058603
2024-09-05 06:00:00,,3845.345097126569
2024-09-05 07:00:00,,3823.9330344897357
2024-09-05 08:00:00,,3808.42748438835
2024-09-05 09:00:00,,3780.738402379065
2024-09-05 10:00:00,,3777.1971967811214
2024-09-05 11:00:00,,3775.736886130803
2024-09-05 12:00:00,,3783.5704645400733
2024-09-05 13:00:00,,3818.6437451278657
2024-09-05 14:00:00,,3904.3608065073354
2024-09-05 15:00:00,,3939.1465895164984
2024-09-05 16:00:00,,3972.869071573037
2024-09-05 17:00:00,,3998.581041987159
2024-09-05 18:00:00,,4028.396947367121
2024-09-05 19:00:00,,4082.623209580265
2024-09-05 20:00:00,,4159.563950309156
2024-09-05 21:00:00,,4238.33144430701
2024-09-05 22:00:00,,4375.339324320756
2024-09-05 23:00:00,,4587.1188073035855
2024-09-06 00:00:00,,4811.829232745299
2024-09-06 01:00:00,,4996.858648966453
2024-09-06 02:00:00,,5048.334368848867
2024-09-06 03:00:00,,5019.047594428118
2024-09-06 04:00:00,,4978.122239309575
2024-09-06 05:00:00,,4899.550451122582
2024-09-06 06:00:00,,4846.212192886186
2024-09-06 07:00:00,,4741.951157543362
2024-09-06 08:00:00,,4679.804223137177
2024-09-06 09:00:00,,4586.381701385544
2024-09-06 10:00:00,,4502.054194994254
2024-09-06 11:00:00,,4421.923491056828
2024-09-06 12:00:00,,4357.50202465748
2024-09-06 13:00:00,,4298.089731197091
2024-09-06 14:00:00,,4258.678887389477
2024-09-06 15:00:00,,4250.862685537272
2024-09-06 16:00:00,,4214.212939116849
2024-09-06 17:00:00,,4226.913273268438
2024-09-06 18:00:00,,4235.80826545652
2024-09-06 19:00:00,,4267.890713798146
2024-09-06 20:00:00,,4285.933231678399
2024-09-06 21:00:00,,4295.020742624281
2024-09-06 22:00:00,,4324.25500817119
2024-09-06 23:00:00,,4341.687263703695
2024-09-07 00:00:00,,4369.584159268832
2024-09-07 01:00:00,,4364.731014965407
2024-09-07 02:00:00,,4346.197564695236
2024-09-07 03:00:00,,4368.386055189775
2024-09-07 04:00:00,,4377.9928173579665
2024-09-07 05:00:00,,4384.841481406833
2024-09-07 06:00:00,,4355.538419287723
2024-09-07 07:00:00,,4366.396159094006
2024-09-07 08:00:00,,4378.348192789001
2024-09-07 09:00:00,,4399.288291567249
2024-09-07 10:00:00,,4367.649523518114
2024-09-07 11:00:00,,4316.1944738113625
2024-09-07 12:00:00,,4293.260093747399
2024-09-07 13:00:00,,4235.774086419785
2024-09-07 14:00:00,,4186.63529824848
2024-09-07 15:00:00,,4177.030901027616
2024-09-07 16:00:00,,4228.30665889197
2024-09-07 17:00:00,,4314.46987382431
2024-09-07 18:00:00,,4488.514494252248
2024-09-07 19:00:00,,4710.569115310121
2024-09-07 20:00:00,,4918.926496256676
2024-09-07 21:00:00,,5140.925376511339
2024-09-07 22:00:00,,5549.423906485932
2024-09-07 23:00:00,,6005.261955461753
2024-09-08 01:00:00,,6348.750956982019
2024-09-08 02:00:00,,6394.681964342006
2024-09-08 03:00:00,,6352.46495369481
2024-09-08 04:00:00,,6324.463362126828
2024-09-08 05:00:00,,6281.7466481527945
2024-09-08 06:00:00,,6184.387657918365
2024-09-08 07:00:00,,6180.9070098076945
2024-09-08 08:00:00,,6000.048751321235
2024-09-08 09:00:00,,5743.523120103738
2024-09-08 10:00:00,,5678.80517952233
2024-09-08 11:00:00,,5826.831532462743
2024-09-08 12:00:00,,6591.150514367169
2024-09-08 13:00:00,,8302.928008288622
2024-09-08 14:00:00,,10632.999320873225
2024-09-08 15:00:00,,12616.128858211696
2024-09-08 16:00:00,,12613.723030576944
2024-09-08 17:00:00,,12477.133576319044
2024-09-08 18:00:00,,12009.038739128591
2024-09-08 19:00:00,,11639.102744027803
2024-09-08 20:00:00,,11167.192932806845
2024-09-08 21:00:00,,10532.859656172473
2024-09-08 22:00:00,,10036.986756984168
2024-09-08 23:00:00,,9837.818931800311
2024-09-09 00:00:00,,9851.035156479296
2024-09-09 01:00:00,,10116.29521416535
2024-09-09 02:00:00,,10407.23554574237
2024-09-09 03:00:00,,10580.482762623631
2024-09-09 04:00:00,,11235.99979011297
2024-09-09 05:00:00,,11843.899266071128
2024-09-09 06:00:00,,12122.338842482328
2024-09-09 07:00:00,,11855.086708739957
2024-09-09 08:00:00,,11354.439953401243
2024-09-09 09:00:00,,11063.476648024964
2024-09-09 10:00:00,,10949.479179608406
2024-09-09 11:00:00,,10508.62797001041
2024-09-09 12:00:00,,9988.018943976633
2024-09-09 13:00:00,,9548.805261391723
2024-09-09 14:00:00,,9423.613700262285
2024-09-09 15:00:00,,9422.155111477286
2024-09-09 16:00:00,,9392.766361312739
2024-09-09 17:00:00,,9265.358997406009
2024-09-09 18:00:00,,9264.441747947069
2024-09-09 19:00:00,,9263.890884582212
2024-09-09 20:00:00,,9262.635923707578
2024-09-09 21:00:00,,9181.47856357694
2024-09-09 22:00:00,,7763.850925785251
2024-09-09 23:00:00,,7787.753373607024
2024-09-10 00:00:00,,7787.979708075279
2024-09-10 01:00:00,,7786.703164500575
2024-09-10 02:00:00,,7785.563827219324
2024-09-10 03:00:00,,7785.043357376848
2024-09-10 04:00:00,,7784.876077876215
2024-09-10 05:00:00,,7784.15453437052
2024-09-10 06:00:00,,7783.192090085851
2024-09-10 07:00:00,,7783.010045965504
2024-09-10 08:00:00,,7783.970383139013
2024-09-10 09:00:00,,7782.562565673965
2024-09-10 10:00:00,,7782.638126223348
2024-09-10 11:00:00,,7781.526362766404
2024-09-10 12:00:00,,7780.209713081385
2024-09-10 13:00:00,,7780.309679768026
2024-09-10 14:00:00,,7779.743408594426
2024-09-10 15:00:00,,7367.285688125337
2024-09-10 16:00:00,,5406.523392095024
2024-09-10 17:00:00,,5273.889980637081
2024-09-10 18:00:00,,5207.924355648508
2024-09-10 19:00:00,,5158.623835015197
2024-09-10 20:00:00,,5118.94773086381
2024-09-10 21:00:00,,5079.817090224328
2024-09-10 22:00:00,,5028.5015858574525
2024-09-10 23:00:00,,5014.732014238278
2024-09-11 00:00:00,,5013.536684583192
2024-09-11 01:00:00,,5013.50304467783
2024-09-11 02:00:00,,5013.117024685766
2024-09-11 03:00:00,,5012.810886197632
2024-09-11 04:00:00,,4845.407264390003
2024-09-11 05:00:00,,4641.740452000001
2024-09-11 06:00:00,,4625.456299731643
2024-09-11 07:00:00,,4599.472499159476
2024-09-11 08:00:00,,4564.274516081329
2024-09-11 09:00:00,,4558.124429928399
2024-09-11 10:00:00,,4562.586915417058
2024-09-11 11:00:00,,4603.6461403193525
2024-09-11 12:00:00,,4588.613019805805
2024-09-11 13:00:00,,4554.489461364323
2024-09-11 14:00:00,,4532.070082334204
2024-09-11 15:00:00,,4519.123822294414
2024-09-11 16:00:00,,4508.71519929502
2024-09-11 17:00:00,,4519.123333927862
2024-09-11 18:00:00,,4531.880607933009
2024-09-11 19:00:00,,4569.011546770341
2024-09-11 20:00:00,,4609.299577874947
2024-09-11 21:00:00,,4658.023923733458
2024-09-11 22:00:00,,4753.593369358319
2024-09-11 23:00:00,,4821.92016299228
2024-09-12 00:00:00,,4885.3618243247665
2024-09-12 01:00:00,,4881.576995295803
2024-09-12 02:00:00,,4862.393291128214
2024-09-12 03:00:00,,4807.135313880679
2024-09-12 04:00:00,,4753.714619074601
2024-09-12 05:00:00,,4716.3166210910795
2024-09-12 06:00:00,,4712.118011378189
2024-09-12 07:00:00,,4711.645454387199
2024-09-12 08:00:00,,4607.815330641564
2024-09-12 09:00:00,,4560.661164106123
2024-09-12 10:00:00,,4531.508343830508
2024-09-12 11:00:00,,4521.977866797975
2024-09-12 12:00:00,,4500.271825322364
2024-09-12 13:00:00,,4505.343257999689
2024-09-12 14:00:00,,4509.364885451262
2024-09-12 15:00:00,,4534.410882376935
2024-09-12 16:00:00,,4626.740794873906
2024-09-12 17:00:00,,4831.44039372718
2024-09-12 18:00:00,,5238.646215536099
2024-09-12 19:00:00,,6077.637327381427
2024-09-12 20:00:00,,6888.108015009105
2024-09-12 21:00:00,,7201.230857468062
2024-09-12 22:00:00,,7677.774561433821
2024-09-12 23:00:00,,7906.111839076416
2024-09-13 00:00:00,,7905.394605910587
2024-09-13 01:00:00,,7904.709780173212
2024-09-13 02:00:00,,7902.843502920147
2024-09-13 03:00:00,,7901.757824533675
2024-09-13 04:00:00,,7901.485599255636
2024-09-13 05:00:00,,7900.553488052737
2024-09-13 06:00:00,,7899.054156041941
2024-09-13 07:00:00,,7897.008801904028
2024-09-13 08:00:00,,7898.372878655254
2024-09-13 09:00:00,,7896.696884958385
2024-09-13 10:00:00,,7858.090702775647
2024-09-13 11:00:00,,7845.130908365285
2024-09-13 12:00:00,,6267.315108651257
2024-09-13 13:00:00,,5007.701492028286
2024-09-13 14:00:00,,4937.071340031401
2024-09-13 15:00:00,,4857.91724572823
2024-09-13 16:00:00,,4779.123224463081
2024-09-13 17:00:00,,4736.583100763631
2024-09-13 18:00:00,,4680.335983817742
2024-09-13 19:00:00,,4641.457339353634
2024-09-13 20:00:00,,4598.818563076039
2024-09-13 21:00:00,,4552.431911711289
2024-09-13 22:00:00,,4483.591127971906
2024-09-13 23:00:00,,4429.700437221365
2024-09-14 00:00:00,,4388.515422647863
2024-09-14 01:00:00,,4335.612738480974
2024-09-14 02:00:00,,4289.021128474532
2024-09-14 03:00:00,,4240.045402247546
2024-09-14 04:00:00,,4185.520234785508
2024-09-14 05:00:00,,4149.466484020861
2024-09-14 06:00:00,,4094.1917199308778
2024-09-14 07:00:00,,4032.9656397920203
2024-09-14 08:00:00,,3994.2312711288646
2024-09-14 09:00:00,,3945.004103054353
2024-09-14 10:00:00,,3894.0422936548134
2024-09-14 11:00:00,,3860.905029320163
2024-09-14 12:00:00,,3809.0059355300773
2024-09-14 13:00:00,,3783.931643475367
2024-09-14 14:00:00,,3747.769286527456
2024-09-14 15:00:00,,3724.1329383151615
2024-09-14 16:00:00,,3710.3858520351537
2024-09-14 17:00:00,,3707.7387900225244
2024-09-14 18:00:00,,3870.95377128151
2024-09-14 19:00:00,,4425.227478858048
2024-09-14 20:00:00,,5029.8374621524945
2024-09-14 21:00:00,,5133.037258064841
2024-09-14 22:00:00,,4941.731144092146
2024-09-14 23:00:00,,4808.229660445627
2024-09-15 00:00:00,,4711.956654636428
2024-09-15 01:00:00,,4708.262043586003
2024-09-15 02:00:00,,4922.239396252121
2024-09-15 03:00:00,,5137.5685419001675
2024-09-15 04:00:00,,5111.508976663868
2024-09-15 05:00:00,,4999.142300015021
2024-09-15 06:00:00,,4949.604728226061
2024-09-15 07:00:00,,4898.599624927304
2024-09-15 08:00:00,,4771.793196851298
2024-09-15 09:00:00,,4739.967769221619
2024-09-15 10:00:00,,4779.042696122177
2024-09-15 11:00:00,,4796.650327034746
2024-09-15 12:00:00,,4970.650066226347
2024-09-15 13:00:00,,5257.694398145651
2024-09-15 14:00:00,,5752.70372429127
2024-09-15 15:00:00,,6595.161108901465
2024-09-15 16:00:00,,7476.205277861399
2024-09-15 17:00:00,,8162.510967301976
2024-09-15 18:00:00,,8364.676792445533
2024-09-15 19:00:00,,8596.857310287143
2024-09-15 20:00:00,,8595.018116948007
2024-09-15 21:00:00,,8593.39661174802
2024-09-15 22:00:00,,8592.863263182076
2024-09-15 23:00:00,,8592.079875458221
2024-09-16 00:00:00,,8592.075824069636
2024-09-16 01:00:00,,8592.003434439033
2024-09-16 02:00:00,,8591.863330380686
2024-09-16 03:00:00,,8591.685416699025
2024-09-16 04:00:00,,8591.859859366456
2024-09-16 05:00:00,,8591.626130526642
2024-09-16 06:00:00,,8592.291809524319
2024-09-16 07:00:00,,8593.04326837299
2024-09-16 08:00:00,,8591.645848614944
2024-09-16 09:00:00,,8591.694545633294
2024-09-16 10:00:00,,8591.741713295123
2024-09-16 11:00:00,,8592.37477653717
2024-09-16 12:00:00,,8591.775652964543
2024-09-16 13:00:00,,8591.221348603854
2024-09-16 14:00:00,,8591.20253658692
2024-09-16 15:00:00,,7580.692079234377
2024-09-16 16:00:00,,4837.998225146617
2024-09-16 17:00:00,,4769.008320849366
2024-09-16 18:00:00,,4717.33206345123
2024-09-16 19:00:00,,4654.107300603332
2024-09-16 20:00:00,,4654.784846308679
2024-09-16 21:00:00,,4654.376050444242
2024-09-16 22:00:00,,4653.692595714045
2024-09-16 23:00:00,,4621.820614621104
2024-09-17 00:00:00,,4338.91346159111
2024-09-17 01:00:00,,4305.1125426761355
2024-09-17 02:00:00,,4304.6178365042315
2024-09-17 03:00:00,,4322.897274779052
2024-09-17 04:00:00,,4342.693345155082
2024-09-17 05:00:00,,4334.031416055711
2024-09-17 06:00:00,,4375.396863891552
2024-09-17 07:00:00,,4419.063101667021
2024-09-17 08:00:00,,4480.754395180786
2024-09-17 09:00:00,,4517.689802460551
2024-09-17 10:00:00,,4562.014696338224
2024-09-17 11:00:00,,4568.214099492271
2024-09-17 12:00:00,,4618.96956367152
2024-09-17 13:00:00,,4755.937712848693
2024-09-17 14:00:00,,4967.198228005729
2024-09-17 15:00:00,,5134.906806292747
2024-09-17 16:00:00,,5228.704228125453
2024-09-17 17:00:00,,5257.523577297821
2024-09-17 18:00:00,,5331.562291815662
2024-09-17 19:00:00,,5312.079976567413
2024-09-17 20:00:00,,5462.84951879041
2024-09-17 21:00:00,,5759.849631663724
2024-09-17 22:00:00,,6303.105996137603
2024-09-17 23:00:00,,6951.663300069192
2024-09-18 00:00:00,,7769.050016933218
2024-09-18 01:00:00,,8018.167591341182
2024-09-18 02:00:00,,8017.89330007299
2024-09-18 03:00:00,,8019.925867277573
2024-09-18 04:00:00,,8019.548623758219
2024-09-18 05:00:00,,8019.954720124671
2024-09-18 06:00:00,,8020.334757673458
2024-09-18 07:00:00,,8020.357608178455
2024-09-18 08:00:00,,8020.341665889257
2024-09-18 09:00:00,,8020.53083490616
2024-09-18 10:00:00,,8020.157938022527
2024-09-18 11:00:00,,8019.0180674996855
2024-09-18 12:00:00,,8017.813400957667
2024-09-18 13:00:00,,8012.789387482143
2024-09-18 14:00:00,,8012.097201988597
2024-09-18 15:00:00,,8011.7167977225845
2024-09-18 16:00:00,,8011.21498941944
2024-09-18 17:00:00,,8012.219708794998
2024-09-18 18:00:00,,8012.226167314758
2024-09-18 19:00:00,,8011.0373991971355
2024-09-18 20:00:00,,8011.400170931477
2024-09-18 21:00:00,,8011.340853497424
2024-09-18 22:00:00,,8011.728244875939
2024-09-18 23:00:00,,8011.351025086732
2024-09-19 00:00:00,,8011.147574654783
2024-09-19 01:00:00,,7388.598161705629
2024-09-19 02:00:00,,5041.253114568662
2024-09-19 03:00:00,,4983.81898461911
2024-09-19 04:00:00,,4942.073680323909
2024-09-19 05:00:00,,4908.357750790954
2024-09-19 06:00:00,,4857.905333951238
2024-09-19 07:00:00,,4831.072271093791
2024-09-19 08:00:00,,4830.633123047558
2024-09-19 09:00:00,,4800.829671136366
2024-09-19 10:00:00,,4766.475092507909
2024-09-19 11:00:00,,4754.123189247011
2024-09-19 12:00:00,,4747.276607301528
2024-09-19 13:00:00,,4768.089519076216
2024-09-19 14:00:00,,4789.886402756163
2024-09-19 15:00:00,,4778.899346774934
2024-09-19 16:00:00,,4838.86560195728
2024-09-19 17:00:00,,5045.319881496211
2024-09-19 18:00:00,,5463.123321077472
2024-09-19 19:00:00,,5746.750899657497
2024-09-19 20:00:00,,5751.621130159633
2024-09-19 21:00:00,,5837.612190019178
2024-09-19 22:00:00,,5989.872277583598
2024-09-19 23:00:00,,5994.274134650247
2024-09-20 00:00:00,,5994.7123105976525
2024-09-20 01:00:00,,5994.105703214212
2024-09-20 02:00:00,,5536.425036189129
2024-09-20 03:00:00,,5439.118115734578
2024-09-20 04:00:00,,5438.874921844093
2024-09-20 05:00:00,,5439.02622329199
2024-09-20 06:00:00,,5162.386265459865
2024-09-20 07:00:00,,4957.11056521153
2024-09-20 08:00:00,,4905.72095706506
2024-09-20 09:00:00,,4847.36791272992
2024-09-20 10:00:00,,4776.921077057446
2024-09-20 11:00:00,,4717.084733719492
2024-09-20 12:00:00,,4694.8297629597755
2024-09-20 13:00:00,,4678.727785671111
2024-09-20 14:00:00,,4718.638082288956
2024-09-20 15:00:00,,4926.704366763629
2024-09-20 16:00:00,,5214.808415326673
2024-09-20 17:00:00,,5535.2718039234705
2024-09-20 18:00:00,,5589.394717130393
2024-09-20 19:00:00,,5590.654819120099
2024-09-20 20:00:00,,5589.084674988387
2024-09-20 21:00:00,,5416.592183502661
2024-09-20 22:00:00,,5282.778534377879
2024-09-20 23:00:00,,5247.938458539501
2024-09-21 00:00:00,,5208.620353134829
2024-09-21 01:00:00,,5192.91023669381
2024-09-21 02:00:00,,5165.792336967774
2024-09-21 03:00:00,,5229.8697435909025
2024-09-21 04:00:00,,5320.633877119582
2024-09-21 05:00:00,,5412.216293661746
2024-09-21 06:00:00,,5285.644042109893
2024-09-21 07:00:00,,5182.294840221878
2024-09-21 08:00:00,,5151.4381240696275
2024-09-21 09:00:00,,5145.32931902272
2024-09-21 10:00:00,,5124.196123308029
2024-09-21 11:00:00,,5110.556249154941
2024-09-21 12:00:00,,5197.662834495874
2024-09-21 13:00:00,,5304.170618457002
2024-09-21 14:00:00,,5418.867492799168
2024-09-21 15:00:00,,5425.861166281968
2024-09-21 16:00:00,,5447.701557396957
2024-09-21 17:00:00,,5325.644640460311
2024-09-21 18:00:00,,5258.499764878357
2024-09-21 19:00:00,,5257.265897005201
2024-09-21 20:00:00,,5256.64402992344
2024-09-21 21:00:00,,5256.305919401152
2024-09-21 22:00:00,,5256.505718835025
2024-09-21 23:00:00,,5015.109481572056
2024-09-22 00:00:00,,4721.201017448927
2024-09-22 01:00:00,,4685.698118748796
2024-09-22 02:00:00,,4646.820981347467
2024-09-22 03:00:00,,4580.043873229329
2024-09-22 04:00:00,,4505.271675972293
2024-09-22 05:00:00,,4448.074373070193
2024-09-22 06:00:00,,4386.032350091674
2024-09-22 07:00:00,,4341.8812085489735
2024-09-22 08:00:00,,4491.711316466362
2024-09-22 09:00:00,,4833.756494272396
2024-09-22 10:00:00,,5291.373276744453
2024-09-22 11:00:00,,5564.311122981666
2024-09-22 12:00:00,,6026.910469430582
2024-09-22 13:00:00,,6472.002550781845
2024-09-22 14:00:00,,6606.316894138594
2024-09-22 15:00:00,,6628.082202533238
2024-09-22 16:00:00,,6676.925136466897
2024-09-22 17:00:00,,6660.83668783681
2024-09-22 18:00:00,,6660.769390734677
2024-09-22 19:00:00,,6660.527095011912
2024-09-22 20:00:00,,6660.835476070684
2024-09-22 21:00:00,,6661.2260983522665
2024-09-22 22:00:00,,6659.988897024885
2024-09-22 23:00:00,,6660.232525924555
2024-09-23 00:00:00,,6660.41622555637
2024-09-23 01:00:00,,6659.7719685806005
2024-09-23 02:00:00,,6661.006687533327
2024-09-23 03:00:00,,6660.819779514218
2024-09-23 04:00:00,,6660.503963801373
2024-09-23 05:00:00,,6659.962525681356
2024-09-23 06:00:00,,6660.034302206296
2024-09-23 07:00:00,,6659.805652836172
2024-09-23 08:00:00,,6659.000405615043
2024-09-23 09:00:00,,6660.177497070215
2024-09-23 10:00:00,,5654.591715303691
2024-09-23 11:00:00,,4213.938535584728
2024-09-23 12:00:00,,4139.091723226229
2024-09-23 13:00:00,,4096.429000332739
2024-09-23 14:00:00,,4073.7642580870233
2024-09-23 15:00:00,,4026.897213068423
2024-09-23 16:00:00,,3989.6695955339314
2024-09-23 17:00:00,,3945.6642631792347
2024-09-23 18:00:00,,3932.1280762508445
2024-09-23 19:00:00,,3884.0390572178794
2024-09-23 20:00:00,,3854.6441633948266
2024-09-23 21:00:00,,3807.7170176166655
2024-09-23 22:00:00,,3773.3228358224105
2024-09-23 23:00:00,,3740.494383141906
2024-09-24 00:00:00,,3723.2494604805465
2024-09-24 01:00:00,,3778.9394022759852
2024-09-24 02:00:00,,3924.0251893208138
2024-09-24 03:00:00,,4251.195048397847
2024-09-24 04:00:00,,4826.741851153722
2024-09-24 05:00:00,,5606.030821139148
2024-09-24 06:00:00,,5934.690149200972
2024-09-24 07:00:00,,5934.406495972647
2024-09-24 08:00:00,,5933.992163524393
2024-09-24 09:00:00,,5934.473227919987
2024-09-24 10:00:00,,5933.74862541301
2024-09-24 11:00:00,,5933.28993558398
2024-09-24 12:00:00,,5933.150824625256
2024-09-24 13:00:00,,4943.065652676502
2024-09-24 14:00:00,,4412.9785560494565
2024-09-24 15:00:00,,4319.383301560275
2024-09-24 16:00:00,,4266.350987638506
2024-09-24 17:00:00,,4228.21787089428
2024-09-24 18:00:00,,4195.579219209023
2024-09-24 19:00:00,,4141.115084889207
2024-09-24 20:00:00,,4075.981902759239
2024-09-24 21:00:00,,4016.820345544769
2024-09-24 22:00:00,,3979.3806650368897
2024-09-24 23:00:00,,3905.1506977097897
2024-09-25 00:00:00,,3828.867010944856
2024-09-25 01:00:00,,3775.4452140896224
2024-09-25 02:00:00,,3738.044282343368
2024-09-25 03:00:00,,3681.982318549674
2024-09-25 04:00:00,,3642.736267507591
2024-09-25 05:00:00,,3600.9138068358184
2024-09-25 06:00:00,,3546.402933350584
2024-09-25 07:00:00,,3523.2728075247273
2024-09-25 08:00:00,,3483.2913463018253
2024-09-25 09:00:00,,3426.2255725450705
2024-09-25 10:00:00,,3387.507139682828
2024-09-25 11:00:00,,3344.4615351468956
2024-09-25 12:00:00,,3317.592829356104
2024-09-25 13:00:00,,3284.3868574988683
2024-09-25 14:00:00,,3250.34065209397
2024-09-25 15:00:00,,3232.59137514202
2024-09-25 16:00:00,,3233.5048614288517
2024-09-25 17:00:00,,3234.8865251469547
2024-09-25 18:00:00,,3239.6771834549018
2024-09-25 19:00:00,,3252.0757700669687
2024-09-25 20:00:00,,3250.121919394097
2024-09-25 21:00:00,,3255.637843855289
2024-09-25 22:00:00,,3237.497715509286
2024-09-25 23:00:00,,3223.0782871261563
2024-09-26 00:00:00,,3194.502868687885
2024-09-26 01:00:00,,3167.791892382637
2024-09-26 02:00:00,,3173.3381855428497
2024-09-26 03:00:00,,3167.167787431226
2024-09-26 04:00:00,,3141.2941753038303
2024-09-26 05:00:00,,3120.194562878019
2024-09-26 06:00:00,,3113.2414757535416
2024-09-26 07:00:00,,3086.449409981099
2024-09-26 08:00:00,,3073.498254183792
2024-09-26 09:00:00,,3059.58137772473
2024-09-26 10:00:00,,3023.800153768737
2024-09-26 11:00:00,,2988.7507387750343
2024-09-26 12:00:00,,2962.5278624359858
2024-09-26 13:00:00,,2944.8155016345277
2024-09-26 14:00:00,,2932.375643580554
2024-09-26 15:00:00,,2922.7497247603815
2024-09-26 16:00:00,,2913.8766738866766
2024-09-26 17:00:00,,2909.5562419214357
2024-09-26 18:00:00,,2912.848860174545
2024-09-26 19:00:00,,2900.3061536259593
2024-09-26 20:00:00,,2900.672787342981
2024-09-26 21:00:00,,2882.6846664720415
2024-09-26 22:00:00,,2877.8023395270347
2024-09-26 23:00:00,,2858.4083003436936
2024-09-27 00:00:00,,2853.032787916104
2024-09-27 01:00:00,,2837.873386012701
2024-09-27 02:00:00,,2806.923134957311
2024-09-27 03:00:00,,2802.3591055272877
2024-09-27 04:00:00,,2786.645412879359
2024-09-27 05:00:00,,2780.0851419985493
2024-09-27 06:00:00,,2764.1173942892983
2024-09-27 07:00:00,,2757.9636411193765
2024-09-27 08:00:00,,2758.6092311419006
2024-09-27 09:00:00,,2744.4969128408825
2024-09-27 10:00:00,,2847.217380467826
2024-09-27 11:00:00,,3113.001744126272
2024-09-27 12:00:00,,2967.301255812671
2024-09-27 13:00:00,,3052.321431342984
2024-09-27 14:00:00,,3239.815873324948
2024-09-27 15:00:00,,3541.903436611501
2024-09-27 16:00:00,,3872.2957414809207
2024-09-27 17:00:00,,4280.850812600355
2024-09-27 18:00:00,,5029.224376907978
2024-09-27 19:00:00,,5354.518978617767
2024-09-27 20:00:00,,5622.979151211057
2024-09-27 21:00:00,,6075.947955909992
2024-09-27 22:00:00,,6646.465834614879
2024-09-27 23:00:00,,6802.497908568287
2024-09-28 00:00:00,,6802.533313391009
2024-09-28 01:00:00,,6803.4098720502125
2024-09-28 02:00:00,,8119.414410217736
2024-09-28 03:00:00,,8595.492891431306
2024-09-28 04:00:00,,9327.691267661792
2024-09-28 05:00:00,,9809.497434224839
2024-09-28 06:00:00,,10123.720939049583
2024-09-28 07:00:00,,10133.451190013102
2024-09-28 08:00:00,,10133.369817283534
2024-09-28 09:00:00,,10133.554035509944
2024-09-28 10:00:00,,10133.537239548854
2024-09-28 11:00:00,,7876.849899373334
2024-09-28 12:00:00,,7783.836545111004
2024-09-28 13:00:00,,7318.636012042249
2024-09-28 14:00:00,,7238.989385653975
2024-09-28 15:00:00,,7193.937532518805
2024-09-28 16:00:00,,7446.171119958181
2024-09-28 17:00:00,,7665.217823086852
2024-09-28 18:00:00,,7743.611500581293
2024-09-28 19:00:00,,8734.202493255487
2024-09-28 20:00:00,,10613.393980129824
2024-09-28 21:00:00,,12868.62002617758
2024-09-28 22:00:00,,13197.640025928418
2024-09-28 23:00:00,,12452.725679193158
2024-09-29 00:00:00,,11848.968119551753
2024-09-29 01:00:00,,11744.257021581554
2024-09-29 02:00:00,,12381.762920292716
2024-09-29 03:00:00,,13047.799879982687
2024-09-29 04:00:00,,13285.880072314963
2024-09-29 05:00:00,,12951.573791155684
2024-09-29 06:00:00,,12841.118037345854
2024-09-29 07:00:00,,13191.89516810073
2024-09-29 08:00:00,,13722.755772053055
2024-09-29 09:00:00,,13852.487160511737
2024-09-29 10:00:00,,13319.75462333227
2024-09-29 11:00:00,,12456.524076888665
2024-09-29 12:00:00,,11691.569376610703
2024-09-29 13:00:00,,11018.862306733758
2024-09-29 14:00:00,,10479.017189449798
2024-09-29 15:00:00,,9999.333592617679
2024-09-29 16:00:00,,9529.408118508378
2024-09-29 17:00:00,,9219.098747173262
2024-09-29 18:00:00,,9176.623545297147
2024-09-29 19:00:00,,9176.350075122802
2024-09-29 20:00:00,,9176.317327415149
2024-09-29 21:00:00,,9176.189759238998
2024-09-29 22:00:00,,9176.208958909516
2024-09-29 23:00:00,,9175.887095917245
2024-09-30 00:00:00,,9176.053156754624
2024-09-30 01:00:00,,9174.955885008452
2024-09-30 02:00:00,,9173.782866067559
2024-09-30 03:00:00,,9174.537921563717
2024-09-30 04:00:00,,9174.566785350265
2024-09-30 05:00:00,,9174.751063214027
2024-09-30 06:00:00,,9173.579327130528
2024-09-30 07:00:00,,9174.219347994795
2024-09-30 08:00:00,,9173.689942120754
2024-09-30 09:00:00,,9174.588739676221
2024-09-30 10:00:00,,9172.583118118295
2024-09-30 11:00:00,,9173.627775337525
2024-09-30 12:00:00,,9059.09372400418
2024-09-30 13:00:00,,5852.36351701681
2024-09-30 14:00:00,,5540.380882194277
2024-09-30 15:00:00,,5489.030817593815
2024-09-30 16:00:00,,5423.818903910892
2024-09-30 17:00:00,,5404.57136542035
2024-09-30 18:00:00,,5358.783018687946
2024-09-30 19:00:00,,5274.708770118997
2024-09-30 20:00:00,,5252.72522235051
2024-09-30 21:00:00,,5252.112154264764
2024-09-30 22:00:00,,5251.8822527935445
2024-09-30 23:00:00,,5250.774293463567
2024-10-01 00:00:00,,5251.186621698209
2024-10-01 01:00:00,,5251.343699922041
2024-10-01 02:00:00,,5251.102422710617
2024-10-01 03:00:00,,5250.7640838751195
2024-10-01 04:00:00,,5250.606314290706
2024-10-01 05:00:00,,5250.677618349508
2024-10-01 06:00:00,,5250.484943236782
2024-10-01 07:00:00,,5250.421942677303
2024-10-01 08:00:00,,5250.773273071197
2024-10-01 09:00:00,,5251.578848039813
2024-10-01 10:00:00,,4982.90997347088
2024-10-01 11:00:00,,4477.576017872274
2024-10-01 12:00:00,,4331.597145186779
2024-10-01 13:00:00,,4301.790555677485
2024-10-01 14:00:00,,4267.739707190575
2024-10-01 15:00:00,,4264.598133885363
2024-10-01 16:00:00,,4330.318635685746
2024-10-01 17:00:00,,4444.4504379153295
2024-10-01 18:00:00,,4652.999351556382
2024-10-01 19:00:00,,4860.362842649955
2024-10-01 20:00:00,,5039.519785308028
2024-10-01 21:00:00,,5143.459929663246
2024-10-01 22:00:00,,5154.864577825488
2024-10-01 23:00:00,,5153.815664308755
2024-10-02 00:00:00,,5153.470202192684
2024-10-02 01:00:00,,5152.852714101343
2024-10-02 02:00:00,,5153.173956799911
2024-10-02 03:00:00,,5152.679231865966
2024-10-02 04:00:00,,5152.317975604509
2024-10-02 05:00:00,,5152.267110233336
2024-10-02 06:00:00,,5151.9118167722945
2024-10-02 07:00:00,,5151.912611444464
2024-10-02 08:00:00,,4891.943269879326
2024-10-02 09:00:00,,4396.453986598187
2024-10-02 10:00:00,,4374.488148750441
2024-10-02 11:00:00,,4328.97299200839
2024-10-02 12:00:00,,4291.602852014959
2024-10-02 13:00:00,,4265.108784512118
2024-10-02 14:00:00,,4257.075792621005
2024-10-02 15:00:00,,4270.436320499374
2024-10-02 16:00:00,,4268.7103935050445
2024-10-02 17:00:00,,4263.097973167938
2024-10-02 18:00:00,,4252.058811346477
2024-10-02 19:00:00,,4266.607675188372
2024-10-02 20:00:00,,4252.516492697149
2024-10-02 21:00:00,,4219.087529920137
2024-10-02 22:00:00,,4226.915163730216
2024-10-02 23:00:00,,4202.868800864295
2024-10-03 00:00:00,,4162.519653021109
2024-10-03 01:00:00,,4145.36230711632
2024-10-03 02:00:00,,4122.932191462508
2024-10-03 03:00:00,,4086.1436276653126
2024-10-03 04:00:00,,4031.905261759538
2024-10-03 05:00:00,,3998.714921908917
2024-10-03 06:00:00,,3977.2378838435243
2024-10-03 07:00:00,,3952.9293003909493
2024-10-03 08:00:00,,3945.4574340397858
2024-10-03 09:00:00,,3923.8821773746745
2024-10-03 10:00:00,,3901.6437741253853
2024-10-03 11:00:00,,3890.781836467404
2024-10-03 12:00:00,,3858.761472624598
2024-10-03 13:00:00,,3813.192073720858
2024-10-03 14:00:00,,3796.1178405212836
2024-10-03 15:00:00,,3778.2797104508563
2024-10-03 16:00:00,,3751.6770706112266
2024-10-03 17:00:00,,3740.7428168543224
2024-10-03 18:00:00,,3720.5772258889015
2024-10-03 19:00:00,,3721.2093232248176
2024-10-03 20:00:00,,3719.767886902167
2024-10-03 21:00:00,,3720.465421475947
2024-10-03 22:00:00,,3716.4887717667502
2024-10-03 23:00:00,,3702.444183728813
2024-10-04 00:00:00,,3737.1980536602337
2024-10-04 01:00:00,,3817.7333012889585
2024-10-04 02:00:00,,3911.673039719051
2024-10-04 03:00:00,,4008.2206496689664
2024-10-04 04:00:00,,4083.574319429804
2024-10-04 05:00:00,,4104.748337065683
2024-10-04 06:00:00,,4099.893288969354
2024-10-04 07:00:00,,4078.8648407980036
2024-10-04 08:00:00,,4048.216743567435
2024-10-04 09:00:00,,4010.1635740674965
2024-10-04 10:00:00,,3960.6994359468426
2024-10-04 11:00:00,,3928.558354166085
2024-10-04 12:00:00,,3865.7249935544583
2024-10-04 13:00:00,,3831.0895334833494
2024-10-04 14:00:00,,3809.2432683771444
2024-10-04 15:00:00,,3788.5279967239085
2024-10-04 16:00:00,,3782.7393526162873
2024-10-04 17:00:00,,3776.9789790338136
2024-10-04 18:00:00,,3763.3087375218474
2024-10-04 19:00:00,,3741.175484847819
2024-10-04 20:00:00,,3724.3116700866826
2024-10-04 21:00:00,,3715.700858680551
2024-10-04 22:00:00,,3694.270956719289
2024-10-04 23:00:00,,3655.4380254407106
2024-10-05 00:00:00,,3643.4197920439356
2024-10-05 01:00:00,,3630.293608582106
2024-10-05 02:00:00,,3602.096339303491
2024-10-05 03:00:00,,3581.3436167729997
2024-10-05 04:00:00,,3545.999877129306
2024-10-05 05:00:00,,3520.8553661682554
2024-10-05 06:00:00,,3520.546566990621
2024-10-05 07:00:00,,3520.5134050493343
2024-10-05 08:00:00,,3520.039686713161
2024-10-05 09:00:00,,3520.099058034144
2024-10-05 10:00:00,,3519.7962801224307
2024-10-05 11:00:00,,3488.0441042595576
2024-10-05 12:00:00,,3297.361394526696
2024-10-05 13:00:00,,3267.417802723238
2024-10-05 14:00:00,,3249.405492229592
2024-10-05 15:00:00,,3235.6697582222864
2024-10-05 16:00:00,,3222.8879613261697
2024-10-05 17:00:00,,3212.366909593657
2024-10-05 18:00:00,,3221.2052299077855
2024-10-05 19:00:00,,3220.7473288609754
2024-10-05 20:00:00,,3219.937929972477
2024-10-05 21:00:00,,3227.1488974337753
2024-10-05 22:00:00,,3222.019392452913
2024-10-05 23:00:00,,3212.7199362141246
2024-10-06 00:00:00,,3208.7674693737345
2024-10-06 01:00:00,,3192.0949129018263
2024-10-06 02:00:00,,3178.8786085622414
2024-10-06 03:00:00,,3171.6544897825843
2024-10-06 04:00:00,,3149.505451914629
2024-10-06 05:00:00,,3133.0902165131397
2024-10-06 06:00:00,,3121.199073813687
2024-10-06 07:00:00,,3102.5631872028694
2024-10-06 08:00:00,,3089.4975199366645
2024-10-06 09:00:00,,3082.867013871979
2024-10-06 10:00:00,,3065.7425763787587
2024-10-06 11:00:00,,3038.7385157443614
2024-10-06 12:00:00,,3014.9458963978905
2024-10-06 13:00:00,,2995.1164207709753
2024-10-06 14:00:00,,2973.445425763521
2024-10-06 15:00:00,,2966.48121085487
2024-10-06 16:00:00,,2968.1597927531643
2024-10-06 17:00:00,,2972.776302779379
2024-10-06 18:00:00,,2977.2580207617148
2024-10-06 19:00:00,,2984.5229663709006
2024-10-06 20:00:00,,3001.637608983027
2024-10-06 21:00:00,,3009.4344788034614
2024-10-06 22:00:00,,3017.593624818837
2024-10-06 23:00:00,,3005.1834951407363
2024-10-07 00:00:00,,3000.6925320921296
2024-10-07 01:00:00,,3005.8466986716835
2024-10-07 02:00:00,,3000.906542992153
2024-10-07 03:00:00,,2992.0251439816366
2024-10-07 04:00:00,,2971.8386960511775
2024-10-07 05:00:00,,2981.013021620494
2024-10-07 06:00:00,,2952.848183273107
2024-10-07 07:00:00,,2950.157159760219
2024-10-07 08:00:00,,2938.471561072813
2024-10-07 09:00:00,,2924.0387360833242
2024-10-07 10:00:00,,2915.195233912467
2024-10-07 11:00:00,,2898.823407708305
2024-10-07 12:00:00,,2895.496495843879
2024-10-07 13:00:00,,2875.5228369916827
2024-10-07 14:00:00,,2870.139214237018
2024-10-07 15:00:00,,2863.2547178778254
2024-10-07 16:00:00,,2856.4533586231214
2024-10-07 17:00:00,,2852.7174088920424
2024-10-07 18:00:00,,2870.0732242700456
2024-10-07 19:00:00,,2888.9313466528683
2024-10-07 20:00:00,,2899.358378719172
2024-10-07 21:00:00,,2931.305481944898
2024-10-07 22:00:00,,2944.576303796738
2024-10-07 23:00:00,,2956.724565753484
2024-10-08 00:00:00,,2966.1048232860708
2024-10-08 01:00:00,,2969.970989484902
2024-10-08 02:00:00,,2962.5860733948084
2024-10-08 03:00:00,,2957.3753023578042
2024-10-08 04:00:00,,2949.9641853644666
2024-10-08 05:00:00,,2942.2185535152767
2024-10-08 06:00:00,,2942.4848798344556
2024-10-08 07:00:00,,2921.329425823195
2024-10-08 08:00:00,,2921.548089865938
2024-10-08 09:00:00,,2907.4270072233867
2024-10-08 10:00:00,,2899.3316385770895
2024-10-08 11:00:00,,2880.957021342835
2024-10-08 12:00:00,,2869.5945841321586
2024-10-08 13:00:00,,2863.4974431219152
2024-10-08 14:00:00,,2861.327859799909
2024-10-08 15:00:00,,2859.43031499625
2024-10-08 16:00:00,,2876.0752190076537
2024-10-08 17:00:00,,2905.6655894137198
2024-10-08 18:00:00,,2936.476477964142
2024-10-08 19:00:00,,2971.0093995387947
2024-10-08 20:00:00,,3042.9989876232385
2024-10-08 21:00:00,,3106.29656316896
2024-10-08 22:00:00,,3181.8048371558984
2024-10-08 23:00:00,,3229.4372914508153
2024-10-09 00:00:00,,3249.222568877896
2024-10-09 01:00:00,,3255.666341076732
2024-10-09 02:00:00,,3252.1130894399266
2024-10-09 03:00:00,,3246.74835827762
2024-10-09 04:00:00,,3221.2028532559584
2024-10-09 05:00:00,,3208.4203813348154
2024-10-09 06:00:00,,3180.836682373262
2024-10-09 07:00:00,,3165.8919611961355
2024-10-09 08:00:00,,3139.6678562158204
2024-10-09 09:00:00,,3125.813337855593
2024-10-09 10:00:00,,3106.1277122447323
2024-10-09 11:00:00,,3090.7992464017457
2024-10-09 12:00:00,,3073.0088526526906
2024-10-09 13:00:00,,3047.0890099004637
2024-10-09 14:00:00,,3041.2845916791116
2024-10-09 15:00:00,,3042.4241816992694
2024-10-09 16:00:00,,3059.1239831691837
2024-10-09 17:00:00,,3098.199240413085
2024-10-09 18:00:00,,3138.8294165238217
2024-10-09 19:00:00,,3210.271297232516
2024-10-09 20:00:00,,3264.3727725741137
2024-10-09 21:00:00,,3352.8526678710928
2024-10-09 22:00:00,,3423.726621938842
2024-10-09 23:00:00,,3524.233952168942
2024-10-10 00:00:00,,3669.6057813510524
2024-10-10 01:00:00,,3829.115292598164
2024-10-10 02:00:00,,4076.4589089570472
2024-10-10 03:00:00,,4328.234770863958
2024-10-10 04:00:00,,4488.608376736103
2024-10-10 05:00:00,,4583.458118036112
2024-10-10 06:00:00,,4662.895234521147
2024-10-10 07:00:00,,4671.642457653955
2024-10-10 08:00:00,,4627.98595267753
2024-10-10 09:00:00,,4602.519667349162
2024-10-10 10:00:00,,4509.637976534538
2024-10-10 11:00:00,,4425.860783512446
2024-10-10 12:00:00,,4343.52003226741
2024-10-10 13:00:00,,4300.0568564842915
2024-10-10 14:00:00,,4249.156577570802
2024-10-10 15:00:00,,4175.922579471712
2024-10-10 16:00:00,,4158.872605731701
2024-10-10 17:00:00,,4157.40913869265
2024-10-10 18:00:00,,4155.470986274214
2024-10-10 19:00:00,,4143.494569890331
2024-10-10 20:00:00,,4088.3023231755487
2024-10-10 21:00:00,,4050.34060510915
2024-10-10 22:00:00,,3988.419217181023
2024-10-10 23:00:00,,3910.4555179872227
2024-10-11 00:00:00,,3871.2965157445865
2024-10-11 01:00:00,,3915.012000685912
2024-10-11 02:00:00,,3876.7139603604446
2024-10-11 03:00:00,,3854.954740217652
2024-10-11 04:00:00,,3802.3728373370145
2024-10-11 05:00:00,,3787.4741147496343
2024-10-11 06:00:00,,3769.1882636945766
2024-10-11 07:00:00,,3742.1157008381574
2024-10-11 08:00:00,,3712.309548312357
2024-10-11 09:00:00,,3667.205999918336
2024-10-11 10:00:00,,3616.3265134831895
2024-10-11 11:00:00,,3589.3129364611555
2024-10-11 12:00:00,,3588.332845212529
2024-10-11 13:00:00,,3584.501162485814
2024-10-11 14:00:00,,3601.953604487848
2024-10-11 15:00:00,,3610.830478479629
2024-10-11 16:00:00,,3682.1760754907873
2024-10-11 17:00:00,,3762.25321928872
2024-10-11 18:00:00,,3910.8236631041755
2024-10-11 19:00:00,,4195.55235373706
2024-10-11 20:00:00,,4554.7950151034875
2024-10-11 21:00:00,,4784.075330534888
2024-10-11 22:00:00,,4850.109973991186
2024-10-11 23:00:00,,4853.765482465862
2024-10-12 00:00:00,,5005.390855624245
2024-10-12 01:00:00,,5425.708776189124
2024-10-12 02:00:00,,5982.8539712720285
2024-10-12 03:00:00,,6619.943817502928
2024-10-12 04:00:00,,7542.6002554488605
2024-10-12 05:00:00,,8217.291914258782
2024-10-12 06:00:00,,8248.93695083046
2024-10-12 07:00:00,,8248.416423110364
2024-10-12 08:00:00,,8248.504502250249
2024-10-12 09:00:00,,8247.989773932497
2024-10-12 10:00:00,,8248.437938176563
2024-10-12 11:00:00,,8247.170040061003
2024-10-12 12:00:00,,8246.308284586412
2024-10-12 13:00:00,,8245.626729880882
2024-10-12 14:00:00,,8244.216251506045
2024-10-12 15:00:00,,7070.627368511532
2024-10-12 16:00:00,,6682.233364264339
2024-10-12 17:00:00,,6681.592784204041
2024-10-12 18:00:00,,6630.592952130933
2024-10-12 19:00:00,,6224.251655919689
2024-10-12 20:00:00,,6205.487452913946
2024-10-12 21:00:00,,6205.270064681159
2024-10-12 22:00:00,,6205.316063985447
2024-10-12 23:00:00,,6204.738905060266
2024-10-13 00:00:00,,6205.335159102504
2024-10-13 01:00:00,,6204.698315789699
2024-10-13 02:00:00,,6204.826375854981
2024-10-13 03:00:00,,6204.600107702184
2024-10-13 04:00:00,,6204.892530327217
2024-10-13 05:00:00,,6204.314806887224
2024-10-13 06:00:00,,6204.811202546619
2024-10-13 07:00:00,,6204.413713003758
2024-10-13 08:00:00,,6205.059490386934
2024-10-13 09:00:00,,6205.61696475493
2024-10-13 10:00:00,,6204.625909049496
2024-10-13 11:00:00,,5740.1303617740405
2024-10-13 12:00:00,,5201.889337851486
2024-10-13 13:00:00,,5142.453091952029
2024-10-13 14:00:00,,5050.57199198365
2024-10-13 15:00:00,,5018.446511704718
2024-10-13 16:00:00,,5012.493120320847
2024-10-13 17:00:00,,4971.049153457178
2024-10-13 18:00:00,,4962.971037778465
2024-10-13 19:00:00,,4998.481429262494
2024-10-13 20:00:00,,4989.092328308469
2024-10-13 21:00:00,,5010.332838383448
2024-10-13 22:00:00,,4990.825538413192
2024-10-13 23:00:00,,5001.488070413069
2024-10-14 00:00:00,,4952.977985707468
2024-10-14 01:00:00,,4958.069957120127
2024-10-14 02:00:00,,4960.908340209305
2024-10-14 03:00:00,,4930.186084521655
2024-10-14 04:00:00,,4912.833753398608
2024-10-14 05:00:00,,4918.729223509762
2024-10-14 06:00:00,,4912.373663096879
2024-10-14 07:00:00,,4913.272400043875
2024-10-14 08:00:00,,4878.449761427321
2024-10-14 09:00:00,,4868.184858116434
2024-10-14 10:00:00,,4867.623308488269
2024-10-14 11:00:00,,4917.20206778223
2024-10-14 12:00:00,,4852.361623524006
2024-10-14 13:00:00,,4795.047218349854
2024-10-14 14:00:00,,4758.775757909529
2024-10-14 15:00:00,,4719.110305592323
2024-10-14 16:00:00,,4681.849509237096
2024-10-14 17:00:00,,4800.383588647871
2024-10-14 18:00:00,,4659.11111419699
2024-10-14 19:00:00,,4676.985807850708
2024-10-14 20:00:00,,4673.562976177278
2024-10-14 21:00:00,,4667.684070325015
2024-10-14 22:00:00,,4651.181347769565
2024-10-14 23:00:00,,4639.932445501695
2024-10-15 00:00:00,,4606.812728195674
2024-10-15 01:00:00,,4600.794642582893
2024-10-15 02:00:00,,4558.686089057852
2024-10-15 03:00:00,,4510.358737268283
2024-10-15 04:00:00,,4467.714252780524
2024-10-15 05:00:00,,4440.509343837753
2024-10-15 06:00:00,,4394.14059919996
2024-10-15 07:00:00,,4358.595242213965
2024-10-15 08:00:00,,4315.780926512023
2024-10-15 09:00:00,,4293.975926038617
2024-10-15 10:00:00,,4257.734398242667
2024-10-15 11:00:00,,3818.2166470984553
2024-10-15 12:00:00,,3391.3903949575824
2024-10-15 13:00:00,,3351.9267249718346
2024-10-15 14:00:00,,3329.71639779207
2024-10-15 15:00:00,,3638.011708236663
2024-10-15 16:00:00,,3663.2718443921117
2024-10-15 17:00:00,,3637.8762271391247
2024-10-15 18:00:00,,3632.176863145247
2024-10-15 19:00:00,,3628.733251076262
2024-10-15 20:00:00,,3629.40805172114
2024-10-15 21:00:00,,3645.472915052639
2024-10-15 22:00:00,,3660.420938594837
2024-10-15 23:00:00,,3654.2366848900438
2024-10-16 00:00:00,,3663.781043327051
2024-10-16 01:00:00,,3662.582483004385
2024-10-16 02:00:00,,3644.0489585216596
2024-10-16 03:00:00,,3627.3004813834386
2024-10-16 04:00:00,,3599.0700504588244
2024-10-16 05:00:00,,3590.590386663727
2024-10-16 06:00:00,,3548.5636009448945
2024-10-16 07:00:00,,3522.5845087428097
2024-10-16 08:00:00,,3493.462413199919
2024-10-16 09:00:00,,3471.285508594918
2024-10-16 10:00:00,,3435.592486011532
2024-10-16 11:00:00,,3409.2888132798967
2024-10-16 12:00:00,,3367.182570847578
2024-10-16 13:00:00,,3345.235857191668
2024-10-16 14:00:00,,3320.3282732576486
2024-10-16 15:00:00,,3293.149120308053
2024-10-16 16:00:00,,3268.85277966226
2024-10-16 17:00:00,,3256.5513073344455
2024-10-16 18:00:00,,3262.229278791823
2024-10-16 19:00:00,,3267.5377071628313
2024-10-16 20:00:00,,3289.4898903477097
2024-10-16 21:00:00,,3313.180379081655
2024-10-16 22:00:00,,3354.977607489468
2024-10-16 23:00:00,,3373.7910346044423
2024-10-17 00:00:00,,3398.9514288020823
2024-10-17 01:00:00,,3450.2147404210587
2024-10-17 02:00:00,,3491.521173365633
2024-10-17 03:00:00,,3518.0585056943114
2024-10-17 04:00:00,,3553.4804888175318
2024-10-17 05:00:00,,3589.7824684092716
2024-10-17 06:00:00,,3636.3376190511185
2024-10-17 07:00:00,,3691.891764471329
2024-10-17 08:00:00,,3745.2099806146425
2024-10-17 09:00:00,,3837.6884592573565
2024-10-17 10:00:00,,3926.5066081953596
2024-10-17 11:00:00,,4032.092256802051
2024-10-17 12:00:00,,4171.884606479206
2024-10-17 13:00:00,,4301.467548799739
2024-10-17 14:00:00,,4391.568240678364
2024-10-17 15:00:00,,4473.837847736563
2024-10-17 16:00:00,,4538.747118357878
2024-10-17 17:00:00,,4581.030182830947
2024-10-17 18:00:00,,4653.703020947764
2024-10-17 19:00:00,,4700.818904083216
2024-10-17 20:00:00,,4746.357391929072
2024-10-17 21:00:00,,4782.065406849267
2024-10-17 22:00:00,,4778.879906158229
2024-10-17 23:00:00,,4807.640188143977
2024-10-18 00:00:00,,4833.519052034664
2024-10-18 01:00:00,,4846.703367129863
2024-10-18 02:00:00,,4841.310556760908
2024-10-18 03:00:00,,4829.5435648475095
2024-10-18 04:00:00,,4816.60848183825
2024-10-18 05:00:00,,4790.082374850402
2024-10-18 06:00:00,,4758.640114154127
2024-10-18 07:00:00,,4682.842441163536
2024-10-18 08:00:00,,4623.886071233215
2024-10-18 09:00:00,,4821.615037338521
2024-10-18 10:00:00,,4797.066670854564
2024-10-18 11:00:00,,4689.129732652702
2024-10-18 12:00:00,,4647.2444074467285
2024-10-18 13:00:00,,4548.142736476116
2024-10-18 14:00:00,,4179.102977497251
2024-10-18 15:00:00,,3876.9585704618617
2024-10-18 16:00:00,,3838.4201366162147
2024-10-18 17:00:00,,3828.5660769744654
2024-10-18 18:00:00,,3831.0079047747267
2024-10-18 19:00:00,,3822.40177196652
2024-10-18 20:00:00,,3819.568919503774
2024-10-18 21:00:00,,3832.605142734827
2024-10-18 22:00:00,,3827.667715048315
2024-10-18 23:00:00,,3806.4823466408693
2024-10-19 00:00:00,,3771.953095102565
2024-10-19 01:00:00,,3756.8407129042716
2024-10-19 02:00:00,,3701.9482567816463
2024-10-19 03:00:00,,3672.716237368898
2024-10-19 04:00:00,,3636.9674818054536
2024-10-19 05:00:00,,3581.889340331801
2024-10-19 06:00:00,,3535.8877427943016
2024-10-19 07:00:00,,3500.402407013497
2024-10-19 08:00:00,,3469.365454610173
2024-10-19 09:00:00,,3429.2449256074187
2024-10-19 10:00:00,,3394.6921906646107
2024-10-19 11:00:00,,3359.698779311028
2024-10-19 12:00:00,,3325.0652548565777
2024-10-19 13:00:00,,3291.400178022458
2024-10-19 14:00:00,,3254.0649428755105
2024-10-19 15:00:00,,3232.457943453594
2024-10-19 16:00:00,,3216.8358704585007
2024-10-19 17:00:00,,3230.5714558522113
2024-10-19 18:00:00,,3257.742807412206
2024-10-19 19:00:00,,3297.653025511195
2024-10-19 20:00:00,,3380.5007729984372
2024-10-19 21:00:00,,3462.9135001001846
2024-10-19 22:00:00,,3528.9532442221616
2024-10-19 23:00:00,,3550.172373120703
2024-10-20 00:00:00,,3556.9877073163357
2024-10-20 01:00:00,,3541.526672943804
2024-10-20 02:00:00,,3508.9623107144007
2024-10-20 03:00:00,,3466.1783174476277
2024-10-20 04:00:00,,3432.4086058406724
2024-10-20 05:00:00,,3398.7406200742
2024-10-20 06:00:00,,3361.5393950784146
2024-10-20 07:00:00,,3327.059821196196
2024-10-20 08:00:00,,3286.9507166361996
2024-10-20 09:00:00,,3258.777512363719
2024-10-20 10:00:00,,3225.3785535667153
2024-10-20 11:00:00,,3190.747484463459
2024-10-20 12:00:00,,3153.488101235088
2024-10-20 13:00:00,,3130.5483388731377
2024-10-20 14:00:00,,3103.019218048845
2024-10-20 15:00:00,,3074.2264212422633
2024-10-20 16:00:00,,3067.2101211064314
2024-10-20 17:00:00,,3059.047914943742
2024-10-20 18:00:00,,3048.220088539886
2024-10-20 19:00:00,,3076.4929684612916
2024-10-20 20:00:00,,3089.804175153728
2024-10-20 21:00:00,,3109.372493027952
2024-10-20 22:00:00,,3121.9072471091336
2024-10-20 23:00:00,,3148.1291372115993
2024-10-21 00:00:00,,3153.220449835903
2024-10-21 01:00:00,,3163.686964262401
2024-10-21 02:00:00,,3167.415660086998
2024-10-21 03:00:00,,3169.639097751978
2024-10-21 04:00:00,,3166.629005432228
2024-10-21 05:00:00,,3151.10646777546
2024-10-21 06:00:00,,3180.5196672669717
2024-10-21 07:00:00,,3199.6650597847465
2024-10-21 08:00:00,,3231.3933290323907
2024-10-21 09:00:00,,3264.1638915021595
2024-10-21 10:00:00,,3314.2747163579247
2024-10-21 11:00:00,,3405.0264836927513
2024-10-21 12:00:00,,3474.3431111390255
2024-10-21 13:00:00,,3557.830704472882
2024-10-21 14:00:00,,3656.4427690211
2024-10-21 15:00:00,,3755.9604942161914
2024-10-21 16:00:00,,3847.36457579319
2024-10-21 17:00:00,,3930.9477982554745
2024-10-21 18:00:00,,4083.368065468986
2024-10-21 19:00:00,,4199.241788051361
2024-10-21 20:00:00,,4311.609691311858
2024-10-21 21:00:00,,4383.571865499734
2024-10-21 22:00:00,,4395.396621614597
2024-10-21 23:00:00,,4394.497731754922
2024-10-22 00:00:00,,4364.127612930868
2024-10-22 01:00:00,,4339.999738050969
2024-10-22 02:00:00,,4273.628388007861
2024-10-22 03:00:00,,4215.180084591178
2024-10-22 04:00:00,,4138.899486921985
2024-10-22 05:00:00,,4091.8075749210248
2024-10-22 06:00:00,,4017.399644797959
2024-10-22 07:00:00,,3933.824227099032
2024-10-22 08:00:00,,3938.025560230364
2024-10-22 09:00:00,,4370.046841546704
2024-10-22 10:00:00,,3868.0018045488573
2024-10-22 11:00:00,,3714.254426719099
2024-10-22 12:00:00,,3663.9624849497686
2024-10-22 13:00:00,,3621.4241762800107
2024-10-22 14:00:00,,3613.5862482154575
2024-10-22 15:00:00,,3637.212994225203
2024-10-22 16:00:00,,3722.5918832043258
2024-10-22 17:00:00,,3864.1733212882905
2024-10-22 18:00:00,,4034.372616604893
2024-10-22 19:00:00,,4216.983680232526
2024-10-22 20:00:00,,4370.581561322857
2024-10-22 21:00:00,,4463.463630284285
2024-10-22 22:00:00,,4474.862865134253
2024-10-22 23:00:00,,4468.599235062794
2024-10-23 00:00:00,,4439.515270513686
2024-10-23 01:00:00,,4391.109253414779
2024-10-23 02:00:00,,4323.459988840285
2024-10-23 03:00:00,,4241.897106334167
2024-10-23 04:00:00,,4191.12647143654
2024-10-23 05:00:00,,4119.03214696165
2024-10-23 06:00:00,,4030.1778788001093
2024-10-23 07:00:00,,3946.5165467734564
2024-10-23 08:00:00,,3861.4135299765076
2024-10-23 09:00:00,,3804.9594391656287
2024-10-23 10:00:00,,3732.2189628540623
2024-10-23 11:00:00,,3671.2096552534113
2024-10-23 12:00:00,,3595.355926142215
2024-10-23 13:00:00,,3557.0721192094506
2024-10-23 14:00:00,,3522.497218313726
2024-10-23 15:00:00,,3506.9494620730125
2024-10-23 16:00:00,,3524.2515816708374
2024-10-23 17:00:00,,3572.7636526318197
2024-10-23 18:00:00,,3675.3407064693115
2024-10-23 19:00:00,,3838.6635258849865
2024-10-23 20:00:00,,4036.646208008595
2024-10-23 21:00:00,,4158.8788250997395
2024-10-23 22:00:00,,4286.108488763011
2024-10-23 23:00:00,,4469.749684532193
2024-10-24 00:00:00,,4719.413709922659
2024-10-24 01:00:00,,5280.062796495752
2024-10-24 02:00:00,,6034.419052528225
2024-10-24 03:00:00,,6752.603258809576
2024-10-24 04:00:00,,7131.975129901433
2024-10-24 05:00:00,,7135.978119110109
2024-10-24 06:00:00,,7135.375618044199
2024-10-24 07:00:00,,7134.899224847659
2024-10-24 08:00:00,,7134.954166460443
2024-10-24 09:00:00,,7134.890870587645
2024-10-24 10:00:00,,6988.227284420459
2024-10-24 11:00:00,,6348.559887896409
2024-10-24 12:00:00,,6338.285742536497
2024-10-24 13:00:00,,6120.844716421653
2024-10-24 14:00:00,,5797.162814200076
2024-10-24 15:00:00,,5676.710018397135
2024-10-24 16:00:00,,5731.867803979114
2024-10-24 17:00:00,,5834.485042844089
2024-10-24 18:00:00,,5810.957504528164
2024-10-24 19:00:00,,5689.397915311364
2024-10-24 20:00:00,,5631.769777726804
2024-10-24 21:00:00,,5562.873820127359
2024-10-24 22:00:00,,5560.555342778845
2024-10-24 23:00:00,,5622.887632321551
2024-10-25 00:00:00,,5561.969051936372
2024-10-25 01:00:00,,5588.657161225014
2024-10-25 02:00:00,,5588.431065990938
2024-10-25 03:00:00,,5588.218583432518
2024-10-25 04:00:00,,5588.249410805525
2024-10-25 05:00:00,,5588.028768250998
2024-10-25 06:00:00,,5339.672968331946
2024-10-25 07:00:00,,4872.749222985325
2024-10-25 08:00:00,,4759.636852606822
2024-10-25 09:00:00,,4686.698479607259
2024-10-25 10:00:00,,4621.0364120935765
2024-10-25 11:00:00,,4581.273730596146
2024-10-25 12:00:00,,4502.585450936161
2024-10-25 13:00:00,,4449.878218922194
2024-10-25 14:00:00,,4421.71018053694
2024-10-25 15:00:00,,4409.807724375098
2024-10-25 16:00:00,,4356.018768854543
2024-10-25 17:00:00,,4325.052486636642
2024-10-25 18:00:00,,4257.761752654667
2024-10-25 19:00:00,,4219.804995050659
2024-10-25 20:00:00,,4189.798160671812
2024-10-25 21:00:00,,4174.474881177076
2024-10-25 22:00:00,,4172.586243928289
2024-10-25 23:00:00,,4160.635212936848
2024-10-26 00:00:00,,4109.7352819264415
2024-10-26 01:00:00,,4115.473659829854
2024-10-26 02:00:00,,4126.583918234102
2024-10-26 03:00:00,,4108.801468550796
2024-10-26 04:00:00,,4073.9242993450466
2024-10-26 05:00:00,,4034.365387544681
2024-10-26 06:00:00,,3998.8381103371485
2024-10-26 07:00:00,,3979.953719997024
2024-10-26 08:00:00,,3948.4682591799074
2024-10-26 09:00:00,,3943.796943794961
2024-10-26 10:00:00,,3904.4734769978313
2024-10-26 11:00:00,,3859.384195434932
2024-10-26 12:00:00,,3826.7317437301413
2024-10-26 13:00:00,,3781.9259792559096
2024-10-26 14:00:00,,3765.036594107884
2024-10-26 15:00:00,,3725.836789072209
2024-10-26 16:00:00,,3725.9482877404666
2024-10-26 17:00:00,,3694.7112597762894
2024-10-26 18:00:00,,3706.5221072569984
2024-10-26 19:00:00,,3708.910322087582
2024-10-26 20:00:00,,3746.740354706198
2024-10-26 21:00:00,,3748.8808178832633
2024-10-26 22:00:00,,3777.163997714014
2024-10-26 23:00:00,,3793.191754872203
2024-10-27 00:00:00,,3766.9109264983445
2024-10-27 01:00:00,,3761.894202970777
2024-10-27 02:00:00,,3736.598608364469
2024-10-27 03:00:00,,3725.8639631431843
2024-10-27 04:00:00,,3713.565453462376
2024-10-27 05:00:00,,3681.247039368354
2024-10-27 06:00:00,,3667.541649661738
2024-10-27 07:00:00,,3628.622785166553
2024-10-27 08:00:00,,3598.0520635759694
2024-10-27 09:00:00,,3561.409888144129
2024-10-27 10:00:00,,3526.873420798961
2024-10-27 11:00:00,,3493.9104371277663
2024-10-27 12:00:00,,3449.1385255412724
2024-10-27 13:00:00,,3421.2060375216074
2024-10-27 14:00:00,,3394.85001678079
2024-10-27 15:00:00,,3377.323750358337
2024-10-27 16:00:00,,3375.40895197715
2024-10-27 17:00:00,,3380.9084306174022
2024-10-27 18:00:00,,3416.6608324045883
2024-10-27 19:00:00,,3451.621832454521
2024-10-27 20:00:00,,3533.333674025048
2024-10-27 21:00:00,,3609.5224525682665
2024-10-27 22:00:00,,3677.96603410217
2024-10-27 23:00:00,,3701.2230772157195
2024-10-28 00:00:00,,3693.208220164818
2024-10-28 01:00:00,,3685.557011651296
2024-10-28 02:00:00,,3650.882578473969
2024-10-28 03:00:00,,3632.3265891079145
2024-10-28 04:00:00,,3609.561498695743
2024-10-28 05:00:00,,3565.554139041242
2024-10-28 06:00:00,,3540.324307769061
2024-10-28 07:00:00,,3502.9508099879968
2024-10-28 08:00:00,,3471.145733346923
2024-10-28 09:00:00,,3434.6649423593562
2024-10-28 10:00:00,,3391.5694682306716
2024-10-28 11:00:00,,3367.045797563249
2024-10-28 12:00:00,,3332.614848704699
2024-10-28 13:00:00,,3311.1465905378172
2024-10-28 14:00:00,,3293.540606234289
2024-10-28 15:00:00,,3278.9471049884073
2024-10-28 16:00:00,,3283.1848826255355
2024-10-28 17:00:00,,3295.742946370688
2024-10-28 18:00:00,,3317.4464333460696
2024-10-28 19:00:00,,3339.3504868145906
2024-10-28 20:00:00,,3350.655691766884
2024-10-28 21:00:00,,3369.120629370869
2024-10-28 22:00:00,,3393.7452629498925
2024-10-28 23:00:00,,3402.0901869615304
2024-10-29 00:00:00,,3418.3007691591165
2024-10-29 01:00:00,,3420.3561005649326
2024-10-29 02:00:00,,3415.659365334623
2024-10-29 03:00:00,,3415.4028880826295
2024-10-29 04:00:00,,3412.2317202476074
2024-10-29 05:00:00,,3414.337921604819
2024-10-29 06:00:00,,3422.1392777792075
2024-10-29 07:00:00,,3431.628442893809
2024-10-29 08:00:00,,3431.3411966292224
2024-10-29 09:00:00,,3433.7959587184887
2024-10-29 10:00:00,,3421.583481520597
2024-10-29 11:00:00,,3421.474818006242
2024-10-29 12:00:00,,3420.383507667686
2024-10-29 13:00:00,,3417.269927937214
2024-10-29 14:00:00,,3424.851709112003
2024-10-29 15:00:00,,3433.4807698596524
2024-10-29 16:00:00,,3469.049616145769
2024-10-29 17:00:00,,3520.533560139729
2024-10-29 18:00:00,,3606.400864324189
2024-10-29 19:00:00,,3692.7935119149784
2024-10-29 20:00:00,,3781.881932617945
2024-10-29 21:00:00,,3890.2100580991164
2024-10-29 22:00:00,,3948.763164413179
2024-10-29 23:00:00,,3977.349362781668
2024-10-30 00:00:00,,3978.387766853816
2024-10-30 01:00:00,,3964.509678755662
2024-10-30 02:00:00,,3939.427082498281
2024-10-30 03:00:00,,3908.08151918051
2024-10-30 04:00:00,,3855.4735957161433
2024-10-30 05:00:00,,3807.446545362552
2024-10-30 06:00:00,,3753.783383342742
2024-10-30 07:00:00,,3693.6357872684384
2024-10-30 08:00:00,,3649.728172093218
2024-10-30 09:00:00,,3591.1782765860326
2024-10-30 10:00:00,,3546.769799334663
2024-10-30 11:00:00,,3504.241290430153
2024-10-30 12:00:00,,3443.328189480545
2024-10-30 13:00:00,,3412.8399925981635
2024-10-30 14:00:00,,3395.835871757132
2024-10-30 15:00:00,,3381.274563589306
2024-10-30 16:00:00,,3381.4289623816
2024-10-30 17:00:00,,3447.593222762173
2024-10-30 18:00:00,,3542.1790976866414
2024-10-30 19:00:00,,3667.352576163072
2024-10-30 20:00:00,,3776.2415743381553
2024-10-30 21:00:00,,3829.539405876195
2024-10-30 22:00:00,,3849.867044509605
2024-10-30 23:00:00,,3853.4714681637274
2024-10-31 00:00:00,,3852.9862924456665
2024-10-31 01:00:00,,3824.2423987281195
2024-10-31 02:00:00,,3773.3874821564445
2024-10-31 03:00:00,,3747.072871396617
2024-10-31 04:00:00,,3701.365842399456
2024-10-31 05:00:00,,3673.8533810147555
2024-10-31 06:00:00,,3629.496508850246
2024-10-31 07:00:00,,3592.6731523694284
2024-10-31 08:00:00,,3547.5465586290275
2024-10-31 09:00:00,,3512.187388968686
2024-10-31 10:00:00,,3471.0714717912315
2024-10-31 11:00:00,,3435.0706203057184
2024-10-31 12:00:00,,3388.9867518150477
2024-10-31 13:00:00,,3349.4568640231073
2024-10-31 14:00:00,,3314.514919859409
2024-10-31 15:00:00,,3294.3477569224387
2024-10-31 16:00:00,,3296.7140175810173
2024-10-31 17:00:00,,3325.716194008774
2024-10-31 18:00:00,,3384.5993588311267
2024-10-31 19:00:00,,3458.451590395129
2024-10-31 20:00:00,,3527.0897995147034
2024-10-31 21:00:00,,3575.8178685303947
2024-10-31 22:00:00,,3624.9075863810235
2024-10-31 23:00:00,,3617.5136243527427
2024-11-01 00:00:00,,3616.960526775459
2024-11-01 01:00:00,,3586.7428137784377
2024-11-01 02:00:00,,3578.1609498616594
2024-11-01 03:00:00,,3559.6375235831206
2024-11-01 04:00:00,,3527.620754458545
2024-11-01 05:00:00,,3523.6632797831116
2024-11-01 06:00:00,,3521.541511851007
2024-11-01 07:00:00,,3542.7003061182763
2024-11-01 08:00:00,,3598.9458381140944
2024-11-01 09:00:00,,3795.636799658438
2024-11-01 10:00:00,,4169.7045333796905
2024-11-01 11:00:00,,4763.37302319889
2024-11-01 12:00:00,,5207.52442913593
2024-11-01 13:00:00,,5352.305392283698
2024-11-01 14:00:00,,5405.7799014716675
2024-11-01 15:00:00,,5487.412488572071
2024-11-01 16:00:00,,5525.96634839289
2024-11-01 17:00:00,,5485.202203173129
2024-11-01 18:00:00,,5307.29225372945
2024-11-01 19:00:00,,5313.170294063263
2024-11-01 20:00:00,,5401.27895141259
2024-11-01 21:00:00,,5405.700801987925
2024-11-01 22:00:00,,5306.8594494930185
2024-11-01 23:00:00,,5292.908038197725
2024-11-02 00:00:00,,5199.922281181208
2024-11-02 01:00:00,,5097.769871562225
2024-11-02 02:00:00,,4971.1840703950365
2024-11-02 03:00:00,,4863.047139035657
2024-11-02 04:00:00,,4762.280157512422
2024-11-02 05:00:00,,4704.670585801245
2024-11-02 06:00:00,,4615.593155643599
2024-11-02 07:00:00,,4486.623463328898
2024-11-02 08:00:00,,4403.954081664118
2024-11-02 09:00:00,,4274.639544466429
2024-11-02 10:00:00,,4187.086844613367
2024-11-02 11:00:00,,4113.203696360575
2024-11-02 12:00:00,,4093.995417141308
2024-11-02 13:00:00,,4083.3221099196585
2024-11-02 14:00:00,,4061.436370276067
2024-11-02 15:00:00,,4054.228641245809
2024-11-02 16:00:00,,4037.50515341913
2024-11-02 17:00:00,,4027.706924435166
2024-11-02 18:00:00,,4017.4050008530057
2024-11-02 19:00:00,,3980.323251954714
2024-11-02 20:00:00,,3989.6814062285544
2024-11-02 21:00:00,,4189.524451166019
2024-11-02 22:00:00,,4547.120446060778
2024-11-02 23:00:00,,4987.529574335753
2024-11-03 00:00:00,,5853.346219606226
2024-11-03 01:00:00,,7492.349361895324
2024-11-03 02:00:00,,7863.747559011973
2024-11-03 03:00:00,,10264.414211887004
2024-11-03 04:00:00,,12534.542650295523
2024-11-03 05:00:00,,13732.7007196399
2024-11-03 06:00:00,,13575.16121178768
2024-11-03 07:00:00,,12368.610837757908
2024-11-03 08:00:00,,11673.94635813026
2024-11-03 09:00:00,,11744.608336874713
2024-11-03 10:00:00,,11376.657050936918
2024-11-03 11:00:00,,10468.543625386596
2024-11-03 12:00:00,,9735.498224556342
2024-11-03 13:00:00,,9187.704113085074
2024-11-03 14:00:00,,8680.860644680239
2024-11-03 15:00:00,,8352.92894972799
2024-11-03 16:00:00,,8071.437580095267
2024-11-03 17:00:00,,7971.353188129964
2024-11-03 18:00:00,,7937.034493160434
2024-11-03 19:00:00,,7997.463657551197
2024-11-03 20:00:00,,7885.795008916141
2024-11-03 21:00:00,,7723.965706273823
2024-11-03 22:00:00,,7663.408223615764
2024-11-03 23:00:00,,7691.22960991868
2024-11-04 00:00:00,,7917.985350321046
2024-11-04 01:00:00,,8059.907611696671
2024-11-04 02:00:00,,8065.508368133612
2024-11-04 03:00:00,,8109.917198653592
2024-11-04 04:00:00,,8057.2245722529815
2024-11-04 05:00:00,,8015.645411122666
2024-11-04 06:00:00,,7857.790385373086
2024-11-04 07:00:00,,7701.656241013647
2024-11-04 08:00:00,,8037.785393451845
2024-11-04 09:00:00,,8422.811082414626
2024-11-04 10:00:00,,8928.3182661561
2024-11-04 11:00:00,,9410.226630987103
2024-11-04 12:00:00,,9366.777711123192
2024-11-04 13:00:00,,8963.039313333615
2024-11-04 14:00:00,,8825.89021710872
2024-11-04 15:00:00,,8499.839741843722
2024-11-04 16:00:00,,8117.55058955364
2024-11-04 17:00:00,,8069.590295363279
2024-11-04 18:00:00,,8064.5878470851885
2024-11-04 19:00:00,,8087.633359621736
2024-11-04 20:00:00,,7760.048408933101
2024-11-04 21:00:00,,7529.445492445508
2024-11-04 22:00:00,,7451.723791774699
2024-11-04 23:00:00,,7300.385151779732
2024-11-05 00:00:00,,7072.151623915928
2024-11-05 01:00:00,,6973.693756319698
2024-11-05 02:00:00,,6940.152615076864
2024-11-05 03:00:00,,7062.511532409849
2024-11-05 04:00:00,,7391.023351341645
2024-11-05 05:00:00,,7799.808016581793
2024-11-05 06:00:00,,8409.595600395014
2024-11-05 07:00:00,,9161.327488203962
2024-11-05 08:00:00,,10068.542882689806
2024-11-05 09:00:00,,11019.371997666667
2024-11-05 10:00:00,,11880.77020445849
2024-11-05 11:00:00,,12135.35070644502
2024-11-05 12:00:00,,11809.09371908526
2024-11-05 13:00:00,,11549.501542429502
2024-12-17 11:00:00,,1782.4027598406776
2024-12-17 12:00:00,,1564.6464527640114
2024-12-17 13:00:00,,1536.5539115341494
2024-12-17 14:00:00,,1529.1937953026697
2024-12-17 15:00:00,,1538.4322109068985
2024-12-17 16:00:00,,1577.3907501983742
2024-12-17 17:00:00,,1641.7039757443724
2024-12-17 18:00:00,,1742.8988682814474
2024-12-17 19:00:00,,1892.1357618531215
2024-12-17 20:00:00,,2063.3131861096736
2024-12-17 21:00:00,,2380.75226682385
2024-12-17 22:00:00,,2867.1347093178942
2024-12-17 23:00:00,,3475.0046665481814
2024-12-18 00:00:00,,3719.6676240892275
2024-12-18 01:00:00,,3669.2162293762526
2024-12-18 02:00:00,,3505.534402762334
2024-12-18 03:00:00,,3554.8670231904566
2024-12-18 04:00:00,,3483.530045607024
2024-12-18 05:00:00,,3307.7805563988295
2024-12-18 06:00:00,,3038.186566428357
2024-12-18 07:00:00,,2786.9946291878305
2024-12-18 08:00:00,,2626.2904742002397
2024-12-18 09:00:00,,2484.901170543173
2024-12-18 10:00:00,,2356.5223639986502
2024-12-18 11:00:00,,2240.4293170347296
2024-12-18 12:00:00,,2140.826552436483
2024-12-18 13:00:00,,2077.2875917748497
2024-12-18 14:00:00,,2065.322399998418
2024-12-18 15:00:00,,2065.431208727076
2024-12-18 16:00:00,,2061.0618258160293
2024-12-18 17:00:00,,1984.8257958526863
2024-12-18 18:00:00,,1911.0500159918547
2024-12-18 19:00:00,,1833.4592642818582
2024-12-18 20:00:00,,1791.931883950845
2024-12-18 21:00:00,,1773.6329466523966
2024-12-18 22:00:00,,1744.2546481387906
2024-12-18 23:00:00,,1705.8878756237475
2024-12-19 00:00:00,,1655.9315626038874
2024-12-19 01:00:00,,1635.2823686011568
2024-12-19 02:00:00,,1603.118913156076
2024-12-19 03:00:00,,1559.45485110238
2024-12-19 04:00:00,,1536.2087002106944
2024-12-19 05:00:00,,1546.1863405077852
2024-12-19 06:00:00,,1580.1939111729982
2024-12-19 07:00:00,,1654.4602235794678
2024-12-19 08:00:00,,1758.028999730776
2024-12-19 09:00:00,,1984.3576391711329
2024-12-19 10:00:00,,2253.3729333282613
2024-12-19 11:00:00,,2493.8240000101137
2024-12-19 12:00:00,,2565.5068969767726
2024-12-19 13:00:00,,2560.019790778823
2024-12-19 14:00:00,,2570.9182180264424
2024-12-19 15:00:00,,2514.921634099452
2024-12-19 16:00:00,,2453.1400654685513
2024-12-19 17:00:00,,2453.7490726067
2024-12-19 18:00:00,,2493.4789341600863
2024-12-19 19:00:00,,2451.315252864649
2024-12-19 20:00:00,,2378.6771479511167
2024-12-19 21:00:00,,2310.4581507672883
2024-12-19 22:00:00,,2315.263228417094
2024-12-19 23:00:00,,2290.0153070267293
2024-12-20 00:00:00,,2283.7146210456203
2024-12-20 01:00:00,,2222.6494133374763
2024-12-20 02:00:00,,2145.985079848929
2024-12-20 03:00:00,,2072.788820386779
2024-12-20 04:00:00,,2006.9197886693414
2024-12-20 05:00:00,,1951.4185030470526
2024-12-20 06:00:00,,1914.3951817313136
2024-12-20 07:00:00,,1871.809035323252
2024-12-20 08:00:00,,1824.5251198169385
2024-12-20 09:00:00,,1769.271939134528
2024-12-20 10:00:00,,1720.430801147429
2024-12-20 11:00:00,,1703.9461485717625
2024-12-20 12:00:00,,1688.3014054954394
2024-12-20 13:00:00,,1652.206686098532
2024-12-20 14:00:00,,2655.853296155572
2024-12-20 15:00:00,,2662.8257560281045
2024-12-20 16:00:00,,2662.4462206783605
2024-12-20 17:00:00,,2630.3525887428623
2024-12-20 18:00:00,,2599.537470665367
2024-12-20 19:00:00,,2591.9228064239433
2024-12-20 20:00:00,,2585.314098359599
2024-12-20 21:00:00,,2568.06968873223
2024-12-20 22:00:00,,2555.262805359018
2024-12-20 23:00:00,,2512.493889278916
2024-12-21 00:00:00,,2490.5621727358666
2024-12-21 01:00:00,,2481.1248965547975
2024-12-21 02:00:00,,2397.821775719524
2024-12-21 03:00:00,,2358.07381796395
2024-12-21 04:00:00,,2320.483800033782
2024-12-21 05:00:00,,2266.916152241404
2024-12-21 06:00:00,,2280.553770923601
2024-12-21 07:00:00,,2262.8182700288485
2024-12-21 08:00:00,,2121.895190720058
2024-12-21 09:00:00,,2001.816584719184
2024-12-21 10:00:00,,2049.772214224182
2024-12-21 11:00:00,,2116.005161800019
2024-12-21 12:00:00,,2130.9546759097134
2024-12-21 13:00:00,,2095.226114582769
2024-12-21 14:00:00,,2051.0093954166678
2024-12-21 15:00:00,,1999.5640368749
2024-12-21 16:00:00,,2010.3569734326638
2024-12-21 17:00:00,,1999.7614314339903
2024-12-21 18:00:00,,1998.1980596948652
2024-12-21 19:00:00,,2038.01382842169
2024-12-21 20:00:00,,2060.4520748925815
2024-12-21 21:00:00,,2098.36713000907
2024-12-21 22:00:00,,2114.853124047831
2024-12-21 23:00:00,,2096.7507895684857
2024-12-22 00:00:00,,2126.198025204592
2024-12-22 01:00:00,,2066.3550211742304
2024-12-22 02:00:00,,2026.0315447254347
2024-12-22 03:00:00,,2034.604112377157
2024-12-22 04:00:00,,2090.684224569591
2024-12-22 05:00:00,,2134.7206641927064
2024-12-22 06:00:00,,2091.766786166411
2024-12-22 07:00:00,,2087.44474661084
2024-12-22 08:00:00,,2068.7585255038452
2024-12-22 09:00:00,,2083.163319572652
2024-12-22 10:00:00,,2043.469688508332
2024-12-22 11:00:00,,1984.5194122947344
2024-12-22 12:00:00,,1847.6693674566625
2024-12-22 13:00:00,,1882.4971324032495
2024-12-22 14:00:00,,1907.0952221610335
2024-12-22 15:00:00,,2012.0840097602313
2024-12-22 16:00:00,,2162.6937145091774
2024-12-22 17:00:00,,2499.1528317130974
2024-12-22 18:00:00,,2913.259004460936
2024-12-22 19:00:00,,3308.947696574829
2024-12-22 20:00:00,,3568.872915350988
2024-12-22 21:00:00,,3646.0428287009704
2024-12-22 22:00:00,,3709.450373186028
2024-12-22 23:00:00,,3776.5843804589213
2024-12-23 00:00:00,,3848.942497464159
2024-12-23 01:00:00,,3938.3701575115865
2024-12-23 02:00:00,,4163.9168462163625
2024-12-23 03:00:00,,4452.984904599457
2024-12-23 04:00:00,,4758.434254502656
2024-12-23 05:00:00,,4804.180857790994
2024-12-23 06:00:00,,4876.092317776215
2024-12-23 07:00:00,,4757.685416041927
2024-12-23 08:00:00,,4574.738128577904
2024-12-23 09:00:00,,4397.284283606384
2024-12-23 10:00:00,,4177.805081308188
2024-12-23 11:00:00,,3966.9775069031093
2024-12-23 12:00:00,,3896.0425287199937
2024-12-23 13:00:00,,3717.350942398136
2024-12-23 14:00:00,,3614.4720757084515
2024-12-23 15:00:00,,3509.523646049936
2024-12-23 16:00:00,,3425.6643728041663
2024-12-23 17:00:00,,3351.746474003639
2024-12-23 18:00:00,,3284.1102328912993
2024-12-23 19:00:00,,3276.684326351161
2024-12-23 20:00:00,,3316.912817717338
2024-12-23 21:00:00,,3313.0324244442586
2024-12-23 22:00:00,,3314.8473331825135
2024-12-23 23:00:00,,3281.107481468036
2024-12-24 00:00:00,,3241.291808062604
2024-12-24 01:00:00,,3283.141913257535
2024-12-24 02:00:00,,3194.9880856587934
2024-12-24 03:00:00,,3127.2154615402123
2024-12-24 04:00:00,,3103.9561905624487
2024-12-24 05:00:00,,2972.0826704039196
2024-12-24 06:00:00,,2872.552992048417
2024-12-24 07:00:00,,2838.06390139338
2024-12-24 08:00:00,,2778.931801052128
2024-12-24 09:00:00,,2683.248247614036
2024-12-24 10:00:00,,2616.2353676199286
2024-12-24 11:00:00,,2633.574992343754
2024-12-24 12:00:00,,2578.7405647007863
2024-12-24 13:00:00,,2551.185419024335
2024-12-24 14:00:00,,2473.055457737839
2024-12-24 15:00:00,,2475.026128394515
2024-12-24 16:00:00,,2501.733066930376
2024-12-24 17:00:00,,2551.3201848072918
2024-12-24 18:00:00,,2624.284725049307
2024-12-24 19:00:00,,2771.2008564917005
2024-12-24 20:00:00,,2857.1187327708567
2024-12-24 21:00:00,,3025.151606422805
2024-12-24 22:00:00,,3020.4799243548146
2024-12-24 23:00:00,,2997.6241636723125
2024-12-25 00:00:00,,3006.992579578939
2024-12-25 01:00:00,,2969.0448285601765
2024-12-25 02:00:00,,2862.9740276922475
2024-12-25 03:00:00,,2791.8589845690176
2024-12-25 04:00:00,,2721.7423575265807
2024-12-25 05:00:00,,2646.2912904046602
2024-12-25 06:00:00,,2582.907861031393
2024-12-25 07:00:00,,2484.928685596817
2024-12-25 08:00:00,,2397.161905798584
2024-12-25 09:00:00,,2327.8020589866146
2024-12-25 10:00:00,,2306.795230352549
2024-12-25 11:00:00,,2254.3427543565713
2024-12-25 12:00:00,,2174.028440544852
2024-12-25 13:00:00,,2150.5129966137997
2024-12-25 14:00:00,,2145.2743117084096
2024-12-25 15:00:00,,2134.621994483314
2024-12-25 16:00:00,,2208.2178711666807
2024-12-25 17:00:00,,2304.550420844301
2024-12-25 18:00:00,,2404.4759951046653
2024-12-25 19:00:00,,2602.907977993249
2024-12-25 20:00:00,,2785.941186593914
2024-12-25 21:00:00,,2955.809146602063
2024-12-25 22:00:00,,3044.9070256076106
2024-12-25 23:00:00,,3099.1282974781743
2024-12-26 00:00:00,,3082.586365181075
2024-12-26 01:00:00,,3043.321883047303
2024-12-26 02:00:00,,2970.080352873552
2024-12-26 03:00:00,,2851.8302557565326
2024-12-26 04:00:00,,2738.808073508439
2024-12-26 05:00:00,,2655.6487485367793
2024-12-26 06:00:00,,2599.863649708832
2024-12-26 07:00:00,,2501.4293816564814
2024-12-26 08:00:00,,2398.008140801825
2024-12-26 09:00:00,,2359.0935039247133
2024-12-26 10:00:00,,2263.4711414681783
2024-12-26 11:00:00,,2187.1790305973577
2024-12-26 12:00:00,,2141.8454258953852
2024-12-26 13:00:00,,2080.868876269722
2024-12-26 14:00:00,,2065.324242470337
2024-12-26 15:00:00,,2092.3300814364006
2024-12-26 16:00:00,,2134.4936867591455
2024-12-26 17:00:00,,2296.2459638574296
2024-12-26 18:00:00,,2506.849156727951
2024-12-26 19:00:00,,2895.386430224061
2024-12-26 20:00:00,,3380.888015992875
2024-12-26 21:00:00,,3756.2932113709426
2024-12-26 22:00:00,,3981.7743466396
2024-12-26 23:00:00,,4094.457244615517
2024-12-27 00:00:00,,4050.733735772744
2024-12-27 01:00:00,,3916.962888134196
2024-12-27 02:00:00,,3782.2921052223223
2024-12-27 03:00:00,,3613.226067154077
2024-12-27 04:00:00,,3461.8630332859007
2024-12-27 05:00:00,,3330.2958416268943
2024-12-27 06:00:00,,3177.4106594113473
2024-12-27 07:00:00,,3013.07926646165
2024-12-27 08:00:00,,2806.365794342906
2024-12-27 09:00:00,,2626.7826732415006
2024-12-27 10:00:00,,2616.470012550285
2024-12-27 11:00:00,,2492.6889526218793
2024-12-27 12:00:00,,2438.736924762804
2024-12-27 13:00:00,,2361.7226979537336
2024-12-27 14:00:00,,2263.6763696445205
2024-12-27 15:00:00,,2207.642002646857
2024-12-27 16:00:00,,2190.955644983501
2024-12-27 17:00:00,,2177.565483406667
2024-12-27 18:00:00,,2183.118934440556
2024-12-27 19:00:00,,2237.525943902518
2024-12-27 20:00:00,,2266.419348555029
2024-12-27 21:00:00,,2308.0953287538555
2024-12-27 22:00:00,,2311.1103607120076
2024-12-27 23:00:00,,2259.581734546382
2024-12-28 00:00:00,,2343.7551637625133
2024-12-28 01:00:00,,2305.0942269882316
2024-12-28 02:00:00,,2262.4104719009683
2024-12-28 03:00:00,,2102.5095712290095
2024-12-28 04:00:00,,1978.159102845903
2024-12-28 05:00:00,,1965.3808930695209
2024-12-28 06:00:00,,1903.5815790694319
2024-12-28 07:00:00,,1883.1036569425398
2024-12-28 08:00:00,,1746.63558168471
2024-12-28 09:00:00,,1645.4504276604282
2024-12-28 10:00:00,,1587.463787177413
2024-12-28 11:00:00,,1568.6248519262094
2024-12-28 12:00:00,,1599.443681895491
2024-12-28 13:00:00,,1563.715788096589
2024-12-28 14:00:00,,1504.5620323628502
2024-12-28 15:00:00,,1560.369037364861
2024-12-28 16:00:00,,1606.9005504583026
2024-12-28 17:00:00,,1715.8364631268562
2024-12-28 18:00:00,,1961.27510772776
2024-12-28 19:00:00,,2130.6809955611398
2024-12-28 20:00:00,,2326.2468408462423
2024-12-28 21:00:00,,2466.029149855212
2024-12-28 22:00:00,,2607.680810140639
2024-12-28 23:00:00,,2629.8287469597635
2024-12-29 00:00:00,,2635.85075933183
2024-12-29 01:00:00,,2550.383177268197
2024-12-29 02:00:00,,2479.6795101210205
2024-12-29 03:00:00,,2400.2469523466575
2024-12-29 04:00:00,,2280.584631980067
2024-12-29 05:00:00,,2200.8734376556963
2024-12-29 06:00:00,,2075.8912612321524
2024-12-29 07:00:00,,2006.0723849530914
2024-12-29 08:00:00,,1892.44079667079
2024-12-29 09:00:00,,1829.6420566864872
2024-12-29 10:00:00,,1765.0752652213164
2024-12-29 11:00:00,,1718.933540755292
2024-12-29 12:00:00,,1644.3421654110343
2024-12-29 13:00:00,,1629.5799264508335
2024-12-29 14:00:00,,1569.8314480960337
2024-12-29 15:00:00,,1571.9304404662857
2024-12-29 16:00:00,,1607.0784141137776
2024-12-29 17:00:00,,1609.6561618954418
2024-12-29 18:00:00,,1682.1705757698307
2024-12-29 19:00:00,,1805.101578899464
2024-12-29 20:00:00,,1916.96075947923
2024-12-29 21:00:00,,1969.409476292067
2024-12-29 22:00:00,,2030.860890816227
2024-12-29 23:00:00,,2035.6916832770746
2024-12-30 00:00:00,,2009.9682438031225
2024-12-30 01:00:00,,1969.5513908523005
2024-12-30 02:00:00,,1921.6243214008716
2024-12-30 03:00:00,,1909.4566760263672
2024-12-30 04:00:00,,1867.1249012821636
2024-12-30 05:00:00,,1798.6539107669478
2024-12-30 06:00:00,,1741.0813345026202
2024-12-30 07:00:00,,1730.130401513296
2024-12-30 08:00:00,,1789.225580343102
2024-12-30 09:00:00,,1808.8543057566899
2024-12-30 10:00:00,,1970.2852150405768
2024-12-30 11:00:00,,2222.1119877413985
2024-12-30 12:00:00,,2661.1438108858288
2024-12-30 13:00:00,,3346.689107541859
2024-12-30 14:00:00,,4826.373452707959
2024-12-30 15:00:00,,4762.793544469284
2024-12-30 16:00:00,,4459.902235457244
2024-12-30 17:00:00,,4209.317702046094
2024-12-30 18:00:00,,3980.6660911490767
2024-12-30 19:00:00,,3826.164884648249
2024-12-30 20:00:00,,3603.2642578066475
2024-12-30 21:00:00,,3442.815749966942
2024-12-30 22:00:00,,3455.6700806525578
2024-12-30 23:00:00,,3658.9256894380474
2024-12-31 00:00:00,,4283.2755301849265
2024-12-31 01:00:00,,4396.41329893867
2024-12-31 02:00:00,,4255.75893219802
2024-12-31 03:00:00,,4694.019147495402
2024-12-31 04:00:00,,4641.72178273048
2024-12-31 05:00:00,,4482.08510914342
2024-12-31 06:00:00,,4447.921513112336
2024-12-31 07:00:00,,5657.531149002215
2024-12-31 08:00:00,,6236.022821706686
2024-12-31 09:00:00,,6293.591104161115
2024-12-31 10:00:00,,6324.119470066872
2024-12-31 11:00:00,,6175.082352658085
2024-12-31 12:00:00,,6048.114025471756
2024-12-31 13:00:00,,6136.575677776729
2024-12-31 14:00:00,,6197.098350193935
2024-12-31 15:00:00,,6361.474473318145
2024-12-31 16:00:00,,6948.471185523894
2024-12-31 17:00:00,,7213.48512112432
2024-12-31 18:00:00,,7522.340276188774
2024-12-31 19:00:00,,7547.241478567894
2024-12-31 20:00:00,,7636.089964358726
2024-12-31 21:00:00,,7473.544132550924
2024-12-31 22:00:00,,7263.474379150078
2024-12-31 23:00:00,,7099.768971281823
2025-01-01 00:00:00,,6870.257268435519
2025-01-01 01:00:00,,6776.531479550341
2025-01-01 02:00:00,,6648.686782763071
2025-01-01 03:00:00,,6556.199689705741
2025-01-01 04:00:00,,6357.719329753863
2025-01-01 05:00:00,,6268.236312545636
2025-01-01 06:00:00,,6127.905938624148
2025-01-01 07:00:00,,5925.977140711832
2025-01-01 08:00:00,,5731.599430449933
2025-01-01 09:00:00,,5515.961880097307
2025-01-01 10:00:00,,5367.074818069633
2025-01-01 11:00:00,,5222.735581172424
2025-01-01 12:00:00,,5044.783558112196
2025-01-01 13:00:00,,4868.530993343101
2025-01-01 14:00:00,,4744.761029978762
2025-01-01 15:00:00,,4690.342179872874
2025-01-01 16:00:00,,4566.206987117175
2025-01-01 17:00:00,,4490.246202434144
2025-01-01 18:00:00,,4477.710215346648
2025-01-01 19:00:00,,4496.643864492956
2025-01-01 20:00:00,,4459.83247304494
2025-01-01 21:00:00,,4466.594746973622
2025-01-01 22:00:00,,4411.58491446275
2025-01-01 23:00:00,,4357.769275985273
2025-01-02 00:00:00,,4311.109966657568
2025-01-02 01:00:00,,4226.7186345953505
2025-01-02 02:00:00,,4188.992256109081
2025-01-02 03:00:00,,4066.627755776813
2025-01-02 04:00:00,,3965.588856210899
2025-01-02 05:00:00,,3932.381081852965
2025-01-02 06:00:00,,3778.593426039238
2025-01-02 07:00:00,,3690.554208614974
2025-01-02 08:00:00,,3650.316556035644
2025-01-02 09:00:00,,3608.953217228797
2025-01-02 10:00:00,,3521.711738695465
2025-01-02 11:00:00,,3434.26092915102
2025-01-02 12:00:00,,3385.8464315263627
2025-01-02 13:00:00,,3361.433088501845
2025-01-02 14:00:00,,3379.865691049565
2025-01-02 15:00:00,,3413.784375174172
2025-01-02 16:00:00,,3500.5378457271245
2025-01-02 17:00:00,,3538.403697705198
2025-01-02 18:00:00,,3586.174642567668
2025-01-02 19:00:00,,3657.843117567607
2025-01-02 20:00:00,,3698.427451147653
2025-01-02 21:00:00,,3775.299527923493
2025-01-02 22:00:00,,3814.3190574131895
2025-01-02 23:00:00,,3812.044647867513
2025-01-03 00:00:00,,3769.7571179972147
2025-01-03 01:00:00,,3722.6119813582686
2025-01-03 02:00:00,,3654.2896975124304
2025-01-03 03:00:00,,3582.6252815622006
2025-01-03 04:00:00,,3526.55432235166
2025-01-03 05:00:00,,3439.9950665698793
2025-01-03 06:00:00,,3335.132302806795
2025-01-03 07:00:00,,3230.792095059245
2025-01-03 08:00:00,,3162.606712968021
2025-01-03 09:00:00,,3093.7452084392703
2025-01-03 10:00:00,,3024.6130250039487
2025-01-03 11:00:00,,2995.7475657141763
2025-01-03 12:00:00,,2939.605873542361
2025-01-03 13:00:00,,2876.5845506843198
2025-01-03 14:00:00,,2814.0755057801616
2025-01-03 15:00:00,,2772.301373824102
2025-01-03 16:00:00,,2787.259478768436
2025-01-03 17:00:00,,2793.1384771006656
2025-01-03 18:00:00,,2851.146133400994
2025-01-03 19:00:00,,2953.3347720615766
2025-01-03 20:00:00,,3059.1127304248553
2025-01-03 21:00:00,,3207.6104602402434
2025-01-03 22:00:00,,3255.8477051398786
2025-01-03 23:00:00,,3265.1698871136127
2025-01-04 00:00:00,,3252.0126374860024
2025-01-04 01:00:00,,3212.909948587049
2025-01-04 02:00:00,,3160.1098973402395
2025-01-04 03:00:00,,3077.486111721507
2025-01-04 04:00:00,,3035.115380310092
2025-01-04 05:00:00,,2938.0750437582074
2025-01-04 06:00:00,,2886.2645107512226
2025-01-04 07:00:00,,2778.5606355372593
2025-01-04 08:00:00,,2708.6880653050885
2025-01-04 09:00:00,,2645.835475989576
2025-01-04 10:00:00,,2371.9419798502754
2025-01-04 11:00:00,,2243.782087172087
2025-01-04 12:00:00,,2185.6019633182086
2025-01-04 13:00:00,,2114.348248908173
2025-01-04 14:00:00,,2085.156180319327
2025-01-04 15:00:00,,2068.6364818393627
2025-01-04 16:00:00,,2072.5225551889775
2025-01-04 17:00:00,,2077.907239004999
2025-01-04 18:00:00,,2054.027548225884
2025-01-04 19:00:00,,2079.686782765483
2025-01-04 20:00:00,,2121.232299357802
2025-01-04 21:00:00,,2177.623079542309
2025-01-04 22:00:00,,2204.2699846983387
2025-01-04 23:00:00,,2263.6650384727645
2025-01-05 00:00:00,,2304.84290812026
2025-01-05 01:00:00,,2367.781154333115
2025-01-05 02:00:00,,2377.2723774237834
2025-01-05 03:00:00,,2392.3593236873853
2025-01-05 04:00:00,,2381.0443669852
2025-01-05 05:00:00,,2342.4978433559936
2025-01-05 06:00:00,,2337.6905777812935
2025-01-05 07:00:00,,2264.6795117879424
2025-01-05 08:00:00,,2217.8966979444745
2025-01-05 09:00:00,,2116.2959936195034
2025-01-05 10:00:00,,2094.7682809867647
2025-01-05 11:00:00,,2064.0799737506613
2025-01-05 12:00:00,,2036.0825572478543
2025-01-05 13:00:00,,2047.976941860978
2025-01-05 14:00:00,,2028.450160030596
2025-01-05 15:00:00,,1936.188986013395
2025-01-05 16:00:00,,1965.687514488012
2025-01-05 17:00:00,,2015.6283675800635
2025-01-05 18:00:00,,2067.979408113037
2025-01-05 19:00:00,,2176.2330980249226
2025-01-05 20:00:00,,2280.808861627365
2025-01-05 21:00:00,,2365.720530030697
2025-01-05 22:00:00,,2459.834993631975
2025-01-05 23:00:00,,2524.392038333748
2025-01-06 00:00:00,,2492.0291319183575
2025-01-06 01:00:00,,2457.0229851231916
2025-01-06 02:00:00,,2386.449974273651
2025-01-06 03:00:00,,2325.66002859277
2025-01-06 04:00:00,,2251.394064595822
2025-01-06 05:00:00,,2161.0058710563458
2025-01-06 06:00:00,,2085.556687012526
2025-01-06 07:00:00,,2050.1679743639015
2025-01-06 08:00:00,,1985.9015954646845
2025-01-06 09:00:00,,1918.9879557285751
2025-01-06 10:00:00,,1776.803178271789
2025-01-06 11:00:00,,1734.1461197830417
2025-01-06 12:00:00,,1718.4975164791547
2025-01-06 13:00:00,,1706.2959227430483
2025-01-06 14:00:00,,1681.1802354564372
2025-01-06 15:00:00,,1643.9174660524263
2025-01-06 16:00:00,,1689.6919620614005
2025-01-06 17:00:00,,1716.7025348486548
2025-01-06 18:00:00,,1809.286306931372
2025-01-06 19:00:00,,1933.217976525721
2025-01-06 20:00:00,,2074.7593653837525
2025-01-06 21:00:00,,2226.3626613850274
2025-01-06 22:00:00,,2317.409469404923
2025-01-06 23:00:00,,2378.8110932866603
2025-01-07 00:00:00,,2354.527399187944
2025-01-07 01:00:00,,2376.533249602805
2025-01-07 02:00:00,,2371.7084497273
2025-01-07 03:00:00,,2284.519111058786
2025-01-07 04:00:00,,2225.270533295779
2025-01-07 05:00:00,,2181.406374685393
2025-01-07 06:00:00,,2103.345154450202
2025-01-07 07:00:00,,2029.2241493662395
2025-01-07 08:00:00,,1974.0234364793516
2025-01-07 09:00:00,,1913.9379066054473
2025-01-07 10:00:00,,1865.1106829288658
2025-01-07 11:00:00,,1859.3007863981386
2025-01-07 12:00:00,,1825.6532365950934
2025-01-07 13:00:00,,1832.8475022090183
2025-01-07 14:00:00,,1839.590084200533
2025-01-07 15:00:00,,1782.6132374168428
2025-01-07 16:00:00,,1867.9659731694012
2025-01-07 17:00:00,,1934.862809846494
2025-01-07 18:00:00,,1976.8143199986207
2025-01-07 19:00:00,,2006.6010613297547
2025-01-07 20:00:00,,2149.023171090993
2025-01-07 21:00:00,,2173.7965170972157
2025-01-07 22:00:00,,2228.273923626092
2025-01-07 23:00:00,,2320.231428856366
2025-01-08 00:00:00,,2304.5260759521957
2025-01-08 01:00:00,,2325.4832583541474
2025-01-08 02:00:00,,2345.68185479632
2025-01-08 03:00:00,,2309.488999980007
2025-01-08 04:00:00,,2264.4558131057647
2025-01-08 05:00:00,,2257.615007205497
2025-01-08 06:00:00,,2323.4382915738165
2025-01-08 07:00:00,,2378.5490555568663
2025-01-08 08:00:00,,2416.936368598875
2025-01-08 09:00:00,,2541.934266382118
2025-01-08 10:00:00,,2954.80330627192
2025-01-08 11:00:00,,3573.9865647059783
2025-01-08 12:00:00,,4873.470078845232
2025-01-08 13:00:00,,5508.97051632866
2025-01-08 14:00:00,,5555.404616046929
2025-01-08 15:00:00,,5480.329149756089
2025-01-08 16:00:00,,5187.186509074395
2025-01-08 17:00:00,,4921.4659506819835
2025-01-08 18:00:00,,4648.3783913798425
2025-01-08 19:00:00,,4431.344332739223
2025-01-08 20:00:00,,4241.062848109421
2025-01-08 21:00:00,,4044.6026308691867
2025-01-08 22:00:00,,3825.382480373338
2025-01-08 23:00:00,,3661.03479296827
2025-01-09 00:00:00,,3491.3559733506154
2025-01-09 01:00:00,,3330.7254119390095
2025-01-09 02:00:00,,3169.015487140288
2025-01-09 03:00:00,,2985.2809520304177
2025-01-09 04:00:00,,2835.1289243774445
2025-01-09 05:00:00,,2722.0699067115265
2025-01-09 06:00:00,,2606.750873033843
2025-01-09 07:00:00,,2482.941916320774
2025-01-09 08:00:00,,2332.1926325524582
2025-01-09 09:00:00,,2279.0923735794267
2025-01-09 10:00:00,,2229.3270039991976
2025-01-09 11:00:00,,2163.2196289233116
2025-01-09 12:00:00,,2047.5903547023765
2025-01-09 13:00:00,,1988.8157447572635
2025-01-09 14:00:00,,1924.8465119524599
2025-01-09 15:00:00,,1861.6074344274236
2025-01-09 16:00:00,,1816.6809846544986
2025-01-09 17:00:00,,1782.347285434267
2025-01-09 18:00:00,,1761.1159798522237
2025-01-09 19:00:00,,1754.8292109924494
2025-01-09 20:00:00,,1717.192480432396
2025-01-09 21:00:00,,1731.2559809351249
2025-01-09 22:00:00,,1735.1116125547262
2025-01-09 23:00:00,,1705.3733605071943
2025-01-10 00:00:00,,1716.0107989887604
2025-01-10 01:00:00,,1715.6357313834333
2025-01-10 02:00:00,,1697.1764335765674
2025-01-10 03:00:00,,1682.5226891874172
2025-01-10 04:00:00,,1629.7068538651793
2025-01-10 05:00:00,,1582.3599737620634
2025-01-10 06:00:00,,1548.774036209496
2025-01-10 07:00:00,,1509.0874165499724
2025-01-10 08:00:00,,1487.6183921249071
2025-01-10 09:00:00,,3028.004417679579
2025-01-10 10:00:00,,3666.3561182931717
2025-01-10 11:00:00,,3193.5166709086902
2025-01-10 12:00:00,,2597.659579083687
2025-01-10 13:00:00,,1832.4980451125336
2025-01-10 14:00:00,,1376.5342535025345
2025-01-10 15:00:00,,1486.746943701937
2025-01-10 16:00:00,,1460.4427625548165
2025-01-10 17:00:00,,1495.6720211764186
2025-01-10 18:00:00,,1486.1300025162761
2025-01-10 19:00:00,,1477.6377563385247
2025-01-10 20:00:00,,1493.8678581852148
2025-01-10 21:00:00,,1500.5667840419305
2025-01-10 22:00:00,,1542.563914451283
2025-01-10 23:00:00,,1586.0592164100792
2025-01-11 00:00:00,,1613.3678240565719
2025-01-11 01:00:00,,1622.1302041899678
2025-01-11 02:00:00,,1605.7512381351132
2025-01-11 03:00:00,,1592.4894161815077
2025-01-11 04:00:00,,1579.114927208536
2025-01-11 05:00:00,,1565.3079888441869
2025-01-11 06:00:00,,1537.3955015110328
2025-01-11 07:00:00,,1518.1945789049232
2025-01-11 08:00:00,,1517.5944540416347
2025-01-11 09:00:00,,1642.9295808317254
2025-01-11 10:00:00,,1600.7972666966157
2025-01-11 11:00:00,,1709.2640535189416
2025-01-11 12:00:00,,1708.7673272271604
2025-01-11 13:00:00,,1703.5992244892266
2025-01-11 14:00:00,,1784.7758511582804
2025-01-11 15:00:00,,1736.6610952460528
2025-01-11 16:00:00,,1773.672975204368
2025-01-11 17:00:00,,1849.4233672207897
2025-01-11 18:00:00,,1987.245875519231
2025-01-11 19:00:00,,2145.2529540789706
2025-01-11 20:00:00,,2264.400088883023
2025-01-11 21:00:00,,2397.4325565447925
2025-01-11 22:00:00,,2498.533461553855
2025-01-11 23:00:00,,2537.9410380480917
2025-01-12 00:00:00,,2542.416643053165
2025-01-12 01:00:00,,2474.615550942765
2025-01-12 02:00:00,,2410.9304394287246
2025-01-12 03:00:00,,2325.4100755097365
2025-01-12 04:00:00,,2282.044410080377
2025-01-12 05:00:00,,2223.4418474432846
2025-01-12 06:00:00,,2175.0375934636972
2025-01-12 07:00:00,,2170.0320538554934
2025-01-12 08:00:00,,2197.804906290828
2025-01-12 09:00:00,,2505.41636147632
2025-01-12 10:00:00,,2767.4453497166505
2025-01-12 11:00:00,,3143.210949819059
2025-01-12 12:00:00,,3652.929055210338
2025-01-12 13:00:00,,4323.538597633744
2025-01-12 14:00:00,,4936.1758204055595
2025-01-12 15:00:00,,5089.229201344035
2025-01-12 16:00:00,,4951.212293059513
2025-01-12 17:00:00,,4798.222999696868
2025-01-12 18:00:00,,4502.284370639634
2025-01-12 19:00:00,,4273.979047133013
2025-01-12 20:00:00,,4095.0555308177622
2025-01-12 21:00:00,,3835.391706142389
2025-01-12 22:00:00,,3640.2938277953363
2025-01-12 23:00:00,,3462.315232325774
2025-01-13 00:00:00,,3277.506024738172
2025-01-13 01:00:00,,3166.300584511653
2025-01-13 02:00:00,,3049.6434610392066
2025-01-13 03:00:00,,2917.7114056159007
2025-01-13 04:00:00,,2807.3413868727475
2025-01-13 05:00:00,,2703.460590095776
2025-01-13 06:00:00,,2596.204057764028
2025-01-13 07:00:00,,2478.979518497404
2025-01-13 08:00:00,,2469.1492434543325
2025-01-13 09:00:00,,2440.406233948365
2025-01-13 10:00:00,,2299.591561997967
2025-01-13 11:00:00,,2211.57771209161
2025-01-13 12:00:00,,2146.683795528005
2025-01-13 13:00:00,,2070.846558624786
2025-01-13 14:00:00,,2008.9797991906976
2025-01-13 15:00:00,,1959.6094291606819
2025-01-13 16:00:00,,1946.4335132279953
2025-01-13 17:00:00,,1900.3909587557753
2025-01-13 18:00:00,,1861.2349351246357
2025-01-13 19:00:00,,1860.962363470768
2025-01-13 20:00:00,,1846.2948240721917
2025-01-13 21:00:00,,1869.3819036636837
2025-01-13 22:00:00,,1882.863769639939
2025-01-13 23:00:00,,1913.670578921723
2025-01-14 00:00:00,,2035.0425979653091
2025-01-14 01:00:00,,2171.0839987341833
2025-01-14 02:00:00,,2341.1509934169007
2025-01-14 03:00:00,,2786.8118232074225
2025-01-14 04:00:00,,3230.853186690631
2025-01-14 05:00:00,,3366.2694407739586
2025-01-14 06:00:00,,3671.6306328964156
2025-01-14 07:00:00,,4380.775890136109
2025-01-14 08:00:00,,4685.039731806353
2025-01-14 09:00:00,,4366.073938660393
2025-01-14 10:00:00,,4063.3102709414343
2025-01-14 11:00:00,,3884.6269149782415
2025-01-14 12:00:00,,3790.2386813972907
2025-01-14 13:00:00,,3731.648523114364
2025-01-14 14:00:00,,3544.7789084283513
2025-01-14 15:00:00,,3345.862030309589
2025-01-14 16:00:00,,3203.959593089928
2025-01-14 17:00:00,,3122.4600964984193
2025-01-14 18:00:00,,3001.9875217331232
2025-01-14 19:00:00,,2922.7306065136863
2025-01-14 20:00:00,,3007.891903603566
2025-01-14 21:00:00,,3001.261498852046
2025-01-14 22:00:00,,3024.6018954125884
2025-01-14 23:00:00,,3100.793369483137
2025-01-15 00:00:00,,3091.3407193071957
2025-01-15 01:00:00,,3104.1884095649457
2025-01-15 02:00:00,,3100.376648370799
2025-01-15 03:00:00,,3158.439016832225
2025-01-15 04:00:00,,3342.193088127064
2025-01-15 05:00:00,,3937.7479039498176
2025-01-15 06:00:00,,4423.662680764412
2025-01-15 07:00:00,,5058.910520673557
2025-01-15 08:00:00,,5160.96859623309
2025-01-15 09:00:00,,4896.114649172184
2025-01-15 10:00:00,,4875.912419269584
2025-01-15 11:00:00,,4689.1358710210625
2025-01-15 12:00:00,,4546.343500481653
2025-01-15 13:00:00,,4413.828248276238
2025-01-15 14:00:00,,4319.090539343794
2025-01-15 15:00:00,,4347.739378361735
2025-01-15 16:00:00,,4316.3524999414185
2025-01-15 17:00:00,,4352.625298490027
2025-01-15 18:00:00,,5203.13585013438
2025-01-15 19:00:00,,5952.417402678577
2025-01-15 20:00:00,,6657.71316678043
2025-01-15 21:00:00,,6614.543080089586
2025-01-15 22:00:00,,6293.802334027156
2025-01-15 23:00:00,,5932.194335943329
2025-01-16 00:00:00,,5592.411659643466
2025-01-16 01:00:00,,5245.609585422815
2025-01-16 02:00:00,,4940.407551776885
2025-01-16 03:00:00,,4718.386521941789
2025-01-16 04:00:00,,4531.468650826248
2025-01-16 05:00:00,,4364.051359950484
2025-01-16 06:00:00,,4157.2561737161905
2025-01-16 07:00:00,,3983.541203522723
2025-01-16 08:00:00,,3849.435207309042
2025-01-16 09:00:00,,3746.3187677945443
2025-01-16 10:00:00,,3598.3724724658855
2025-01-16 11:00:00,,3519.5518353580815
2025-01-16 12:00:00,,3351.510527642165
2025-01-16 13:00:00,,3260.4284970250937
2025-01-16 14:00:00,,3163.2890043459765
2025-01-16 15:00:00,,3087.03700353143
2025-01-16 16:00:00,,3030.9530228042927
2025-01-16 17:00:00,,2997.9939682581116
2025-01-16 18:00:00,,2995.935041207678
2025-01-16 19:00:00,,3003.4802728233194
2025-01-16 20:00:00,,2983.576667427434
2025-01-16 21:00:00,,2971.1277164571397
2025-01-16 22:00:00,,2987.5998782378474
2025-01-16 23:00:00,,3002.6826464720207
2025-01-17 00:00:00,,3009.2584912712
2025-01-17 01:00:00,,3037.6046196686275
2025-01-17 02:00:00,,3018.5904144852557
2025-01-17 03:00:00,,3021.2135716975017
2025-01-17 04:00:00,,3013.8471513153554
2025-01-17 05:00:00,,2969.6505530889585
2025-01-17 06:00:00,,2927.73583520586
2025-01-17 07:00:00,,2858.6534636684737
2025-01-17 08:00:00,,2833.4264616484684
2025-01-17 09:00:00,,2887.369365747902
2025-01-17 10:00:00,,2894.298978312201
2025-01-17 11:00:00,,2844.9301459631047
2025-01-17 12:00:00,,2799.1433573924833
2025-01-17 13:00:00,,2789.3490564617855
2025-01-17 14:00:00,,2792.8725476689688
2025-01-17 15:00:00,,2821.2886975589154
2025-01-17 16:00:00,,2909.2116474109193
2025-01-17 17:00:00,,2992.7353576341116
2025-01-17 18:00:00,,2973.017958497846
2025-01-17 19:00:00,,3053.073907420932
2025-01-17 20:00:00,,3075.11050786629
2025-01-17 21:00:00,,3062.541215325489
2025-01-17 22:00:00,,2993.7416865787122
2025-01-17 23:00:00,,2920.929406128951
2025-01-18 00:00:00,,2899.589851018955
2025-01-18 01:00:00,,2914.7107514391714
2025-01-18 02:00:00,,2895.7806522328087
2025-01-18 03:00:00,,2885.354821955556
2025-01-18 04:00:00,,2839.777538016603
2025-01-18 05:00:00,,2746.4999212950493
2025-01-18 06:00:00,,2682.9063049991555
2025-01-18 07:00:00,,2610.147653743693
2025-01-18 08:00:00,,2591.197903213256
2025-01-18 09:00:00,,2554.9553094700073
2025-01-18 10:00:00,,2471.0048355508625
2025-01-18 11:00:00,,2453.9083293397307
2025-01-18 12:00:00,,2442.5585904334844
2025-01-18 13:00:00,,2430.9278795331393
2025-01-18 14:00:00,,2409.6779157228293
2025-01-18 15:00:00,,2373.3181435737893
2025-01-18 16:00:00,,2386.3260588637568
2025-01-18 17:00:00,,2427.197426996508
2025-01-18 18:00:00,,2581.2282231808167
2025-01-18 19:00:00,,2728.641457480088
2025-01-18 20:00:00,,2866.630289797822
2025-01-18 21:00:00,,2947.4139265823837
2025-01-18 22:00:00,,2952.41794184348
2025-01-18 23:00:00,,2953.4376934930347
2025-01-19 00:00:00,,2954.950116349387
2025-01-19 01:00:00,,2896.293619653356
2025-01-19 02:00:00,,2841.580552015279
2025-01-19 03:00:00,,2764.0536314115534
2025-01-19 04:00:00,,2686.300550094643
2025-01-19 05:00:00,,2603.444235769879
2025-01-19 06:00:00,,2540.0473401729982
2025-01-19 07:00:00,,2445.8980193769007
2025-01-19 08:00:00,,2380.4509868237137
2025-01-19 09:00:00,,2335.7392354184085
2025-01-19 10:00:00,,2253.957424618138
2025-01-19 11:00:00,,2221.539279473649
2025-01-19 12:00:00,,2172.2851952439323
2025-01-19 13:00:00,,2106.1204673222164
2025-01-19 14:00:00,,2059.410943125996
2025-01-19 15:00:00,,2042.1192686598833
2025-01-19 16:00:00,,2060.000446602367
2025-01-19 17:00:00,,2081.5290354488734
2025-01-19 18:00:00,,2113.2668612827
2025-01-19 19:00:00,,2216.51232402936
2025-01-19 20:00:00,,2306.848265721046
2025-01-19 21:00:00,,2352.906108092511
2025-01-19 22:00:00,,2361.2573017806144
2025-01-19 23:00:00,,2362.2397975279237
2025-01-20 00:00:00,,2349.4830896434546
2025-01-20 01:00:00,,2313.5749120879927
2025-01-20 02:00:00,,2280.2565160580975
2025-01-20 03:00:00,,2220.6395129014263
2025-01-20 04:00:00,,2172.2035640738895
2025-01-20 05:00:00,,2120.285008567503
2025-01-20 06:00:00,,2059.300714415229
2025-01-20 07:00:00,,2050.89389532178
2025-01-20 08:00:00,,1986.2113061140399
2025-01-20 09:00:00,,1969.7153608959477
2025-01-20 10:00:00,,1936.7108232888986
2025-01-20 11:00:00,,1931.0168268169514
2025-01-20 12:00:00,,2007.8541225295917
2025-01-20 13:00:00,,2121.137646198444
2025-01-20 14:00:00,,2254.7114800174077
2025-01-20 15:00:00,,2349.8890658734763
2025-01-20 16:00:00,,2472.7078695195996
2025-01-20 17:00:00,,2560.178388861702
2025-01-20 18:00:00,,2676.4666984006612
2025-01-20 19:00:00,,2751.9849104353884
2025-01-20 20:00:00,,2875.9812304878556
2025-01-20 21:00:00,,2957.6488907821235
2025-01-20 22:00:00,,2994.431270246895
2025-01-20 23:00:00,,3008.851799323636
2025-01-21 00:00:00,,3005.8617306033807
2025-01-21 01:00:00,,2997.24348432653
2025-01-21 02:00:00,,2998.7216446201087
2025-01-21 03:00:00,,2967.881421710281
2025-01-21 04:00:00,,2938.2060195442136
2025-01-21 05:00:00,,2887.9637406010047
2025-01-21 06:00:00,,2833.811128418947
2025-01-21 07:00:00,,2758.24594600208
2025-01-21 08:00:00,,2678.409898886308
2025-01-21 09:00:00,,2605.6727279347756
2025-01-21 10:00:00,,2547.7127605023256
2025-01-21 11:00:00,,2441.798892867471
2025-01-21 12:00:00,,2405.573360853937
2025-01-21 13:00:00,,2396.2922423412792
2025-01-21 14:00:00,,2371.366532272809
2025-01-21 15:00:00,,2393.757109788515
2025-01-21 16:00:00,,2426.390257540845
2025-01-21 17:00:00,,2452.507274613712
2025-01-21 18:00:00,,2447.332615290214
2025-01-21 19:00:00,,2430.953829439007
2025-01-21 20:00:00,,2452.8854254516755
2025-01-21 21:00:00,,2443.2898991290685
2025-01-21 22:00:00,,2407.286979501794
2025-01-21 23:00:00,,2405.7007459244064
2025-01-22 00:00:00,,2363.3052896558856
2025-01-22 01:00:00,,2319.6075932276667
2025-01-22 02:00:00,,2273.1207659502606
2025-01-22 03:00:00,,2208.2132608733746
2025-01-22 04:00:00,,2162.764288650472
2025-01-22 05:00:00,,2120.652803625185
2025-01-22 06:00:00,,2046.9284953365177
2025-01-22 07:00:00,,1978.58468777009
2025-01-22 08:00:00,,1944.7195090659666
2025-01-22 09:00:00,,1899.7399601932632
2025-01-22 10:00:00,,1837.9220982513798
2025-01-22 11:00:00,,1810.7870658856766
2025-01-22 12:00:00,,1802.2649886691086
2025-01-22 13:00:00,,1784.2384513544537
2025-01-22 14:00:00,,1800.9114306640574
2025-01-22 15:00:00,,1915.892000137603
2025-01-22 16:00:00,,2010.8880389271428
2025-01-22 17:00:00,,2160.1998578051457
2025-01-22 18:00:00,,2329.404479822459
2025-01-22 19:00:00,,2465.5304260836174
2025-01-22 20:00:00,,2537.0650217495327
2025-01-22 21:00:00,,2595.2067591858413
2025-01-22 22:00:00,,2623.7941333742824
2025-01-22 23:00:00,,2699.731767240336
2025-01-23 00:00:00,,2755.555192464361
2025-01-23 01:00:00,,2805.8613307590435
2025-01-23 02:00:00,,2784.0672837338184
2025-01-23 03:00:00,,2714.904472818532
2025-01-23 04:00:00,,2627.5233808587022
2025-01-23 05:00:00,,2539.806807957951
2025-01-23 06:00:00,,2438.984858364656
2025-01-23 07:00:00,,2367.881692508118
2025-01-23 08:00:00,,2330.41811421442
2025-01-23 09:00:00,,2381.1639291907304
2025-01-23 10:00:00,,2393.053128104923
2025-01-23 11:00:00,,2468.303341584426
2025-01-23 12:00:00,,2555.435273023899
2025-01-23 13:00:00,,2660.5676278913966
2025-01-23 14:00:00,,2800.1870856452188
2025-01-23 15:00:00,,3028.9090440031246
2025-01-23 16:00:00,,3156.6912180989875
2025-01-23 17:00:00,,3703.6958415712143
2025-01-23 18:00:00,,4180.78436665794
2025-01-23 19:00:00,,5599.267240516397
2025-01-23 20:00:00,,6135.395168607905
2025-01-23 21:00:00,,6415.234842685597
2025-01-23 22:00:00,,6631.046018385794
2025-01-23 23:00:00,,6763.018818425871
2025-01-24 00:00:00,,6556.125589871974
2025-01-24 01:00:00,,6275.017340978066
2025-01-24 02:00:00,,6006.6500237043765
2025-01-24 03:00:00,,5712.177597269657
2025-01-24 04:00:00,,5568.502363474008
2025-01-24 05:00:00,,5406.133909102005
2025-01-24 06:00:00,,5167.083270034658
2025-01-24 07:00:00,,5046.971215619442
2025-01-24 08:00:00,,5039.127003166403
2025-01-24 09:00:00,,5047.005168896812
2025-01-24 10:00:00,,5209.14090542332
2025-01-24 11:00:00,,5263.075399702554
2025-01-24 12:00:00,,5184.210785386343
2025-01-24 13:00:00,,5067.11271593671
2025-01-24 14:00:00,,4971.959268321564
2025-01-24 15:00:00,,4814.554451925703
2025-01-24 16:00:00,,4712.508248658691
2025-01-24 17:00:00,,4644.5906058528135
2025-01-24 18:00:00,,4748.71285482455
2025-01-24 19:00:00,,5015.9158003078755
2025-01-24 20:00:00,,5107.591592667686
2025-01-24 21:00:00,,5301.050908800556
2025-01-24 22:00:00,,5307.911280690157
2025-01-24 23:00:00,,5196.871925597903
2025-01-25 00:00:00,,5293.8927117431485
2025-01-25 01:00:00,,5627.588296558745
2025-01-25 02:00:00,,5955.133006079054
2025-01-25 03:00:00,,6455.604067641544
2025-01-25 04:00:00,,6497.554880875093
2025-01-25 05:00:00,,6312.476518624293
2025-01-25 06:00:00,,6073.322733283174
2025-01-25 07:00:00,,5777.985840920859
2025-01-25 08:00:00,,5566.363353051438
2025-01-25 09:00:00,,5407.6030884870725
2025-01-25 10:00:00,,5267.547244613483
2025-01-25 11:00:00,,5286.1560508628445
2025-01-25 12:00:00,,5716.17134618207
2025-01-25 13:00:00,,5862.311639741133
2025-01-25 14:00:00,,5735.779705421078
2025-01-25 15:00:00,,5612.379462217422
2025-01-25 16:00:00,,5424.668860369385
2025-01-25 17:00:00,,5273.232330341346
2025-01-25 18:00:00,,5084.123726790719
2025-01-25 19:00:00,,4995.721349198214
2025-01-25 20:00:00,,4930.870162678293
2025-01-25 21:00:00,,4817.866420547324
2025-01-25 22:00:00,,4783.631650178028
2025-01-25 23:00:00,,4713.332035092214
2025-01-26 00:00:00,,4588.560204198923
2025-01-26 01:00:00,,4489.962450842894
2025-01-26 02:00:00,,4437.019006507018
2025-01-26 03:00:00,,4314.465121541764
2025-01-26 04:00:00,,4230.823251294099
2025-01-26 05:00:00,,4129.655191734183
2025-01-26 06:00:00,,4010.424664046111
2025-01-26 07:00:00,,3900.0212818906875
2025-01-26 08:00:00,,3778.171949073902
2025-01-26 09:00:00,,3776.529217397835
2025-01-26 10:00:00,,3767.5029812573675
2025-01-26 11:00:00,,3887.4837306347254
2025-01-26 12:00:00,,4209.878228833867
2025-01-26 13:00:00,,4388.2259817377535
2025-01-26 14:00:00,,4609.297966011525
2025-01-26 15:00:00,,5080.76074000316
2025-01-26 16:00:00,,6002.198324608326
2025-01-26 17:00:00,,7787.936953233402
2025-01-26 18:00:00,,10982.102984875655
2025-01-26 19:00:00,,10953.117937143752
2025-01-26 20:00:00,,11553.721099888524
2025-01-26 21:00:00,,12397.563751800904
2025-01-26 22:00:00,,13414.393319528519
2025-01-26 23:00:00,,15736.988263977657
2025-01-27 00:00:00,,15085.773739932072
2025-01-27 01:00:00,,13383.743565228511
2025-01-27 02:00:00,,11923.02431833797
2025-01-27 03:00:00,,10737.679121932759
2025-01-27 04:00:00,,9955.896851723706
2025-01-27 05:00:00,,9330.044324757448
2025-01-27 06:00:00,,8869.44711802292
2025-01-27 07:00:00,,8429.22737350651
2025-01-27 08:00:00,,7993.989942660901
2025-01-27 09:00:00,,7642.780160502962
2025-01-27 10:00:00,,7229.848811585705
2025-01-27 11:00:00,,6985.461457441696
2025-01-27 12:00:00,,6801.229528025725
2025-01-27 13:00:00,,6623.79182614069
2025-01-27 14:00:00,,6616.418700219679
2025-01-27 15:00:00,,6631.2654949696325
2025-01-27 16:00:00,,6667.293079290102
2025-01-27 17:00:00,,6512.385995727746
2025-01-27 18:00:00,,6366.587731859392
2025-01-27 19:00:00,,6262.18898771958
2025-01-27 20:00:00,,6345.568268038903
2025-01-27 21:00:00,,6334.252044274381
2025-01-27 22:00:00,,6278.59150941756
2025-01-27 23:00:00,,6162.299418536791
2025-01-28 00:00:00,,6072.167307361667
2025-01-28 01:00:00,,5986.686338263082
2025-01-28 02:00:00,,5971.170676084348
2025-01-28 03:00:00,,5992.520622302483
2025-01-28 04:00:00,,5781.731613270247
2025-01-28 05:00:00,,5636.585401610921
2025-01-28 06:00:00,,5443.408681732846
2025-01-28 07:00:00,,5311.229802969377
2025-01-28 08:00:00,,5163.804161160284
2025-01-28 09:00:00,,5067.353225820097
2025-01-28 10:00:00,,5001.46422621375
2025-01-28 11:00:00,,4906.531385403014
2025-01-28 12:00:00,,4806.902602156412
2025-01-28 13:00:00,,4703.630700981433
2025-01-28 14:00:00,,4618.925427582831
2025-01-28 15:00:00,,4622.210622809756
2025-01-28 16:00:00,,4643.680908767909
2025-01-28 17:00:00,,4610.375779760835
2025-01-28 18:00:00,,4554.803994772024
2025-01-28 19:00:00,,4478.878023300862
2025-01-28 20:00:00,,4421.690421856974
2025-01-28 21:00:00,,4378.8588526450185
2025-01-28 22:00:00,,4358.866459976357
2025-01-28 23:00:00,,4276.251927463492
2025-01-29 00:00:00,,4257.519226820029
2025-01-29 01:00:00,,4250.980757105879
2025-01-29 02:00:00,,4201.697403867532
2025-01-29 03:00:00,,4115.211470741475
2025-01-29 04:00:00,,3993.321771030197
2025-01-29 05:00:00,,3939.068820879727
2025-01-29 06:00:00,,3863.9505114927756
2025-01-29 07:00:00,,3774.4853765068
2025-01-29 08:00:00,,3704.7983038517627
2025-01-29 09:00:00,,3651.0167211984353
2025-01-29 10:00:00,,3588.707757443736
2025-01-29 11:00:00,,3528.589589190061
2025-01-29 12:00:00,,3473.513249666023
2025-01-29 13:00:00,,3385.886337721732
2025-01-29 14:00:00,,3357.366556000958
2025-01-29 15:00:00,,3333.8880143152646
2025-01-29 16:00:00,,3468.993279819902
2025-01-29 17:00:00,,3429.448735461296
2025-01-29 18:00:00,,3374.9131634888167
2025-01-29 19:00:00,,3393.6320031801993
2025-01-29 20:00:00,,3444.964882871491
2025-01-29 21:00:00,,3407.2402229198483
2025-01-29 22:00:00,,3356.8007799991638
2025-01-29 23:00:00,,3308.3512162597085
2025-01-30 00:00:00,,3340.6607971821704
2025-01-30 01:00:00,,3282.5449044120082
2025-01-30 02:00:00,,3210.705115654839
2025-01-30 03:00:00,,3115.5834200567588
2025-01-30 04:00:00,,3069.761253310544
2025-01-30 05:00:00,,2991.9237513028497
2025-01-30 06:00:00,,2911.3114969261183
2025-01-30 07:00:00,,2857.2811399578013
2025-01-30 08:00:00,,2810.750584625645
2025-01-30 09:00:00,,2765.3921742067446
2025-01-30 10:00:00,,2733.0321857735726
2025-01-30 11:00:00,,2689.3112068462697
2025-01-30 12:00:00,,2659.6625560838497
2025-01-30 13:00:00,,2656.1249539540772
2025-01-30 14:00:00,,2674.8929268990664
2025-01-30 15:00:00,,2823.8183899152846
2025-01-30 16:00:00,,2890.242021238485
2025-01-30 17:00:00,,2931.2048182890258
2025-01-30 18:00:00,,2975.2487900875226
2025-01-30 19:00:00,,3011.653352104528
2025-01-30 20:00:00,,3027.8173034059246
2025-01-30 21:00:00,,3111.5051991827313
2025-01-30 22:00:00,,3457.6525535525257
2025-01-30 23:00:00,,4314.050056252609
2025-01-31 00:00:00,,5733.215944891097
2025-01-31 01:00:00,,5728.263079734784
2025-01-31 02:00:00,,5170.20513996895
2025-01-31 03:00:00,,4750.421877734759
2025-01-31 04:00:00,,4508.871045691429
2025-01-31 05:00:00,,4362.790088469188
2025-01-31 06:00:00,,4156.656656727599
2025-01-31 07:00:00,,4002.846150994523
2025-01-31 08:00:00,,3787.623989442742
2025-01-31 09:00:00,,3623.161704699812
2025-01-31 10:00:00,,3452.8933257512695
2025-01-31 11:00:00,,3313.0478143758764
2025-01-31 12:00:00,,3176.4680346571504
2025-01-31 13:00:00,,3080.4158102465635
2025-01-31 14:00:00,,2997.8674150315364
2025-01-31 15:00:00,,2964.4472075996105
2025-01-31 16:00:00,,2958.883203868549
2025-01-31 17:00:00,,2844.1676068273987
2025-01-31 18:00:00,,2743.2880410159646
2025-01-31 19:00:00,,2730.5379634079195
2025-01-31 20:00:00,,2739.5232051185026
2025-01-31 21:00:00,,2698.6997644021994
2025-01-31 22:00:00,,2691.5188122732393
2025-01-31 23:00:00,,2658.294197951611
2025-02-01 00:00:00,,2647.6531839519407
2025-02-01 01:00:00,,2674.955453193766
2025-02-01 02:00:00,,2626.9676466919714
2025-02-01 03:00:00,,2559.234304410852
2025-02-01 04:00:00,,2502.5035094517093
2025-02-01 05:00:00,,2505.5960878476612
2025-02-01 06:00:00,,2424.6184239824374
2025-02-01 07:00:00,,2314.4664290979804
2025-02-01 08:00:00,,2265.617249622621
2025-02-01 09:00:00,,2225.420581053642
2025-02-01 10:00:00,,2185.7132966611157
2025-02-01 11:00:00,,2114.0655068366186
2025-02-01 12:00:00,,2067.7603549008154
2025-02-01 13:00:00,,2031.4478998863033
2025-02-01 14:00:00,,1997.876635327998
2025-02-01 15:00:00,,2082.526388584615
2025-02-01 16:00:00,,2104.657220200531
2025-02-01 17:00:00,,1985.337290367494
2025-02-01 18:00:00,,1963.046522742569
2025-02-01 19:00:00,,1974.2191526061952
2025-02-01 20:00:00,,1971.24387146849
2025-02-01 21:00:00,,1965.4882008757884
2025-02-01 22:00:00,,2004.0829022827024
2025-02-01 23:00:00,,2034.192126368066
2025-02-02 00:00:00,,2061.757796255851
2025-02-02 01:00:00,,2120.3506521351833
2025-02-02 02:00:00,,2282.657500375359
2025-02-02 03:00:00,,2692.807111310344
2025-02-02 04:00:00,,3439.11491829261
2025-02-02 05:00:00,,5449.705886345555
2025-02-02 06:00:00,,8643.313162823866
2025-02-02 07:00:00,,7724.572621921098
2025-02-02 08:00:00,,7033.745901916555
2025-02-02 09:00:00,,7414.520946308424
2025-02-02 10:00:00,,8865.148579916591
2025-02-02 11:00:00,,8575.03294436489
2025-02-02 12:00:00,,7910.635518987146
2025-02-02 13:00:00,,7613.993864627396
2025-02-02 14:00:00,,7094.661532949127
2025-02-02 15:00:00,,7229.704984105913
2025-02-02 16:00:00,,7273.772277689996
2025-02-02 17:00:00,,7332.816826118105
2025-02-02 18:00:00,,7219.192531168135
2025-02-02 19:00:00,,7609.1022112914625
2025-02-02 20:00:00,,7652.436398690701
2025-02-02 21:00:00,,7045.911735320081
2025-02-02 22:00:00,,6672.432048003085
2025-02-02 23:00:00,,6359.074596025911
2025-02-03 00:00:00,,6196.538540282771
2025-02-03 01:00:00,,6029.778998322502
2025-02-03 02:00:00,,5757.621534312641
2025-02-03 03:00:00,,5600.237680208637
2025-02-03 04:00:00,,5384.698173662971
2025-02-03 05:00:00,,5125.909899473046
2025-02-03 06:00:00,,4954.748228171691
2025-02-03 07:00:00,,4765.801945724936
2025-02-03 08:00:00,,4625.593307723149
2025-02-03 09:00:00,,4667.663479513796
2025-02-03 10:00:00,,4744.129667901203
2025-02-03 11:00:00,,4733.136327117713
2025-02-03 12:00:00,,4837.771134035565
2025-02-03 13:00:00,,4968.7198543420045
2025-02-03 14:00:00,,5294.064383703726
2025-02-03 15:00:00,,5699.200207197226
2025-02-03 16:00:00,,5520.979323911517
2025-02-03 17:00:00,,5295.368689831819
2025-02-03 18:00:00,,5116.212446177387
2025-02-03 19:00:00,,4970.26600568348
2025-02-03 20:00:00,,5024.272914881592
2025-02-03 21:00:00,,5082.333824002827
2025-02-03 22:00:00,,5120.605432882772
2025-02-03 23:00:00,,5027.842408765675
2025-02-04 00:00:00,,4908.419841686124
2025-02-04 01:00:00,,4813.73459579128
2025-02-04 02:00:00,,4692.535321538167
2025-02-04 03:00:00,,4641.119130201258
2025-02-04 04:00:00,,4533.42179176472
2025-02-04 05:00:00,,4355.158066970822
2025-02-04 06:00:00,,4273.38583334119
2025-02-04 07:00:00,,4143.8220102320165
2025-02-04 08:00:00,,4065.706180168014
2025-02-04 09:00:00,,3981.8034359391954
2025-02-04 10:00:00,,3927.518103467545
2025-02-04 11:00:00,,3812.722402840446
2025-02-04 12:00:00,,3738.435389738801
2025-02-04 13:00:00,,3685.2037890860533
2025-02-04 14:00:00,,3617.0067067735754
2025-02-04 15:00:00,,3543.024248808924
2025-02-04 16:00:00,,3480.10061934723
2025-02-04 17:00:00,,3420.914678119215
2025-02-04 18:00:00,,3374.3635696262204
2025-02-04 19:00:00,,3343.437829512271
2025-02-04 20:00:00,,3270.7041035406355
2025-02-04 21:00:00,,3260.632733919731
2025-02-04 22:00:00,,3218.719021627576
2025-02-04 23:00:00,,3174.945305918806
2025-02-05 00:00:00,,3103.575489749301
2025-02-05 01:00:00,,3047.414230597653
2025-02-05 02:00:00,,2999.890603370321
2025-02-05 03:00:00,,2942.72296912048
2025-02-05 04:00:00,,2877.0714160340426
2025-02-05 05:00:00,,2839.376219167875
2025-02-05 06:00:00,,2809.1773132176836
2025-02-05 07:00:00,,2776.8158995469744
2025-02-05 08:00:00,,2728.150571368971
2025-02-05 09:00:00,,2719.925132685084
2025-02-05 10:00:00,,2734.2820839139786
2025-02-05 11:00:00,,2785.610700422453
2025-02-05 12:00:00,,2899.060101072113
2025-02-05 13:00:00,,3261.148116259342
2025-02-05 14:00:00,,3904.4817478160116
2025-02-05 15:00:00,,4150.414175789372
2025-02-05 16:00:00,,4742.774680127894
2025-02-05 17:00:00,,5133.512971989688
2025-02-05 18:00:00,,5007.385515715257
2025-02-05 19:00:00,,5359.907933016941
2025-02-05 20:00:00,,5533.588456712837
2025-02-05 21:00:00,,5752.815070071796
2025-02-05 22:00:00,,6194.355636943237
2025-02-05 23:00:00,,8141.368641601721
2025-02-06 00:00:00,,12566.224107710223
2025-02-06 01:00:00,,12208.037884382835
2025-02-06 02:00:00,,10971.017596302403
2025-02-06 03:00:00,,9773.759525322768
2025-02-06 04:00:00,,8927.934715327983
2025-02-06 05:00:00,,8353.81021700721
2025-02-06 06:00:00,,7868.894546034998
2025-02-06 07:00:00,,7322.295682709782
2025-02-06 08:00:00,,7059.1604648875245
2025-02-06 09:00:00,,6894.1949830275225
2025-02-06 10:00:00,,6648.189791577481
2025-02-06 11:00:00,,6363.382471596641
2025-02-06 12:00:00,,6150.606130506379
2025-02-06 13:00:00,,5985.586959262565
2025-02-06 14:00:00,,5873.903871905179
2025-02-06 15:00:00,,5810.3898375328745
2025-02-06 16:00:00,,5730.505338985963
2025-02-06 17:00:00,,5518.68118260039
2025-02-06 18:00:00,,5347.415204720821
2025-02-06 19:00:00,,5219.248368520808
2025-02-06 20:00:00,,5080.76653362307
2025-02-06 21:00:00,,4969.068784154157
2025-02-06 22:00:00,,4826.427171696597
2025-02-06 23:00:00,,4729.050237094908
2025-02-07 00:00:00,,4601.6013546909035
2025-02-07 01:00:00,,4508.556800220388
2025-02-07 02:00:00,,4411.905689080029
2025-02-07 03:00:00,,4335.989745623729
2025-02-07 04:00:00,,4253.903089774636
2025-02-07 05:00:00,,4199.7753046523985
2025-02-07 06:00:00,,4133.1121044551855
2025-02-07 07:00:00,,4065.943474888928
2025-02-07 08:00:00,,3993.8463945265476
2025-02-07 09:00:00,,3916.9724508366357
2025-02-07 10:00:00,,3867.658693014879
2025-02-07 11:00:00,,3850.695417501686
2025-02-07 12:00:00,,3860.1276574701246
2025-02-07 13:00:00,,4042.9461465940803
2025-02-07 14:00:00,,4237.80707780253
2025-02-07 15:00:00,,4444.4347099711595
2025-02-07 16:00:00,,5053.683271591474
2025-02-07 17:00:00,,6180.597440032964
2025-02-07 18:00:00,,8445.969197407547
2025-02-07 19:00:00,,10280.857566075492
2025-02-07 20:00:00,,9847.732055389786
2025-02-07 21:00:00,,9405.872177232728
2025-02-07 22:00:00,,8715.970131148682
2025-02-07 23:00:00,,8214.035859960624
2025-02-08 00:00:00,,8459.724169982552
2025-02-08 01:00:00,,7946.902658479985
2025-02-08 02:00:00,,7468.6707556595
2025-02-08 03:00:00,,7071.043636255324
2025-02-08 04:00:00,,6747.533043828596
2025-02-08 05:00:00,,6534.247360129384
2025-02-08 06:00:00,,6301.011646540081
2025-02-08 07:00:00,,6094.481440095113
2025-02-08 08:00:00,,5935.733320475149
2025-02-08 09:00:00,,5744.227484234139
2025-02-08 10:00:00,,5562.228132329706
2025-02-08 11:00:00,,5419.285443413685
2025-02-08 12:00:00,,5265.290822198716
2025-02-08 13:00:00,,5115.479721499863
2025-02-08 14:00:00,,4981.814941860029
2025-02-08 15:00:00,,4862.323292604584
2025-02-08 16:00:00,,4773.256208319894
2025-02-08 17:00:00,,4654.343358305199
2025-02-08 18:00:00,,4578.05103756358
2025-02-08 19:00:00,,4523.268043596996
2025-02-08 20:00:00,,4419.433185798149
2025-02-08 21:00:00,,4389.924253878953
2025-02-08 22:00:00,,4317.663582010571
2025-02-08 23:00:00,,4263.072741266339
2025-02-09 00:00:00,,4194.020323654833
2025-02-09 01:00:00,,4079.6993877305904
2025-02-09 02:00:00,,3997.4133656426407
2025-02-09 03:00:00,,3949.2525186451176
2025-02-09 04:00:00,,3857.413236497796
2025-02-09 05:00:00,,3779.7840378388123
2025-02-09 06:00:00,,3714.9438486259323
2025-02-09 07:00:00,,3643.840351541686
2025-02-09 08:00:00,,3586.7581477037033
2025-02-09 09:00:00,,3533.9148440023096
2025-02-09 10:00:00,,3562.171840840867
2025-02-09 11:00:00,,3680.0054689161902
2025-02-09 12:00:00,,3972.993279383121
2025-02-09 13:00:00,,4961.302390104966
2025-02-09 14:00:00,,8115.384141217487
2025-02-09 15:00:00,,9311.871009218521
2025-02-09 16:00:00,,9533.657192232518
2025-02-09 17:00:00,,10879.788228821719
2025-02-09 18:00:00,,14466.236410860507
2025-02-09 19:00:00,,16289.653110105692
2025-02-09 20:00:00,,18114.602592631567
2025-02-09 21:00:00,,21629.17755481699
2025-02-09 22:00:00,,21731.07788183954
2025-02-09 23:00:00,,17376.391879664447
2025-02-10 00:00:00,,15160.676464898346
2025-02-10 01:00:00,,14438.635975886797
2025-02-10 02:00:00,,14087.408039889453
2025-02-10 03:00:00,,13512.319057906623
2025-02-10 04:00:00,,13142.25770294976
2025-02-10 05:00:00,,12418.803404031964
2025-02-10 06:00:00,,11770.91240118802
2025-02-10 07:00:00,,11341.538258110053
2025-02-10 08:00:00,,11269.553948333774
2025-02-10 09:00:00,,11352.656610347954
2025-02-10 10:00:00,,10632.964006170198
2025-02-10 11:00:00,,10061.202765487556
2025-02-10 12:00:00,,9520.307078605636
2025-02-10 13:00:00,,9123.700341066075
2025-02-10 14:00:00,,8761.793154166764
2025-02-10 15:00:00,,8387.242105472527
2025-02-10 16:00:00,,8129.916543304945
2025-02-10 17:00:00,,7961.009113470367
2025-02-10 18:00:00,,8072.685819293969
2025-02-10 19:00:00,,8067.107318182432
2025-02-10 20:00:00,,7946.870353386702
2025-02-10 21:00:00,,7602.07800620702
2025-02-10 22:00:00,,7454.037565024874
2025-02-10 23:00:00,,7183.9256167113135
2025-02-11 00:00:00,,6973.943420039307
2025-02-11 01:00:00,,6879.928265589869
2025-02-11 02:00:00,,6704.780152254221
2025-02-11 03:00:00,,6538.455478927519
2025-02-11 04:00:00,,6450.374267753428
2025-02-11 05:00:00,,6303.410241554112
2025-02-11 06:00:00,,6258.053021712208
2025-02-11 07:00:00,,6208.659101743066
2025-02-11 08:00:00,,6264.929581985744
2025-02-11 09:00:00,,6125.199808880004
2025-02-11 10:00:00,,6021.98664004927
2025-02-11 11:00:00,,5910.549551840553
2025-02-11 12:00:00,,5736.952776988404
2025-02-11 13:00:00,,5616.4745914365385
2025-02-11 14:00:00,,5505.051209830385
2025-02-11 15:00:00,,5382.746811697573
2025-02-11 16:00:00,,5255.62380400749
2025-02-11 17:00:00,,5163.534282652037
2025-02-11 18:00:00,,5097.6292345570155
2025-02-11 19:00:00,,4975.97460917342
2025-02-11 20:00:00,,4891.1509962732725
2025-02-11 21:00:00,,4787.063570413376
2025-02-11 22:00:00,,4693.642280335249
2025-02-11 23:00:00,,4618.236805643889
2025-02-12 00:00:00,,4525.861921345697
2025-02-12 01:00:00,,4473.912511333497
2025-02-12 02:00:00,,4437.764789427538
2025-02-12 03:00:00,,4366.076113266876
2025-02-12 04:00:00,,4291.998418421872
2025-02-12 05:00:00,,4236.084845514052
2025-02-12 06:00:00,,4156.899969066198
2025-02-12 07:00:00,,4092.000314325555
2025-02-12 08:00:00,,4046.2874320891824
2025-02-12 09:00:00,,4016.199128252258
2025-02-12 10:00:00,,3972.6044114553383
2025-02-12 11:00:00,,3932.193622026896
2025-02-12 12:00:00,,3894.180094292229
2025-02-12 13:00:00,,3850.927742494376
2025-02-12 14:00:00,,3757.3724649907767
2025-02-12 15:00:00,,3675.0928739486512
2025-02-12 16:00:00,,3690.99726143912
2025-02-12 17:00:00,,3614.2026493588837
2025-02-12 18:00:00,,3554.7440687169033
2025-02-12 19:00:00,,3506.514680380196
2025-02-12 20:00:00,,3504.008518584999
2025-02-12 21:00:00,,3428.4128956433838
2025-02-12 22:00:00,,3429.0004968765234
2025-02-12 23:00:00,,3395.2103753334513
2025-02-13 00:00:00,,3350.9595771138916
2025-02-13 01:00:00,,3316.077661061661
2025-02-13 02:00:00,,3279.7231320086967
2025-02-13 03:00:00,,3259.440699137095
2025-02-13 04:00:00,,3213.7887217958746
2025-02-13 05:00:00,,3192.2992890095707
2025-02-13 06:00:00,,3157.292702259275
2025-02-13 07:00:00,,3125.4047799021123
2025-02-13 08:00:00,,3092.3105459474805
2025-02-13 09:00:00,,3031.1869859042745
2025-02-13 10:00:00,,2990.2619104530136
2025-02-13 11:00:00,,2949.996887744955
2025-02-13 12:00:00,,2906.9028783610925
2025-02-13 13:00:00,,2876.3646270416934
2025-02-13 14:00:00,,2838.6693594417857
2025-02-13 15:00:00,,2807.4309622664614
2025-02-13 16:00:00,,2776.324781111994
2025-02-13 17:00:00,,2756.6408585520603
2025-02-13 18:00:00,,2765.9505679487133
2025-02-13 19:00:00,,2765.754588655471
2025-02-13 20:00:00,,2762.896485445497
2025-02-13 21:00:00,,2748.3614860011858
2025-02-13 22:00:00,,2752.941727486503
2025-02-13 23:00:00,,2745.7452034044004
2025-02-14 00:00:00,,2713.8225800693526
2025-02-14 01:00:00,,2671.7695853394675
2025-02-14 02:00:00,,2672.281207637822
2025-02-14 03:00:00,,2633.962559691545
2025-02-14 04:00:00,,2571.1486187187556
2025-02-14 05:00:00,,2554.4025805390147
2025-02-14 06:00:00,,2512.8488588306554
2025-02-14 07:00:00,,2488.7783400592684
2025-02-14 08:00:00,,2451.7978055744293
2025-02-14 09:00:00,,2444.7023900046674
2025-02-14 10:00:00,,2460.601758987987
2025-02-14 11:00:00,,2405.3840283501813
2025-02-14 12:00:00,,2371.4423040541574
2025-02-14 13:00:00,,2352.704127805953
2025-02-14 14:00:00,,2306.1493218972428
2025-02-14 15:00:00,,2249.6499751149618
2025-02-14 16:00:00,,2353.5397583215995
2025-02-14 17:00:00,,2367.2296776099583
2025-02-14 18:00:00,,2348.614714259724
2025-02-14 19:00:00,,2339.107578433224
2025-02-14 20:00:00,,2368.293051600869
2025-02-14 21:00:00,,2405.0765346925054
2025-02-14 22:00:00,,2375.1259588518947
2025-02-14 23:00:00,,2328.8331646577367
2025-02-15 00:00:00,,2315.8460806106727
2025-02-15 01:00:00,,2292.789141217933
2025-02-15 02:00:00,,2266.8672301106835
2025-02-15 03:00:00,,2234.4229521302136
2025-02-15 04:00:00,,2197.0632534419665
2025-02-15 05:00:00,,2166.1693537550227
2025-02-15 06:00:00,,2130.1247336178126
2025-02-15 07:00:00,,2103.979462702986
2025-02-15 08:00:00,,2073.3322496815795
2025-02-15 09:00:00,,1715.6598024708458
2025-02-15 10:00:00,,1531.0051456997446
2025-02-15 11:00:00,,1477.8687780221903
2025-02-15 12:00:00,,1466.1248995708352
2025-02-15 13:00:00,,1480.7794706736627
2025-02-15 14:00:00,,1391.5378769805302
2025-02-15 15:00:00,,1400.079313532109
2025-02-15 16:00:00,,1287.1859701020906
2025-02-15 17:00:00,,1147.5088347534424
2025-02-15 18:00:00,,1193.2506560274085
2025-02-15 19:00:00,,1195.6257280864984
2025-02-15 20:00:00,,1150.6239872086394
2025-02-15 21:00:00,,1200.7545538714778
2025-02-15 22:00:00,,1215.6789514144
2025-02-15 23:00:00,,1228.4484829341131
2025-02-16 00:00:00,,1220.9928380855142
2025-02-16 01:00:00,,1231.8954223339015
2025-02-16 02:00:00,,1205.4302007832036
2025-02-16 03:00:00,,1200.0894290543185
2025-02-16 04:00:00,,1216.4791957877217
2025-02-16 05:00:00,,1259.3600581406458
2025-02-16 06:00:00,,1263.7299107489712
2025-02-16 07:00:00,,1263.6977636868223
2025-02-16 08:00:00,,1269.6007112704362
2025-02-16 09:00:00,,1214.494368519389
2025-02-16 10:00:00,,1224.220363494952
2025-02-16 11:00:00,,1291.768933916724
2025-02-16 12:00:00,,1394.27182309392
2025-02-16 13:00:00,,1771.759086191631
2025-02-16 14:00:00,,1831.5526701665867
2025-02-16 15:00:00,,1413.591664947834
2025-02-16 16:00:00,,949.774453224861
2025-02-16 17:00:00,,939.3562959754778
2025-02-16 18:00:00,,908.0448656730628
2025-02-16 19:00:00,,861.8421014274777
2025-02-16 20:00:00,,857.4877115694742
2025-02-16 21:00:00,,831.1949273414386
2025-02-16 22:00:00,,818.295504281401
2025-02-16 23:00:00,,815.5849395774035
2025-02-17 00:00:00,,832.8648430236724
2025-02-17 01:00:00,,811.3168720003672
2025-02-17 02:00:00,,795.3636503305091
2025-02-17 03:00:00,,774.0011914848897
2025-02-17 04:00:00,,741.9096327956919
2025-02-17 05:00:00,,736.2971959265242
2025-02-17 06:00:00,,774.5310369333819
2025-02-17 07:00:00,,910.4829356225746
2025-02-17 08:00:00,,868.6253445786679
2025-02-17 09:00:00,,799.0302086099231
2025-02-17 10:00:00,,799.0216672570338
2025-02-17 11:00:00,,716.3768704002072
2025-02-17 12:00:00,,707.9732294653538
2025-02-17 13:00:00,,707.7979892215685
2025-02-17 14:00:00,,749.3072873262747
2025-02-17 15:00:00,,709.7883455818063
2025-02-17 16:00:00,,703.021127100218
2025-02-17 17:00:00,,692.7997471844543
2025-02-17 18:00:00,,700.0367600291096
2025-02-17 19:00:00,,731.5085234732735
2025-02-17 20:00:00,,740.1431864497428
2025-02-17 21:00:00,,729.1139421919968
2025-02-17 22:00:00,,708.8797310374249
2025-02-17 23:00:00,,716.6040904637778
2025-02-18 00:00:00,,748.8963922736906
2025-02-18 01:00:00,,746.7463832767371
2025-02-18 02:00:00,,758.7909803772019
2025-02-18 03:00:00,,757.6277088295444
2025-02-18 04:00:00,,761.6590020946564
2025-02-18 05:00:00,,774.2392177823006
2025-02-18 06:00:00,,805.6940759418789
2025-02-18 07:00:00,,857.3579818888712
2025-02-18 08:00:00,,950.88866069557
2025-02-18 09:00:00,,1059.5837883095296
2025-02-18 10:00:00,,1167.2047570490315
2025-02-18 11:00:00,,1149.6033821202786
2025-02-18 12:00:00,,1083.620498597821
2025-02-18 13:00:00,,1119.9380416702377
2025-02-18 14:00:00,,1069.472581894678
2025-02-18 15:00:00,,975.9388869392822
2025-02-18 16:00:00,,940.7100122172443
2025-02-18 17:00:00,,1058.1634113805385
2025-02-18 18:00:00,,1082.4788050624045
2025-02-18 19:00:00,,1012.7224170368619
2025-02-18 20:00:00,,971.9298258711552
2025-02-18 21:00:00,,928.4456683689359
2025-02-18 22:00:00,,995.3742540334084
2025-02-18 23:00:00,,938.9392604922049
2025-02-19 00:00:00,,912.9692071329745
2025-02-19 01:00:00,,904.6615660222914
2025-02-19 02:00:00,,884.7438044778279
2025-02-19 03:00:00,,866.6386411376035
2025-02-19 04:00:00,,841.4231760144374
2025-02-19 05:00:00,,826.1130583526489
2025-02-19 06:00:00,,798.4520866858511
2025-02-19 07:00:00,,769.7326295483135
2025-02-19 08:00:00,,773.2074534095993
2025-02-19 09:00:00,,777.1755960551383
2025-02-19 10:00:00,,748.6859637657303
2025-02-19 11:00:00,,762.9622749753315
2025-02-19 12:00:00,,767.2228021302052
2025-02-19 13:00:00,,721.9606077605409
2025-02-19 14:00:00,,722.3642688310263
2025-02-19 15:00:00,,719.4596371269042
2025-02-19 16:00:00,,712.5458590799366
2025-02-19 17:00:00,,730.7996641187982
2025-02-19 18:00:00,,896.1959614771811
2025-02-19 19:00:00,,893.450524783834
2025-02-19 20:00:00,,914.9391615612957
2025-02-19 21:00:00,,926.5991294746664
2025-02-19 22:00:00,,916.4947927024509
2025-02-19 23:00:00,,944.4936531383545
2025-02-20 00:00:00,,956.2244195659696
2025-02-20 01:00:00,,951.8923560288287
2025-02-20 02:00:00,,989.204663964215
2025-02-20 03:00:00,,1009.1652373962194
2025-02-20 04:00:00,,1063.5614596040677
2025-02-20 05:00:00,,1105.857911662794
2025-02-20 06:00:00,,1173.8120338971407
2025-02-20 07:00:00,,1202.7773324560073
2025-02-20 08:00:00,,1338.2418463048484
2025-02-20 09:00:00,,1682.7017161534006
2025-02-20 10:00:00,,1909.066934865335
2025-02-20 11:00:00,,1918.1991220872694
2025-02-20 12:00:00,,1793.9836800477765
2025-02-20 13:00:00,,1689.3740293782728
2025-02-20 14:00:00,,1603.1306810870315
2025-02-20 15:00:00,,1485.2982594107425
2025-02-20 16:00:00,,1424.7945642259585
2025-02-20 17:00:00,,1413.691095527893
2025-02-20 18:00:00,,1350.187471130868
2025-02-20 19:00:00,,1318.300157056201
2025-02-20 20:00:00,,1337.172332644718
2025-02-20 21:00:00,,1300.3977613322
2025-02-20 22:00:00,,1296.7350791698273
2025-02-20 23:00:00,,1312.0324076382483
2025-02-21 00:00:00,,1282.6826385641918
2025-02-21 01:00:00,,1273.1429551234971
2025-02-21 02:00:00,,1286.7856134071942
2025-02-21 03:00:00,,1322.8940843870346
2025-02-21 04:00:00,,1358.4458928660006
2025-02-21 05:00:00,,1421.4254567917924
2025-02-21 06:00:00,,1422.7782851079853
2025-02-21 07:00:00,,1453.9901332548684
2025-02-21 08:00:00,,1566.9998337388001
2025-02-21 09:00:00,,1757.8568659033308
2025-02-21 10:00:00,,1735.2259777054717
2025-02-21 11:00:00,,1715.5097849047588
2025-02-21 12:00:00,,1722.1705205872345
2025-02-21 13:00:00,,1855.693837112409
2025-02-21 14:00:00,,1892.9372389019945
2025-02-21 15:00:00,,1783.8732651696669
2025-02-21 16:00:00,,1729.1346337283014
2025-02-21 17:00:00,,1799.5676506334771
2025-02-21 18:00:00,,1896.1774652663587
2025-02-21 19:00:00,,2184.1412838946208
2025-02-21 20:00:00,,2578.0550619988853
2025-02-21 21:00:00,,3685.7057559142554
2025-02-21 22:00:00,,3741.2506644965492
2025-02-21 23:00:00,,4379.025610004524
2025-02-22 00:00:00,,5949.962055409359
2025-02-22 01:00:00,,7138.876902470965
2025-02-22 02:00:00,,7540.0455444202
2025-02-22 03:00:00,,8845.073266645095
2025-02-22 04:00:00,,10886.563583765705
2025-02-22 05:00:00,,12095.610935477327
2025-02-22 06:00:00,,14678.63070862919
2025-02-22 07:00:00,,15233.863805229583
2025-02-22 08:00:00,,14697.92462036869
2025-02-22 09:00:00,,12551.87390139564
2025-02-22 10:00:00,,10674.351955509832
2025-02-22 11:00:00,,9354.84406265686
2025-02-22 12:00:00,,8465.948845659643
2025-02-22 13:00:00,,7807.431781715714
2025-02-22 14:00:00,,7251.7235024205165
2025-02-22 15:00:00,,6630.606523461182
2025-02-22 16:00:00,,6044.850603855123
2025-02-22 17:00:00,,5673.98470366416
2025-02-22 18:00:00,,5323.837850964045
2025-02-22 19:00:00,,5129.131467878787
2025-02-22 20:00:00,,5145.9128060968005
2025-02-22 21:00:00,,5653.815246955523
2025-02-22 22:00:00,,6986.331621834676
2025-02-22 23:00:00,,10125.756640381063
2025-02-23 00:00:00,,10770.872115344097
2025-02-23 01:00:00,,9579.650324356156
2025-02-23 02:00:00,,8608.207848040889
2025-02-23 03:00:00,,7617.32541996792
2025-02-23 04:00:00,,6981.776852655805
2025-02-23 05:00:00,,6620.172220532138
2025-02-23 06:00:00,,6256.482498247152
2025-02-23 07:00:00,,5735.570574230257
2025-02-23 08:00:00,,5388.003460679585
2025-02-23 09:00:00,,5055.311419220296
2025-02-23 10:00:00,,4875.7715851363355
2025-02-23 11:00:00,,4806.708761685522
2025-02-23 12:00:00,,5347.31962315226
2025-02-23 13:00:00,,6684.274493392259
2025-02-23 14:00:00,,8853.652095871546
2025-02-23 15:00:00,,9840.842848604269
2025-02-23 16:00:00,,9907.48901455927
2025-02-23 17:00:00,,8722.295805882839
2025-02-23 18:00:00,,7904.6176852297895
2025-02-23 19:00:00,,7257.864977287895
2025-02-23 20:00:00,,6838.55745660884
2025-02-23 21:00:00,,6583.025891161105
2025-02-23 22:00:00,,6315.082609669162
2025-02-23 23:00:00,,6185.025104838053
2025-02-24 00:00:00,,6039.346416157632
2025-02-24 01:00:00,,6084.149298847844
2025-02-24 02:00:00,,6592.377688632809
2025-02-24 03:00:00,,7521.902038922521
2025-02-24 04:00:00,,7260.926489102654
2025-02-24 05:00:00,,6599.887287836925
2025-02-24 06:00:00,,6388.366452384233
2025-02-24 07:00:00,,6321.031866591308
2025-02-24 08:00:00,,6709.564284470596
2025-02-24 09:00:00,,6319.826095861784
2025-02-24 10:00:00,,5956.760953530131
2025-02-24 11:00:00,,5740.290202393272
2025-02-24 12:00:00,,5466.235660998743
2025-02-24 13:00:00,,5295.504031542727
2025-02-24 14:00:00,,5070.627052374423
2025-02-24 15:00:00,,4860.189476571684
2025-02-24 16:00:00,,4740.147536326849
2025-02-24 17:00:00,,4697.687312162263
2025-02-24 18:00:00,,4742.270661592995
2025-02-24 19:00:00,,5314.044270073748
2025-02-24 20:00:00,,5146.282969987759
2025-02-24 21:00:00,,5187.973215552281
2025-02-24 22:00:00,,5176.944163965687
2025-02-24 23:00:00,,6237.424183279439
2025-02-25 00:00:00,,6606.662245504843
2025-02-25 01:00:00,,6355.861539260032
2025-02-25 02:00:00,,7500.563440097858
2025-02-25 03:00:00,,9719.903154597836
2025-02-25 04:00:00,,9242.716354377699
2025-02-25 05:00:00,,9580.966283700762
2025-02-25 06:00:00,,10125.038231976667
2025-02-25 07:00:00,,10114.254243700256
2025-02-25 08:00:00,,11504.743011415669
2025-02-25 09:00:00,,15442.066691183372
2025-02-25 10:00:00,,15515.83296830779
2025-02-25 11:00:00,,14226.777356559762
2025-02-25 12:00:00,,13765.935168125028
2025-02-25 13:00:00,,13485.612507558684
2025-02-25 14:00:00,,12791.912076899918
2025-02-25 15:00:00,,11775.541326215356
2025-02-25 16:00:00,,10971.201288477188
2025-02-25 17:00:00,,10224.780316048871
2025-02-25 18:00:00,,9538.825135604842
2025-02-25 19:00:00,,9023.992244483243
2025-02-25 20:00:00,,8468.978273972896
2025-02-25 21:00:00,,8029.643809897873
2025-02-25 22:00:00,,7675.364317306124
2025-02-25 23:00:00,,7380.425832248106
2025-02-26 00:00:00,,7098.643556945829
2025-02-26 01:00:00,,6895.569877857268
2025-02-26 02:00:00,,6688.894061111478
2025-02-26 03:00:00,,6455.054648285023
2025-02-26 04:00:00,,6269.990418696002
2025-02-26 05:00:00,,5957.357929689158
2025-02-26 06:00:00,,5721.693994409582
2025-02-26 07:00:00,,5498.397829158348
2025-02-26 08:00:00,,5316.6827548340725
2025-02-26 09:00:00,,5151.692242642366
2025-02-26 10:00:00,,5026.505684460728
2025-02-26 11:00:00,,4879.0429990192715
2025-02-26 12:00:00,,4790.075077462787
2025-02-26 13:00:00,,4675.04075935878
2025-02-26 14:00:00,,4524.001227869317
2025-02-26 15:00:00,,4403.407949873687
2025-02-26 16:00:00,,4285.461478495903
2025-02-26 17:00:00,,4165.746663530793
2025-02-26 18:00:00,,4057.1958616659035
2025-02-26 19:00:00,,3944.641586256974
2025-02-26 20:00:00,,3859.283881804727
2025-02-26 21:00:00,,3674.580873643213
2025-02-26 22:00:00,,3924.830587068695
2025-02-26 23:00:00,,3931.920992957045
2025-02-27 00:00:00,,3847.7520658887584
2025-02-27 01:00:00,,3801.4461157770825
2025-02-27 02:00:00,,3712.323790128818
2025-02-27 03:00:00,,3642.547554271569
2025-02-27 04:00:00,,3590.3883232037665
2025-02-27 05:00:00,,3508.7869934213068
2025-02-27 06:00:00,,3432.886602775757
2025-02-27 07:00:00,,3339.445286768438
2025-02-27 08:00:00,,3274.9534844513546
2025-02-27 09:00:00,,3235.5011381754402
2025-02-27 10:00:00,,3221.6144681926294
2025-02-27 11:00:00,,3179.0237762434303
2025-02-27 12:00:00,,3147.571387653309
2025-02-27 13:00:00,,3113.561257567537
2025-02-27 14:00:00,,3057.0488090156873
2025-02-27 15:00:00,,3013.9770580834625
2025-02-27 16:00:00,,2976.328236245428
2025-02-27 17:00:00,,2909.815307153249
2025-02-27 18:00:00,,2867.8129128915066
2025-02-27 19:00:00,,2808.8757735597565
2025-02-27 20:00:00,,2801.2605880238557
2025-02-27 21:00:00,,2750.7990123227346
2025-02-27 22:00:00,,2694.0569916027034
2025-02-27 23:00:00,,2675.880541757295
2025-02-28 00:00:00,,2656.3162939759754
2025-02-28 01:00:00,,2622.282721691198
2025-02-28 02:00:00,,2585.9306866480806
2025-02-28 03:00:00,,2551.0098899021577
2025-02-28 04:00:00,,2519.8354455237068
2025-02-28 05:00:00,,2498.4300726291003
2025-02-28 06:00:00,,2426.0726561352685
2025-02-28 07:00:00,,2364.4864479616303
2025-02-28 08:00:00,,2341.3647388603786
2025-02-28 09:00:00,,2375.515594307916
2025-02-28 10:00:00,,2333.245005244352
2025-02-28 11:00:00,,2375.2338839893623
2025-02-28 12:00:00,,2387.247861425896
2025-02-28 13:00:00,,2336.702024023076
2025-02-28 14:00:00,,2292.1488512182364
2025-02-28 15:00:00,,2255.740262037858
2025-02-28 16:00:00,,2219.296993464595
2025-02-28 17:00:00,,2185.155277454279
2025-02-28 18:00:00,,2157.575513041543
2025-02-28 19:00:00,,2154.300801204426
2025-02-28 20:00:00,,2149.4652425712643
2025-02-28 21:00:00,,2123.8640080312844
2025-02-28 22:00:00,,2052.458123492814
2025-02-28 23:00:00,,2031.288404286009
2025-03-01 00:00:00,,2023.2829487357612
2025-03-01 01:00:00,,2015.1102213108059
2025-03-01 02:00:00,,1973.2438376537723
2025-03-01 03:00:00,,1953.5267355870608
2025-03-01 04:00:00,,1925.9246402035117
2025-03-01 05:00:00,,1932.4834933864715
2025-03-01 06:00:00,,1915.2790236567055
2025-03-01 07:00:00,,1841.4850618310763
2025-03-01 08:00:00,,1711.313269244379
2025-03-01 09:00:00,,1055.8091200201
2025-03-01 10:00:00,,1025.4103967189271
2025-03-01 11:00:00,,1041.1093766486304
2025-03-01 12:00:00,,1015.3554491364577
2025-03-01 13:00:00,,1046.1479524109088
2025-03-01 14:00:00,,1103.6369490420082
2025-03-01 15:00:00,,1158.4060443047708
2025-03-01 16:00:00,,1282.8587978443372
2025-03-01 17:00:00,,1477.096447109777
2025-03-01 18:00:00,,1463.8726097061922
2025-03-01 19:00:00,,1467.767418113932
2025-03-01 20:00:00,,1519.6044117036893
2025-03-01 21:00:00,,1501.263680436787
2025-03-01 22:00:00,,1496.513433783614
2025-03-01 23:00:00,,1593.298004429505
2025-03-02 00:00:00,,1722.9202762129887
2025-03-02 01:00:00,,1808.8067313726663
2025-03-02 02:00:00,,1864.5038899844742
2025-03-02 03:00:00,,1967.9551681963349
2025-03-02 04:00:00,,2164.23716450687
2025-03-02 05:00:00,,2279.783982067839
2025-03-02 06:00:00,,2969.795901317566
2025-03-02 07:00:00,,4065.0529422741292
2025-03-02 08:00:00,,4829.165188782999
2025-03-02 09:00:00,,6221.913170903142
2025-03-02 10:00:00,,5731.315494194701
2025-03-02 11:00:00,,5555.167683287223
2025-03-02 12:00:00,,5477.545837054514
2025-03-02 13:00:00,,7531.226192752681
2025-03-02 14:00:00,,11673.229031297658
2025-03-02 15:00:00,,13423.78868253619
2025-03-02 16:00:00,,11506.691311127042
2025-03-02 17:00:00,,10152.022833086194
2025-03-02 18:00:00,,9501.537682539749
2025-03-02 19:00:00,,9135.233879064805
2025-03-02 20:00:00,,8481.54500154002
2025-03-02 21:00:00,,7955.5722101329875
2025-03-02 22:00:00,,7617.498844817558
2025-03-02 23:00:00,,7155.401541536103
2025-03-03 00:00:00,,6703.033640863156
2025-03-03 01:00:00,,6552.7454378859675
2025-03-03 02:00:00,,6431.072311172803
2025-03-03 03:00:00,,6259.441477792078
2025-03-03 04:00:00,,6099.7646553641325
2025-03-03 05:00:00,,5943.103546372823
2025-03-03 06:00:00,,5928.1881450885985
2025-03-03 07:00:00,,6032.237783384038
2025-03-03 08:00:00,,6271.521191879433
2025-03-03 09:00:00,,6361.941306259339
2025-03-03 10:00:00,,6290.685842619088
2025-03-03 11:00:00,,6014.9942845429105
2025-03-03 12:00:00,,5739.609318994136
2025-03-03 13:00:00,,5424.744869230906
2025-03-03 14:00:00,,5192.964727236964
2025-03-03 15:00:00,,4947.091856335406
2025-03-03 16:00:00,,4805.765524643932
2025-03-03 17:00:00,,4640.836208764927
2025-03-03 18:00:00,,4470.181198182476
2025-03-03 19:00:00,,4333.619512187238
2025-03-03 20:00:00,,4204.394109938397
2025-03-03 21:00:00,,4053.9832012860397
2025-03-03 22:00:00,,3914.93513130454
2025-03-03 23:00:00,,3813.6803616872976
2025-03-04 00:00:00,,3738.4145492470993
2025-03-04 01:00:00,,3688.9525307529248
2025-03-04 02:00:00,,3724.320686906415
2025-03-04 03:00:00,,3896.5691315939944
2025-03-04 04:00:00,,4200.404284758916
2025-03-04 05:00:00,,5399.001477175637
2025-03-04 06:00:00,,8513.223749105424
2025-03-04 07:00:00,,10889.928027876162
2025-03-04 08:00:00,,14580.345530132257
2025-03-04 09:00:00,,16668.92684181626
2025-03-04 10:00:00,,14998.697837946203
2025-03-04 11:00:00,,13422.217652794125
2025-03-04 12:00:00,,12613.050356063286
2025-03-04 13:00:00,,11941.071787662087
2025-03-04 14:00:00,,11695.738352045148
2025-03-04 15:00:00,,11058.572119265835
2025-03-04 16:00:00,,10197.310831895773
2025-03-04 17:00:00,,10131.119155429305
2025-03-04 18:00:00,,11053.618771981965
2025-03-04 19:00:00,,11946.811298960558
2025-03-04 20:00:00,,13397.214941616749
2025-03-04 21:00:00,,12841.399801438252
2025-03-04 22:00:00,,13060.28601406449
2025-03-04 23:00:00,,12162.706521572603
2025-03-05 00:00:00,,11159.559982533094
2025-03-05 01:00:00,,10517.887381522283
2025-03-05 02:00:00,,9847.055662462573
2025-03-05 03:00:00,,9506.872176575474
2025-03-05 04:00:00,,9471.26108372091
2025-03-05 05:00:00,,9058.853474618287
2025-03-05 06:00:00,,8562.888218098988
2025-03-05 07:00:00,,8148.025179005583
2025-03-05 08:00:00,,8101.425830171087
2025-03-05 09:00:00,,7681.7627888723055
2025-03-05 10:00:00,,7349.903288566462
2025-03-05 11:00:00,,7030.915901969514
2025-03-05 12:00:00,,6869.904789192212
2025-03-05 13:00:00,,6742.303533083456
2025-03-05 14:00:00,,6664.243639281731
2025-03-05 15:00:00,,6656.037185191902
2025-03-05 16:00:00,,6730.665860173087
2025-03-05 17:00:00,,6984.633850844981
2025-03-05 18:00:00,,7346.81982869756
2025-03-05 19:00:00,,7682.906787062132
2025-03-05 20:00:00,,7799.109345077155
2025-03-05 21:00:00,,7626.782544914391
2025-03-05 22:00:00,,7499.367074300563
2025-03-05 23:00:00,,7211.095814635365
2025-03-06 00:00:00,,6912.43200771885
2025-03-06 01:00:00,,6873.706628219325
2025-03-06 02:00:00,,6660.114752108655
2025-03-06 03:00:00,,6589.68191789855
2025-03-06 04:00:00,,6659.713427502777
2025-03-06 05:00:00,,6844.089637292158
2025-03-06 06:00:00,,7078.038301599526
2025-03-06 07:00:00,,8785.982262482243
2025-03-06 08:00:00,,10195.827262469846
2025-03-06 09:00:00,,10506.949060928662
2025-03-06 10:00:00,,10041.286197417894
2025-03-06 11:00:00,,9311.91999094604
2025-03-06 12:00:00,,8853.519312878016
2025-03-06 13:00:00,,8458.28180605016
2025-03-06 14:00:00,,8232.705157876304
2025-03-06 15:00:00,,8320.324091759867
2025-03-06 16:00:00,,8349.863819224958
2025-03-06 17:00:00,,8288.244647083637
2025-03-06 18:00:00,,7877.799252393593
2025-03-06 19:00:00,,7501.248840472811
2025-03-06 20:00:00,,7202.7541801517345
2025-03-06 21:00:00,,6888.238778231203
2025-03-06 22:00:00,,6681.934753891124
2025-03-06 23:00:00,,6486.882571182507
2025-03-07 00:00:00,,6342.273784355326
2025-03-07 01:00:00,,6149.6861483937955
2025-03-07 02:00:00,,5992.949551221379
2025-03-07 03:00:00,,5853.423380845437
2025-03-07 04:00:00,,5698.201877081853
2025-03-07 05:00:00,,5570.660270374209
2025-03-07 06:00:00,,5470.796822135009
2025-03-07 07:00:00,,5355.28999194371
2025-03-07 08:00:00,,5277.5514050810725
2025-03-07 09:00:00,,5115.948465188566
2025-03-07 10:00:00,,5002.128163153738
2025-03-07 11:00:00,,4884.9955860847
2025-03-07 12:00:00,,4694.210997008876
2025-03-07 13:00:00,,4560.407502282725
2025-03-07 14:00:00,,4475.459599581792
2025-03-07 15:00:00,,4384.1200284201905
2025-03-07 16:00:00,,4312.385084204527
2025-03-07 17:00:00,,4314.281524746618
2025-03-07 18:00:00,,4304.625564096078
2025-03-07 19:00:00,,4261.461547262509
2025-03-07 20:00:00,,4152.9995718639675
2025-03-07 21:00:00,,4190.179974762077
2025-03-07 22:00:00,,4399.754580192227
2025-03-07 23:00:00,,4503.568811614161
2025-03-08 00:00:00,,4551.325299610032
2025-03-08 01:00:00,,4436.7866957692495
2025-03-08 02:00:00,,4318.077163521254
2025-03-08 03:00:00,,4179.862761997918
2025-03-08 04:00:00,,4064.737003487407
2025-03-08 05:00:00,,3974.2044378455357
2025-03-08 06:00:00,,3907.16904689801
2025-03-08 07:00:00,,3796.978875965432
2025-03-08 08:00:00,,3712.214845833939
2025-03-08 09:00:00,,3649.324019215202
2025-03-08 10:00:00,,3604.9546006158726
2025-03-08 11:00:00,,3504.178066569123
2025-03-08 12:00:00,,3447.710068078915
2025-03-08 13:00:00,,3419.403498873092
2025-03-08 14:00:00,,3384.6530732456654
2025-03-08 15:00:00,,3321.2273818676954
2025-03-08 16:00:00,,3257.730006082778
2025-03-08 17:00:00,,3191.5605755644115
2025-03-08 18:00:00,,3174.907640829931
2025-03-08 19:00:00,,3096.3642558665765
2025-03-08 20:00:00,,3040.8890387488177
2025-03-08 21:00:00,,2946.636478139389
2025-03-08 22:00:00,,2894.14485244195
2025-03-08 23:00:00,,2897.768297072229
2025-03-09 00:00:00,,2870.978542479665
2025-03-09 01:00:00,,2819.9375832014903
2025-03-09 03:00:00,,2748.947731812092
2025-03-09 04:00:00,,2697.476813745836
2025-03-09 05:00:00,,2683.306367763915
2025-03-09 06:00:00,,2647.8670869882862
2025-03-09 07:00:00,,2610.0276159077803
2025-03-09 08:00:00,,2568.237302572021
2025-03-09 09:00:00,,2521.594732481996
2025-03-09 10:00:00,,2470.7815661891914
2025-03-09 11:00:00,,2435.278068123024
2025-03-09 12:00:00,,2409.065432407108
2025-03-09 13:00:00,,2453.7731390260096
2025-03-09 14:00:00,,2410.525744086697
2025-03-09 15:00:00,,2347.5518736993886
2025-03-09 16:00:00,,2325.015578649681
2025-03-09 17:00:00,,2285.4536272785867
2025-03-09 18:00:00,,2300.4087560103553
2025-03-09 19:00:00,,2287.5970416045
2025-03-09 20:00:00,,2359.740189231641
2025-03-09 21:00:00,,2576.1920367532502
2025-03-09 22:00:00,,3409.7854981940045
2025-03-09 23:00:00,,5882.69967656439
2025-03-10 00:00:00,,9837.990232609767
2025-03-10 01:00:00,,12287.261042083428
2025-03-10 02:00:00,,14564.853510938206
2025-03-10 03:00:00,,13829.52494139312
2025-03-10 04:00:00,,11272.904546846095
2025-03-10 05:00:00,,9697.12056477502
2025-03-10 06:00:00,,8574.795314973982
2025-03-10 07:00:00,,7769.869998037184
2025-03-10 08:00:00,,7058.96146329136
2025-03-10 09:00:00,,6576.6120386374
2025-03-10 10:00:00,,6146.886922193332
2025-03-10 11:00:00,,5781.223759399115
2025-03-10 12:00:00,,5522.5518436466
2025-03-10 13:00:00,,5344.374042729117
2025-03-10 14:00:00,,5237.073819725194
2025-03-10 15:00:00,,5005.293340756023
2025-03-10 16:00:00,,4781.125890408657
2025-03-10 17:00:00,,4575.941624067249
2025-03-10 18:00:00,,4396.265402393847
2025-03-10 19:00:00,,4176.247976513778
2025-03-10 20:00:00,,4058.05226020356
2025-03-10 21:00:00,,3941.580507199077
2025-03-10 22:00:00,,3757.3731956306456
2025-03-10 23:00:00,,3643.6712612895603
2025-03-11 00:00:00,,3609.3978052015937
2025-03-11 01:00:00,,3529.8245958648035
2025-03-11 02:00:00,,3463.1228024967018
2025-03-11 03:00:00,,3377.5592947235073
2025-03-11 04:00:00,,3291.0438317716885
2025-03-11 05:00:00,,3200.339355573671
2025-03-11 06:00:00,,3117.8441859280188
2025-03-11 07:00:00,,3026.778271811764
2025-03-11 08:00:00,,2955.0950889577684
2025-03-11 09:00:00,,2912.765280967134
2025-03-11 10:00:00,,2806.2608392059933
2025-03-11 11:00:00,,2745.1527189350945
2025-03-11 12:00:00,,2693.8385653201017
2025-03-11 13:00:00,,2699.0461057671387
2025-03-11 14:00:00,,2682.222126457271
2025-03-11 15:00:00,,2604.6888422273737
2025-03-11 16:00:00,,2558.045340016296
2025-03-11 17:00:00,,2560.868994143453
2025-03-11 18:00:00,,2529.8843996679707
2025-03-11 19:00:00,,2511.400292388257
2025-03-11 20:00:00,,2449.1295171967163
2025-03-11 21:00:00,,2426.144678650467
2025-03-11 22:00:00,,2389.3241218606
2025-03-11 23:00:00,,2378.915904711562
2025-03-12 00:00:00,,2363.4869760612273
2025-03-12 01:00:00,,2373.2372075761587
2025-03-12 02:00:00,,2338.5142558223138
2025-03-12 03:00:00,,2293.5968794888586
2025-03-12 04:00:00,,2276.940567407978
2025-03-12 05:00:00,,2246.68614625626
2025-03-12 06:00:00,,2216.5861507405184
2025-03-12 07:00:00,,2179.8667186814514
2025-03-12 08:00:00,,2098.972019926736
2025-03-12 09:00:00,,2049.951948627475
2025-03-12 10:00:00,,2039.4405316519321
2025-03-12 11:00:00,,2039.0164489788372
2025-03-12 12:00:00,,2018.5167902323858
2025-03-12 13:00:00,,2025.723219286861
2025-03-12 14:00:00,,2010.9146701606116
2025-03-12 15:00:00,,1977.1685429526199
2025-03-12 16:00:00,,1972.5098814820485
2025-03-12 17:00:00,,1915.1272114906237
2025-03-12 18:00:00,,1879.4942282820973
2025-03-12 19:00:00,,1881.2239254514836
2025-03-12 20:00:00,,1829.5553567547092
2025-03-12 21:00:00,,1783.3542978057537
2025-03-12 22:00:00,,1761.492346166191
2025-03-12 23:00:00,,1751.5313279169798
2025-03-13 00:00:00,,1760.6555845045198
2025-03-13 01:00:00,,1734.0456793955261
2025-03-13 02:00:00,,1703.8886927731896
2025-03-13 03:00:00,,1679.2436176725591
2025-03-13 04:00:00,,1648.436247629837
2025-03-13 05:00:00,,1667.144363706853
2025-03-13 06:00:00,,1652.5556154474086
2025-03-13 07:00:00,,1623.5146639911723
2025-03-13 08:00:00,,1614.8484165487052
2025-03-13 09:00:00,,1602.9999481299435
2025-03-13 10:00:00,,1597.129460337362
2025-03-13 11:00:00,,1598.4501329645627
2025-03-13 12:00:00,,1615.6229106509886
2025-03-13 13:00:00,,1940.9793128911504
2025-03-13 14:00:00,,1898.5920970538953
2025-03-13 15:00:00,,1858.462346505261
2025-03-13 16:00:00,,1869.6714701084645
2025-03-13 17:00:00,,1930.1473047275283
2025-03-13 18:00:00,,1911.3380898377557
2025-03-13 19:00:00,,1920.0635878257347
2025-03-13 20:00:00,,1927.1249044656017
2025-03-13 21:00:00,,1906.8732058242117
2025-03-13 22:00:00,,1874.2119488215376
2025-03-13 23:00:00,,1874.8835072677837
2025-03-14 00:00:00,,1891.432794785942
2025-03-14 01:00:00,,1892.4214147475584
2025-03-14 02:00:00,,1866.4726417527413
2025-03-14 03:00:00,,1840.679426960034
2025-03-14 04:00:00,,1841.6552619897443
2025-03-14 05:00:00,,1817.9557960932452
2025-03-14 06:00:00,,1777.5073358719003
2025-03-14 07:00:00,,1735.7247956693077
2025-03-14 08:00:00,,1715.0658978553317
2025-03-14 09:00:00,,1729.3509082997507
2025-03-14 10:00:00,,1709.9023897614875
2025-03-14 11:00:00,,1657.5801556454137
2025-03-14 12:00:00,,1649.106176388566
2025-03-14 13:00:00,,1682.3180565939742
2025-03-14 14:00:00,,1653.36544522572
2025-03-14 15:00:00,,1603.9840556866868
2025-03-14 16:00:00,,1571.5559033303282
2025-03-14 17:00:00,,1577.616855642963
2025-03-14 18:00:00,,1650.3181386455037
2025-03-14 19:00:00,,1535.752449951373
2025-03-14 20:00:00,,1526.3796631997893
2025-03-14 21:00:00,,1524.475978579809
2025-03-14 22:00:00,,1499.469843472913
2025-03-14 23:00:00,,1489.9135706292388
2025-03-15 00:00:00,,1513.0262787959362
2025-03-15 01:00:00,,1527.2591952915034
2025-03-15 02:00:00,,1512.3223439125475
2025-03-15 03:00:00,,1496.6942428743707
2025-03-15 04:00:00,,1488.6127679048097
2025-03-15 05:00:00,,1447.797889143438
2025-03-15 06:00:00,,1435.8199909004124
2025-03-15 07:00:00,,1418.2315895665058
2025-03-15 08:00:00,,1372.03628667751
2025-03-15 09:00:00,,1474.803125893705
2025-03-15 10:00:00,,1062.000374924637
2025-03-15 11:00:00,,1207.0662472150318
2025-03-15 12:00:00,,1161.5439388017387
2025-03-15 13:00:00,,901.0333445059995
2025-03-15 14:00:00,,909.5762674633272
2025-03-15 15:00:00,,865.434988356923
2025-03-15 16:00:00,,873.4841872463359
2025-03-15 17:00:00,,831.0913997992839
2025-03-15 18:00:00,,830.9598467483061
2025-03-15 19:00:00,,829.604956719733
2025-03-15 20:00:00,,815.3665552871378
2025-03-15 21:00:00,,790.8079524654129
2025-03-15 22:00:00,,807.5129436155177
2025-03-15 23:00:00,,820.0376925550449
2025-03-16 00:00:00,,861.90963850057
2025-03-16 01:00:00,,859.344903420148
2025-03-16 02:00:00,,884.6843481372591
2025-03-16 03:00:00,,903.5859417098284
2025-03-16 04:00:00,,912.822140764625
2025-03-16 05:00:00,,916.0023312179432
2025-03-16 06:00:00,,922.7369570025813
2025-03-16 07:00:00,,900.3739768866848
2025-03-16 08:00:00,,867.1554321200819
2025-03-16 09:00:00,,867.8210690004785
2025-03-16 10:00:00,,885.8263417880298
2025-03-16 11:00:00,,926.3038139984567
2025-03-16 12:00:00,,942.7982875806678
2025-03-16 13:00:00,,978.8500506979192
2025-03-16 14:00:00,,995.4789080886565
2025-03-16 15:00:00,,1001.0346120442287
2025-03-16 16:00:00,,1001.2322391754554
2025-03-16 17:00:00,,973.5397556482322
2025-03-16 18:00:00,,1046.1247731434082
2025-03-16 19:00:00,,1156.0396283084128
2025-03-16 20:00:00,,1219.5963515198687
2025-03-16 21:00:00,,1328.4753599396684
2025-03-16 22:00:00,,1541.5231679394956
2025-03-16 23:00:00,,1789.3349422582255
2025-03-17 00:00:00,,2727.571374217599
2025-03-17 01:00:00,,3970.4812482581247
2025-03-17 02:00:00,,4619.043320369838
2025-03-17 03:00:00,,6038.240316011585
2025-03-17 04:00:00,,7793.869937239596
2025-03-17 05:00:00,,8602.774195022874
2025-03-17 06:00:00,,9794.154194002396
2025-03-17 07:00:00,,10397.600179198997
2025-03-17 08:00:00,,10426.070401753745
2025-03-17 09:00:00,,10450.440553167955
2025-03-17 10:00:00,,10514.93181532864
2025-03-17 11:00:00,,9105.926994952837
2025-03-17 12:00:00,,7621.374955337044
2025-03-17 13:00:00,,6801.948149712787
2025-03-17 14:00:00,,6173.681032351506
2025-03-17 15:00:00,,5516.313573279892
2025-03-17 16:00:00,,5030.356799341974
2025-03-17 17:00:00,,4654.29463153698
2025-03-17 18:00:00,,4222.712630978763
2025-03-17 19:00:00,,3881.042901528082
2025-03-17 20:00:00,,3608.5038515743863
2025-03-17 21:00:00,,3421.0689259663777
2025-03-17 22:00:00,,3254.8009695806477
2025-03-17 23:00:00,,3150.3546710203855
2025-03-18 00:00:00,,3023.695376910674
2025-03-18 01:00:00,,2884.700987599383
2025-03-18 02:00:00,,2771.453789950237
2025-03-18 03:00:00,,2674.428237191342
2025-03-18 04:00:00,,2585.4555956306303
2025-03-18 05:00:00,,2476.7521129235115
2025-03-18 06:00:00,,2397.5720425273694
2025-03-18 07:00:00,,2320.6264558254393
2025-03-18 08:00:00,,2208.3938543570916
2025-03-18 09:00:00,,2159.099868324493
2025-03-18 10:00:00,,2083.40994778052
2025-03-18 11:00:00,,2025.2609492192946
2025-03-18 12:00:00,,1978.175702993609
2025-03-18 13:00:00,,1974.7231687943022
2025-03-18 14:00:00,,1924.5717209928798
2025-03-18 15:00:00,,1899.7065173479884
2025-03-18 16:00:00,,1811.0088719343912
2025-03-18 17:00:00,,1762.9530284788916
2025-03-18 18:00:00,,1737.5345038518028
2025-03-18 19:00:00,,1675.726706454028
2025-03-18 20:00:00,,1643.2855195441011
2025-03-18 21:00:00,,1607.4073924958657
2025-03-18 22:00:00,,1575.8339459237204
2025-03-18 23:00:00,,1520.8568274181166
2025-03-19 00:00:00,,1516.7287261635563
2025-03-19 01:00:00,,1510.4560608604677
2025-03-19 02:00:00,,1493.3576217717307
2025-03-19 03:00:00,,1468.9209736326736
2025-03-19 04:00:00,,1463.9828457123026
2025-03-19 05:00:00,,1452.5553809202165
2025-03-19 06:00:00,,1476.1560741944736
2025-03-19 07:00:00,,1461.704013771355
2025-03-19 08:00:00,,1518.969526870719
2025-03-19 09:00:00,,1571.6527287071415
2025-03-19 10:00:00,,1638.8703461540126
2025-03-19 11:00:00,,1684.8126009122705
2025-03-19 12:00:00,,1791.4765400383944
2025-03-19 13:00:00,,2093.23693591841
2025-03-19 14:00:00,,2248.879360236798
2025-03-19 15:00:00,,2326.112296072381
2025-03-19 16:00:00,,2524.0928666559057
2025-03-19 17:00:00,,2553.57255578248
2025-03-19 18:00:00,,2510.437746667486
2025-03-19 19:00:00,,2441.710964228778
2025-03-19 20:00:00,,2523.5620197288717
2025-03-19 21:00:00,,2483.139170939989
2025-03-19 22:00:00,,2393.9743392632145
2025-03-19 23:00:00,,2357.6860395160556
2025-03-20 00:00:00,,2366.8267615895497
2025-03-20 01:00:00,,2446.5181866749967
2025-03-20 02:00:00,,2759.071052269706
2025-03-20 03:00:00,,2931.724798545629
2025-03-20 04:00:00,,3239.566596592591
2025-03-20 05:00:00,,3267.152674474056
2025-03-20 06:00:00,,3071.9837506789618
2025-03-20 07:00:00,,2876.8418683233276
2025-03-20 08:00:00,,2743.8735693931585
2025-03-20 09:00:00,,2710.34554222125
2025-03-20 10:00:00,,2613.07895401869
2025-03-20 11:00:00,,2543.7276591675973
2025-03-20 12:00:00,,2494.141049708799
2025-03-20 13:00:00,,1546.8674654208858
2025-03-20 14:00:00,,1872.8667348838333
2025-03-20 15:00:00,,2161.538383293085
2025-03-20 16:00:00,,2083.4214919631104
2025-03-20 17:00:00,,3218.0835345880428
2025-03-20 18:00:00,,3214.4010483467505
2025-03-20 19:00:00,,3371.6895012448904
2025-03-20 20:00:00,,3587.036935624288
2025-03-20 21:00:00,,3948.807299146642
2025-03-20 22:00:00,,4281.139665470244
2025-03-20 23:00:00,,4739.816820348653
2025-03-21 00:00:00,,4193.830131517358
2025-03-21 01:00:00,,3833.941371522779
2025-03-21 02:00:00,,3587.84338114663
2025-03-21 03:00:00,,3360.884810585522
2025-03-21 04:00:00,,3176.94566982574
2025-03-21 05:00:00,,2996.7991934813836
2025-03-21 06:00:00,,2858.431718361114
2025-03-21 07:00:00,,2672.179025403008
2025-03-21 08:00:00,,2548.4400779640023
2025-03-21 09:00:00,,2456.142186459296
2025-03-21 10:00:00,,2388.020643400257
2025-03-21 11:00:00,,2307.57536975545
2025-03-21 12:00:00,,2237.7563643192193
2025-03-21 13:00:00,,2158.36767868271
2025-03-21 14:00:00,,2084.9469739781625
2025-03-21 15:00:00,,1249.2930302305824
2025-03-21 16:00:00,,1927.923818188482
2025-03-21 17:00:00,,1916.5035603425763
2025-03-21 18:00:00,,1828.3121562406172
2025-03-21 19:00:00,,1763.906342819746
2025-03-21 20:00:00,,1737.577082348643
2025-03-21 21:00:00,,1704.6113628278729
2025-03-21 22:00:00,,1678.083245345262
2025-03-21 23:00:00,,1648.3025657476433
2025-03-22 00:00:00,,1604.7906965253355
2025-03-22 01:00:00,,1559.8790247338623
2025-03-22 02:00:00,,1525.016604967695
2025-03-22 03:00:00,,1484.434129944438
2025-03-22 04:00:00,,1449.0960372280736
2025-03-22 05:00:00,,1369.0347198879374
2025-03-22 06:00:00,,1326.165605593097
2025-03-22 07:00:00,,1287.3777618354836
2025-03-22 08:00:00,,1270.6757227392263
2025-03-22 09:00:00,,1224.8614579871553
2025-03-22 10:00:00,,1194.2394131723606
2025-03-22 11:00:00,,1193.6329418572013
2025-03-22 12:00:00,,1176.4906774163742
2025-03-22 13:00:00,,1157.6271366022097
2025-03-22 14:00:00,,1115.1634925301485
2025-03-22 15:00:00,,1083.3385830870589
2025-03-22 16:00:00,,1076.220318012675
2025-03-22 17:00:00,,1055.8156675950147
2025-03-22 18:00:00,,1018.502316330587
2025-03-22 19:00:00,,998.2067596838494
2025-03-22 20:00:00,,953.8688648185858
2025-03-22 21:00:00,,927.1146950041247
2025-03-22 22:00:00,,920.5586031406377
2025-03-22 23:00:00,,903.5357737466461
2025-03-23 00:00:00,,906.8160208049076
2025-03-23 01:00:00,,879.3355122705494
2025-03-23 02:00:00,,860.1839416148371
2025-03-23 03:00:00,,851.2387120249923
2025-03-23 04:00:00,,824.1624465385551
2025-03-23 05:00:00,,809.6359123339396
2025-03-23 06:00:00,,794.8999777093338
2025-03-23 07:00:00,,780.6942831542574
2025-03-23 08:00:00,,1005.3575291998109
2025-03-23 09:00:00,,880.4885903758551
2025-03-23 10:00:00,,1017.5356995737386
2025-03-23 11:00:00,,951.7528644021188
2025-03-23 12:00:00,,915.4638257749041
2025-03-23 13:00:00,,1033.4915720790839
2025-03-23 14:00:00,,1192.7810802647305
2025-03-23 15:00:00,,1228.1811689272583
2025-03-23 16:00:00,,1231.4360104761467
2025-03-23 17:00:00,,1237.748664163981
2025-03-23 18:00:00,,1136.230109541985
2025-03-23 19:00:00,,891.6015548804588
2025-03-23 20:00:00,,881.6590735645021
2025-03-23 21:00:00,,888.9697439180625
2025-03-23 22:00:00,,860.1942418772409
2025-03-23 23:00:00,,883.1684220056922
2025-03-24 00:00:00,,916.0570988520911
2025-03-24 01:00:00,,925.4826083170927
2025-03-24 02:00:00,,898.817560712773
2025-03-24 03:00:00,,842.5255540598146
2025-03-24 04:00:00,,842.359819297764
2025-03-24 05:00:00,,838.6382045387314
2025-03-24 06:00:00,,837.499722286918
2025-03-24 07:00:00,,805.368965698735
2025-03-24 08:00:00,,785.1004051668772
2025-03-24 09:00:00,,694.418927686059
2025-03-24 10:00:00,,761.0492272487684
2025-03-24 11:00:00,,733.2402497032365
2025-03-24 12:00:00,,1035.3589529768392
2025-03-24 13:00:00,,1038.2954109320938
2025-03-24 14:00:00,,1021.5964025796791
2025-03-24 15:00:00,,1012.6178150777537
2025-03-24 16:00:00,,1005.7011057251046
2025-03-24 17:00:00,,999.2530194504595
2025-03-24 18:00:00,,994.0373429738722
2025-03-24 19:00:00,,988.2869540364292
2025-03-24 20:00:00,,984.4214799477461
2025-03-24 21:00:00,,982.4642042034212
2025-03-24 22:00:00,,989.2502388133643
2025-03-24 23:00:00,,987.7815822727398
2025-03-25 00:00:00,,976.276213752428
2025-03-25 01:00:00,,967.3678036566386
2025-03-25 02:00:00,,970.4443080191227
2025-03-25 03:00:00,,970.1202985684425
2025-03-25 04:00:00,,969.4155976349762
2025-03-25 05:00:00,,979.9472455008354
2025-03-25 06:00:00,,975.5216127309616
2025-03-25 07:00:00,,974.52869836623
2025-03-25 08:00:00,,967.8956517032035
2025-03-25 09:00:00,,962.8406128125968
2025-03-25 10:00:00,,962.6218185643361
2025-03-25 11:00:00,,963.3286517431321
2025-03-25 12:00:00,,961.889326656379
2025-03-25 13:00:00,,960.8593892478879
2025-03-25 14:00:00,,958.455200202948
2025-03-25 15:00:00,,956.8729396133789
2025-03-25 16:00:00,,959.3652884362131
2025-03-25 17:00:00,,968.9295494921925
2025-03-25 18:00:00,,975.8124674670272
2025-03-25 19:00:00,,981.3482919136839
2025-03-25 20:00:00,,984.310051377633
2025-03-25 21:00:00,,986.7198201301173
2025-03-25 22:00:00,,993.8386848541045
2025-03-25 23:00:00,,992.242619232202
2025-03-26 00:00:00,,992.6770218808712
2025-03-26 01:00:00,,989.2411125892006
2025-03-26 02:00:00,,988.98581599544
2025-03-26 03:00:00,,979.7127343300449
2025-03-26 04:00:00,,963.0867032133782
2025-03-26 05:00:00,,957.2557029343839
2025-03-26 06:00:00,,945.7084104436499
2025-03-26 07:00:00,,934.6932864963829
2025-03-26 08:00:00,,923.9080008561456
2025-03-26 09:00:00,,912.551360467807
2025-03-26 10:00:00,,901.5816088099517
2025-03-26 11:00:00,,893.4654241044256
2025-03-26 12:00:00,,886.1023084292781
2025-03-26 13:00:00,,875.1096423155205
2025-03-26 14:00:00,,870.1086322757727
2025-03-26 15:00:00,,865.0468032068266
2025-03-26 16:00:00,,856.4593728871332
2025-03-26 17:00:00,,849.5573649819098
2025-03-26 18:00:00,,842.6973485641316
2025-03-26 19:00:00,,839.1995078084993
2025-03-26 20:00:00,,831.2278205559207
2025-03-26 21:00:00,,842.1326924610192
2025-03-26 22:00:00,,845.7812815743181
2025-03-26 23:00:00,,847.3778326518125
2025-03-27 00:00:00,,853.1971081567199
2025-03-27 01:00:00,,863.8547652731961
2025-03-27 02:00:00,,862.5238430847329
2025-03-27 03:00:00,,872.3702342879882
2025-03-27 04:00:00,,899.1807789380867
2025-03-27 05:00:00,,929.1835245243357
2025-03-27 06:00:00,,942.1902532895565
2025-03-27 07:00:00,,952.9220010385525
2025-03-27 08:00:00,,965.241440238268
2025-03-27 09:00:00,,986.005277072723
2025-03-27 10:00:00,,993.2940875980051
2025-03-27 11:00:00,,1020.8335336087486
2025-03-27 12:00:00,,1026.5584822529488
2025-03-27 13:00:00,,1020.408780623873
2025-03-27 14:00:00,,1033.6807230601987
2025-03-27 15:00:00,,1055.6315680889077
2025-03-27 16:00:00,,1060.1296704713732
2025-03-27 17:00:00,,1047.172903702263
2025-03-27 18:00:00,,1039.9047948265227
2025-03-27 19:00:00,,1038.37029692974
2025-03-27 20:00:00,,1036.5041774628212
2025-03-27 21:00:00,,1021.5860597218865
2025-03-27 22:00:00,,1008.7518414705289
2025-03-27 23:00:00,,1010.9450265222932
2025-03-28 00:00:00,,991.6633699336066
2025-03-28 01:00:00,,974.0817949978865
2025-03-28 02:00:00,,965.4434618354547
2025-03-28 03:00:00,,956.3770422881819
2025-03-28 04:00:00,,946.178163040271
2025-03-28 05:00:00,,933.9975854402156
2025-03-28 06:00:00,,919.2202154552895
2025-03-28 07:00:00,,904.4088024924582
2025-03-28 08:00:00,,896.427272907778
2025-03-28 09:00:00,,891.6478267705407
2025-03-28 10:00:00,,885.1157368237165
2025-03-28 11:00:00,,879.3841916300347
2025-03-28 12:00:00,,867.1431180907598
2025-03-28 13:00:00,,856.9845925011435
2025-03-28 14:00:00,,846.2398801071156
2025-03-28 15:00:00,,824.535002957994
2025-03-28 16:00:00,,814.5168302456068
2025-03-28 17:00:00,,801.1418091769458
2025-03-28 18:00:00,,792.6798893498237
2025-03-28 19:00:00,,787.871654648998
2025-03-28 20:00:00,,783.549846707693
2025-03-28 21:00:00,,778.4529230842993
2025-03-28 22:00:00,,772.2241219547509
2025-03-28 23:00:00,,769.4015018733461
2025-03-29 00:00:00,,765.2092406560752
2025-03-29 01:00:00,,797.2998069601738
2025-03-29 02:00:00,,826.7406377824568
2025-03-29 03:00:00,,829.8381456638087
2025-03-29 04:00:00,,880.3995278005666
2025-03-29 05:00:00,,995.1798476658768
2025-03-29 06:00:00,,1153.4714494416585
2025-03-29 07:00:00,,1775.8859297896365
2025-03-29 08:00:00,,3575.9157950878307
2025-03-29 09:00:00,,4753.32096181368
2025-03-29 10:00:00,,5743.190246051586
2025-03-29 11:00:00,,5835.974284293561
2025-03-29 12:00:00,,5790.156692082145
2025-03-29 13:00:00,,6038.814209995537
2025-03-29 14:00:00,,8002.072039780662
2025-03-29 15:00:00,,7134.796460164995
2025-03-29 16:00:00,,7852.026978855584
2025-03-29 17:00:00,,8872.275801862943
2025-03-29 18:00:00,,10260.585783654604
2025-03-29 19:00:00,,10677.878280179677
2025-03-29 20:00:00,,9295.060279174053
2025-03-29 21:00:00,,9006.189381327411
2025-03-29 22:00:00,,9658.663161573777
2025-03-29 23:00:00,,8570.018281555977
2025-03-30 00:00:00,,7747.588130008791
2025-03-30 01:00:00,,7679.80010261253
2025-03-30 02:00:00,,8596.124682502219
2025-03-30 03:00:00,,8801.62056032547
2025-03-30 04:00:00,,9781.824429173621
2025-03-30 05:00:00,,11292.254377618665
2025-03-30 06:00:00,,11937.346625649416
2025-03-30 07:00:00,,10776.410890373223
2025-03-30 08:00:00,,9572.988629369898
2025-03-30 09:00:00,,8519.476070869943
2025-03-30 10:00:00,,7756.068268159077
2025-03-30 11:00:00,,7144.39480094579
2025-03-30 12:00:00,,6527.0170636238045
2025-03-30 13:00:00,,6139.637723897143
2025-03-30 14:00:00,,5852.120728503827
2025-03-30 15:00:00,,5613.656105035801
2025-03-30 16:00:00,,5322.128512544742
2025-03-30 17:00:00,,5011.275115022212
2025-03-30 18:00:00,,4776.690743489872
2025-03-30 19:00:00,,4511.569488915014
2025-03-30 20:00:00,,4297.544278215112
2025-03-30 21:00:00,,4128.19060507369
2025-03-30 22:00:00,,3939.7497664214893
2025-03-30 23:00:00,,3800.952943464216
2025-03-31 00:00:00,,3655.3057318238266
2025-03-31 01:00:00,,3498.3898088283213
2025-03-31 02:00:00,,3400.250397102195
2025-03-31 03:00:00,,3331.9821603946953
2025-03-31 04:00:00,,3314.1646855242775
2025-03-31 05:00:00,,3306.714966656772
2025-03-31 06:00:00,,3162.4963414430104
2025-03-31 07:00:00,,3095.8867419871535
2025-03-31 08:00:00,,2935.259299859653
2025-03-31 09:00:00,,2684.559650492641
2025-03-31 10:00:00,,2984.52403513029
2025-03-31 11:00:00,,3235.1260454767767
2025-03-31 12:00:00,,3661.8655673712865
2025-03-31 13:00:00,,3709.520043882735
2025-03-31 14:00:00,,3678.2203618671447
2025-03-31 15:00:00,,3658.6244898330824
2025-03-31 16:00:00,,3500.7513600987577
2025-03-31 17:00:00,,3273.397191556536
2025-03-31 18:00:00,,3140.018100471983
2025-03-31 19:00:00,,3029.9395590572635
2025-03-31 20:00:00,,2922.608644403978
2025-03-31 21:00:00,,2872.247872634929
2025-03-31 22:00:00,,2819.0585911356284
2025-03-31 23:00:00,,2803.192650392812
2025-04-01 00:00:00,,2791.932093708853
2025-04-01 01:00:00,,2724.9935261206074
2025-04-01 02:00:00,,2799.1073872284583
2025-04-01 03:00:00,,2877.8542283195256
2025-04-01 04:00:00,,3057.195981326469
2025-04-01 05:00:00,,3246.3168578101036
2025-04-01 06:00:00,,3414.4005277203296
2025-04-01 07:00:00,,4354.838920281595
2025-04-01 08:00:00,,5867.404479540025
2025-04-01 09:00:00,,6049.870223170958
2025-04-01 10:00:00,,6088.642403939031
2025-04-01 11:00:00,,6906.179749617753
2025-04-01 12:00:00,,7351.536039548964
2025-04-01 13:00:00,,7330.760677811476
2025-04-01 14:00:00,,6044.210344574673
2025-04-01 15:00:00,,5375.237015500367
2025-04-01 16:00:00,,4967.163138842431
2025-04-01 17:00:00,,4927.272235467099
2025-04-01 18:00:00,,4968.738991475782
2025-04-01 19:00:00,,4810.282991178091
2025-04-01 20:00:00,,5429.590058521661
2025-04-01 21:00:00,,8487.897205374396
2025-04-01 22:00:00,,12665.105696072964
2025-04-01 23:00:00,,13067.8007643975
2025-04-02 00:00:00,,16274.323779928385
2025-04-02 01:00:00,,19212.981733209937
2025-04-02 02:00:00,,16894.199829613066
2025-04-02 03:00:00,,14978.475691067506
2025-04-02 04:00:00,,13639.296145160217
2025-04-02 05:00:00,,12317.727741072376
2025-04-02 06:00:00,,11371.314442763718
2025-04-02 07:00:00,,10101.570251954387
2025-04-02 08:00:00,,9164.447503772042
2025-04-02 09:00:00,,8484.516869627072
2025-04-02 10:00:00,,7876.378313056225
2025-04-02 11:00:00,,7444.272620163285
2025-04-02 12:00:00,,7077.475017734999
2025-04-02 13:00:00,,6741.682387514568
2025-04-02 14:00:00,,6511.96236349167
2025-04-02 15:00:00,,5970.837126818311
2025-04-02 16:00:00,,5851.319800536394
2025-04-02 17:00:00,,5793.906454453801
2025-04-02 18:00:00,,5931.343306446143
2025-04-02 19:00:00,,5829.360915600266
2025-04-02 20:00:00,,5729.214527397682
2025-04-02 21:00:00,,5558.395324041097
2025-04-02 22:00:00,,5370.2894315304175
2025-04-02 23:00:00,,5186.735274795489
2025-04-03 00:00:00,,4957.522836875639
2025-04-03 01:00:00,,4584.005119471191
2025-04-03 02:00:00,,4246.232052906054
2025-04-03 03:00:00,,4223.010126646489
2025-04-03 04:00:00,,4278.024182300022
2025-04-03 05:00:00,,4169.594153434757
2025-04-03 06:00:00,,3979.0840399447493
2025-04-03 07:00:00,,3836.9424401479387
2025-04-03 08:00:00,,3685.5947215862657
2025-04-03 09:00:00,,3615.2637617380115
2025-04-03 10:00:00,,3513.5956949310007
2025-04-03 11:00:00,,3404.570789614127
2025-04-03 12:00:00,,3309.113752831909
2025-04-03 13:00:00,,3265.3145443961025
2025-04-03 14:00:00,,3137.588595573382
2025-04-03 15:00:00,,3073.4952687191103
2025-04-03 16:00:00,,2974.4429706351575
2025-04-03 17:00:00,,2918.1276844618137
2025-04-03 18:00:00,,2910.55334458007
2025-04-03 19:00:00,,2797.2509878483647
2025-04-03 20:00:00,,2597.2751357798875
2025-04-03 21:00:00,,2567.154314772182
2025-04-03 22:00:00,,2609.9404321046436
2025-04-03 23:00:00,,2705.308394759385
2025-04-04 00:00:00,,2679.4329635676686
2025-04-04 01:00:00,,2615.1057159384172
2025-04-04 02:00:00,,2550.719281832146
2025-04-04 03:00:00,,2501.1168902706363
2025-04-04 04:00:00,,2464.629984163475
2025-04-04 05:00:00,,2397.486650964919
2025-04-04 06:00:00,,2316.568556955604
2025-04-04 07:00:00,,2200.362886715887
2025-04-04 08:00:00,,2160.348383164376
2025-04-04 09:00:00,,2152.9219066455166
2025-04-04 10:00:00,,2121.099228135293
2025-04-04 11:00:00,,2086.186558657994
2025-04-04 12:00:00,,1991.9304093965752
2025-04-04 13:00:00,,1678.390593485203
2025-04-04 14:00:00,,1924.8894551278283
2025-04-04 15:00:00,,1995.7380042395164
2025-04-04 16:00:00,,2019.426055478099
2025-04-04 17:00:00,,2022.574305825932
2025-04-04 18:00:00,,2005.507601553982
2025-04-04 19:00:00,,1977.5165879033045
2025-04-04 20:00:00,,1924.173908785018
2025-04-04 21:00:00,,1878.8843159871012
2025-04-04 22:00:00,,1852.142698654387
2025-04-04 23:00:00,,1685.516520488333
2025-04-05 00:00:00,,1732.8767997365487
2025-04-05 01:00:00,,1706.3864619431313
2025-04-05 02:00:00,,1704.6141936518684
2025-04-05 03:00:00,,1689.1435500385833
2025-04-05 04:00:00,,1590.7157565515013
2025-04-05 05:00:00,,2016.1247682115802
2025-04-05 06:00:00,,1810.3189310150608
2025-04-05 07:00:00,,1749.264194446911
2025-04-05 08:00:00,,1710.3220086358267
2025-04-05 09:00:00,,1703.8576476126866
2025-04-05 10:00:00,,1740.3554579095885
2025-04-05 11:00:00,,1675.8818782450026
2025-04-05 12:00:00,,1737.9867975001282
2025-04-05 13:00:00,,1596.6145342048242
2025-04-05 14:00:00,,1481.5799726942323
2025-04-05 15:00:00,,1526.8710454709121
2025-04-05 16:00:00,,1487.3848760177796
2025-04-05 17:00:00,,1278.5601844275072
2025-04-05 18:00:00,,1411.4314600101081
2025-04-05 19:00:00,,1528.9521859370718
2025-04-05 20:00:00,,1534.9469712047692
2025-04-05 21:00:00,,1538.0501777372974
2025-04-05 22:00:00,,1517.7995243061641
2025-04-05 23:00:00,,1413.02226535303
2025-04-06 00:00:00,,1493.1351713822658
2025-04-06 01:00:00,,1469.4280469578712
2025-04-06 02:00:00,,1416.455643895119
2025-04-06 03:00:00,,1272.5614759795178
2025-04-06 04:00:00,,1396.6161431137825
2025-04-06 05:00:00,,1398.2020285676563
2025-04-06 06:00:00,,1217.1726972428978
2025-04-06 07:00:00,,1235.2796137836651
2025-04-06 08:00:00,,1269.019001190784
2025-04-06 09:00:00,,1306.1847582971786
2025-04-06 10:00:00,,1276.6413438969735
2025-04-06 11:00:00,,1259.2843142087493
2025-04-06 12:00:00,,1252.9729794435868
2025-04-06 13:00:00,,1260.5504575929886
2025-04-06 14:00:00,,1149.5175775751725
2025-04-06 15:00:00,,1358.7726156885888
2025-04-06 16:00:00,,1282.3659811486305
2025-04-06 17:00:00,,1238.1063335131396
2025-04-06 18:00:00,,961.4335123842981
2025-04-06 19:00:00,,1194.459198114709
2025-04-06 20:00:00,,1356.4620378341624
2025-04-06 21:00:00,,1279.7437503339343
2025-04-06 22:00:00,,1277.0795301164696
2025-04-06 23:00:00,,1291.7910567623933
2025-04-07 00:00:00,,1339.3564875181428
2025-04-07 01:00:00,,1340.6795464559189
2025-04-07 02:00:00,,1264.1611136299712
2025-04-07 03:00:00,,1171.1170547677402
2025-04-07 04:00:00,,1272.6246152259757
2025-04-07 05:00:00,,1277.122183998862
2025-04-07 06:00:00,,1268.792284645413
2025-04-07 07:00:00,,1193.6998409893497
2025-04-07 08:00:00,,1197.9354539653937
2025-04-07 09:00:00,,1119.3862129021918
2025-04-07 10:00:00,,1105.2050261472718
2025-04-07 11:00:00,,1096.4754394622646
2025-04-07 12:00:00,,1102.1294927753722
2025-04-07 13:00:00,,1112.324665961005
2025-04-07 14:00:00,,944.4969674625667
2025-04-07 15:00:00,,1080.454343856931
2025-04-07 16:00:00,,1173.0279191127468
2025-04-07 17:00:00,,1156.5656069511838
2025-04-07 18:00:00,,1126.180453495633
2025-04-07 19:00:00,,1047.2824491911895
2025-04-07 20:00:00,,1051.2127608306905
2025-04-07 21:00:00,,1032.1044427966206
2025-04-07 22:00:00,,1008.76045254278
2025-04-07 23:00:00,,835.4946827884439
2025-04-08 00:00:00,,974.7885469491397
2025-04-08 01:00:00,,1034.7772397438703
2025-04-08 02:00:00,,1032.9000461198004
2025-04-08 03:00:00,,1022.0269284480067
2025-04-08 04:00:00,,1017.1209954890246
2025-04-08 05:00:00,,874.5341896300511
2025-04-08 06:00:00,,817.3594455309753
2025-04-08 07:00:00,,912.615269602121
2025-04-08 08:00:00,,898.8566887784165
2025-04-08 09:00:00,,924.3793287846458
2025-04-08 10:00:00,,1110.6502556238966
2025-04-08 11:00:00,,1120.9798811537835
2025-04-08 12:00:00,,1192.9208679322164
2025-04-08 13:00:00,,1193.688260780271
2025-04-08 14:00:00,,1034.6481347318952
2025-04-08 15:00:00,,1054.1309675024236
2025-04-08 16:00:00,,1136.8146051412932
2025-04-08 17:00:00,,1127.0351814562682
2025-04-08 18:00:00,,1109.8350996090503
2025-04-08 19:00:00,,1100.793367176576
2025-04-08 20:00:00,,1040.688996434476
2025-04-08 21:00:00,,1035.660968499798
2025-04-08 22:00:00,,1064.653733448531
2025-04-08 23:00:00,,872.2565005526368
2025-04-09 00:00:00,,963.736069576041
2025-04-09 01:00:00,,1033.826160424759
2025-04-09 02:00:00,,993.5797419408161
2025-04-09 03:00:00,,1002.4869153752264
2025-04-09 04:00:00,,994.8791603497107
2025-04-09 05:00:00,,918.3124694762308
2025-04-09 06:00:00,,881.6107426095589
2025-04-09 07:00:00,,902.3947898483052
2025-04-09 08:00:00,,895.1407937971171
2025-04-09 09:00:00,,877.630668088923
2025-04-09 10:00:00,,892.7572770409276
2025-04-09 11:00:00,,909.6858479945732
2025-04-09 12:00:00,,894.4566698873244
2025-04-09 13:00:00,,886.6530988185726
2025-04-09 14:00:00,,867.4736759994393
2025-04-09 15:00:00,,664.7007479140478
2025-04-09 16:00:00,,812.1870270150442
2025-04-09 17:00:00,,860.1646283463183
2025-04-09 18:00:00,,830.3155034660008
2025-04-09 19:00:00,,832.9692557310028
2025-04-09 20:00:00,,816.7889818417675
2025-04-09 21:00:00,,819.5573188790822
2025-04-09 22:00:00,,838.1412058764441
2025-04-09 23:00:00,,828.8319429120095
2025-04-10 00:00:00,,713.445986810552
2025-04-10 01:00:00,,846.4547213882915
2025-04-10 02:00:00,,921.3230627813408
2025-04-10 03:00:00,,973.2318789229945
2025-04-10 04:00:00,,1060.522221351957
2025-04-10 05:00:00,,1105.4866481237073
2025-04-10 06:00:00,,1100.0581211525882
2025-04-10 07:00:00,,1120.172284804594
2025-04-10 08:00:00,,1139.8399654783511
2025-04-10 09:00:00,,1116.7724956321456
2025-04-10 10:00:00,,745.8353135767177
2025-04-10 11:00:00,,739.1945966138935
2025-04-10 12:00:00,,748.2143230730156
2025-04-10 13:00:00,,747.8761407320887
2025-04-10 14:00:00,,768.9232010686437
2025-04-10 15:00:00,,832.1105102846936
2025-04-10 16:00:00,,895.902361976736
2025-04-10 17:00:00,,955.6037089305897
2025-04-10 18:00:00,,1593.144013954242
2025-04-10 19:00:00,,1741.8743424454258
2025-04-10 20:00:00,,2008.079440951121
2025-04-10 21:00:00,,2510.708285049517
2025-04-10 22:00:00,,2680.317016570087
2025-04-10 23:00:00,,2499.4138098944736
2025-04-11 00:00:00,,2277.130382401541
2025-04-11 01:00:00,,1936.355335898965
2025-04-11 02:00:00,,1745.437332989561
2025-04-11 03:00:00,,1621.911622725416
2025-04-11 04:00:00,,1534.8563395069546
2025-04-11 05:00:00,,1452.2052226312023
2025-04-11 06:00:00,,1383.3096713681443
2025-04-11 07:00:00,,1314.6423978667049
2025-04-11 08:00:00,,1261.3639897797461
2025-04-11 09:00:00,,1226.6180101550062
2025-04-11 10:00:00,,1182.6231073004526
2025-04-11 11:00:00,,1144.3834626344885
2025-04-11 12:00:00,,1112.53404235057
2025-04-11 13:00:00,,1068.421904832082
2025-04-11 14:00:00,,1042.1802352764553
2025-04-11 15:00:00,,1024.8674190829279
2025-04-11 16:00:00,,1021.8594631731246
2025-04-11 17:00:00,,1034.2362304030717
2025-04-11 18:00:00,,1094.2416814976787
2025-04-11 19:00:00,,1185.8795413191738
2025-04-11 20:00:00,,1278.4222630872096
2025-04-11 21:00:00,,1417.1640908987251
2025-04-11 22:00:00,,1470.6146216158324
2025-04-11 23:00:00,,1391.319149253525
2025-04-12 00:00:00,,1329.2489363430277
2025-04-12 01:00:00,,1278.693393860882
2025-04-12 02:00:00,,1236.3453181743469
2025-04-12 03:00:00,,1205.811555676662
2025-04-12 04:00:00,,1179.0872009492919
2025-04-12 05:00:00,,1160.6955454258778
2025-04-12 06:00:00,,1165.1501319109439
2025-04-12 07:00:00,,1170.5583039649846
2025-04-12 08:00:00,,1185.8906409324575
2025-04-12 09:00:00,,1272.793061686988
2025-04-12 10:00:00,,1335.332296078669
2025-04-12 11:00:00,,1422.7441423502842
2025-04-12 12:00:00,,1475.5775483587838
2025-04-12 13:00:00,,1432.1071821636565
2025-04-12 14:00:00,,1438.6008182750693
2025-04-12 15:00:00,,1440.9189484474207
2025-04-12 16:00:00,,1408.3425872962173
2025-04-12 17:00:00,,1361.2844822820146
2025-04-12 18:00:00,,1378.4688563779425
2025-04-12 19:00:00,,1389.7480571321823
2025-04-12 20:00:00,,1438.8566452067369
2025-04-12 21:00:00,,1414.9317651408621
2025-04-12 22:00:00,,1381.1577615844542
2025-04-12 23:00:00,,1349.550948714873
2025-04-13 00:00:00,,1301.4063934829633
2025-04-13 01:00:00,,1256.5998818798173
2025-04-13 02:00:00,,1224.4221905172212
2025-04-13 03:00:00,,1204.9573312161965
2025-04-13 04:00:00,,1183.8263779813522
2025-04-13 05:00:00,,1169.008234708684
2025-04-13 06:00:00,,1172.5074416847174
2025-04-13 07:00:00,,1155.5686550952855
2025-04-13 08:00:00,,1139.1365615260559
2025-04-13 09:00:00,,1133.1130960005437
2025-04-13 10:00:00,,1119.12000833603
2025-04-13 11:00:00,,1096.647296643116
2025-04-13 12:00:00,,1074.8768819293714
2025-04-13 13:00:00,,1048.1058484885264
2025-04-13 14:00:00,,1030.7840847281582
2025-04-13 15:00:00,,1019.7047108037326
2025-04-13 16:00:00,,1013.9443614098263
2025-04-13 17:00:00,,1006.0429326851025
2025-04-13 18:00:00,,1004.3026085903465
2025-04-13 19:00:00,,1002.4678565479159
2025-04-13 20:00:00,,997.8017773998549
2025-04-13 21:00:00,,982.8636005583675
2025-04-13 22:00:00,,974.091280239226
2025-04-13 23:00:00,,967.0339439944534
2025-04-14 00:00:00,,963.2725440704806
2025-04-14 01:00:00,,953.7008814529378
2025-04-14 02:00:00,,951.5835704396615
2025-04-14 03:00:00,,947.6483813924265
2025-04-14 04:00:00,,948.2586432258278
2025-04-14 05:00:00,,960.3824359158817
2025-04-14 06:00:00,,981.8433611669041
2025-04-14 07:00:00,,988.1565957490793
2025-04-14 08:00:00,,991.7664445894459
2025-04-14 09:00:00,,978.9815724983528
2025-04-14 10:00:00,,973.3869205084222
2025-04-14 11:00:00,,961.8777146637209
2025-04-14 12:00:00,,955.7713367463058
2025-04-14 13:00:00,,947.615199007488
2025-04-14 14:00:00,,937.5452003845306
2025-04-14 15:00:00,,930.0096435364968
2025-04-14 16:00:00,,920.2137232404922
2025-04-14 17:00:00,,913.9856334906425
2025-04-14 18:00:00,,910.5303288992064
2025-04-14 19:00:00,,896.2093646613614
2025-04-14 20:00:00,,890.0553184050879
2025-04-14 21:00:00,,884.0818380049544
2025-04-14 22:00:00,,879.3092929342439
2025-04-14 23:00:00,,873.2940571083702
2025-04-15 00:00:00,,866.0922416497153
2025-04-15 01:00:00,,858.463556135056
2025-04-15 02:00:00,,853.815675167236
2025-04-15 03:00:00,,846.3975567383984
2025-04-15 04:00:00,,840.9263370134488
2025-04-15 05:00:00,,836.8538439614595
2025-04-15 06:00:00,,832.6753383393917
2025-04-15 07:00:00,,829.0620641752595
2025-04-15 08:00:00,,824.857882306317
2025-04-15 09:00:00,,819.0836302370482
2025-04-15 10:00:00,,813.5687554400623
2025-04-15 11:00:00,,807.4333115465419
2025-04-15 12:00:00,,805.4957135286168
2025-04-15 13:00:00,,804.8636884471574
2025-04-15 14:00:00,,807.8759986855925
2025-04-15 15:00:00,,808.0424736944037
2025-04-15 16:00:00,,808.5259584190777
2025-04-15 17:00:00,,806.3157697293374
2025-04-15 18:00:00,,805.8523195066757
2025-04-15 19:00:00,,804.6357804086485
2025-04-15 20:00:00,,806.4720795355208
2025-04-15 21:00:00,,809.5048091537312
2025-04-15 22:00:00,,802.0737586525595
2025-04-15 23:00:00,,800.6722738221531
2025-04-16 00:00:00,,801.5918263692084
2025-04-16 01:00:00,,812.0730589810383
2025-04-16 02:00:00,,842.5432724960017
2025-04-16 03:00:00,,873.4028586627657
2025-04-16 04:00:00,,906.505739748534
2025-04-16 05:00:00,,1115.0056556636669
2025-04-16 06:00:00,,1116.2553890465654
2025-04-16 07:00:00,,1164.476258442549
2025-04-16 08:00:00,,1270.3110972275751
2025-04-16 09:00:00,,1209.3306317950614
2025-04-16 10:00:00,,1255.7942094168025
2025-04-16 11:00:00,,1301.6659339641249
2025-04-16 12:00:00,,1429.4679742924159
2025-04-16 13:00:00,,1523.6636678481034
2025-04-16 14:00:00,,1516.0341004974523
2025-04-16 15:00:00,,1645.31744067632
2025-04-16 16:00:00,,1569.8661346395606
2025-04-16 17:00:00,,1547.1085612017805
2025-04-16 18:00:00,,1672.3669412039453
2025-04-16 19:00:00,,1669.3826296419568
2025-04-16 20:00:00,,1567.364549896913
2025-04-16 21:00:00,,1528.623270871699
2025-04-16 22:00:00,,1472.604792762895
2025-04-16 23:00:00,,1543.2075786072353
2025-04-17 00:00:00,,1680.9833207136357
2025-04-17 01:00:00,,1967.4409676728758
2025-04-17 02:00:00,,2013.5263004662086
2025-04-17 03:00:00,,2275.304342366249
2025-04-17 04:00:00,,3185.382967286502
2025-04-17 05:00:00,,3531.9927328444887
2025-04-17 06:00:00,,3713.72392788962
2025-04-17 07:00:00,,4238.336080402875
2025-04-17 08:00:00,,4496.448367523435
2025-04-17 09:00:00,,4624.236374764411
2025-04-17 10:00:00,,5362.490211915588
2025-04-17 11:00:00,,5718.590285553672
2025-04-17 12:00:00,,6040.090932151331
2025-04-17 13:00:00,,5534.959175248244
2025-04-17 14:00:00,,5093.2239226286265
2025-04-17 15:00:00,,4710.497725582632
2025-04-17 16:00:00,,5473.739914403114
2025-04-17 17:00:00,,6026.358905897885
2025-04-17 18:00:00,,5846.292985787946
2025-04-17 19:00:00,,6941.974276154508
2025-04-17 20:00:00,,6145.573449925949
2025-04-17 21:00:00,,5241.055128417768
2025-04-17 22:00:00,,4726.626486939948
2025-04-17 23:00:00,,4466.957596318296
2025-04-18 00:00:00,,4132.408296171553
2025-04-18 01:00:00,,3961.255013251142
2025-04-18 02:00:00,,3709.4839884220974
2025-04-18 03:00:00,,3488.815144119382
2025-04-18 04:00:00,,3367.134916983516
2025-04-18 05:00:00,,3200.427271678889
2025-04-18 06:00:00,,3014.3516476583395
2025-04-18 07:00:00,,2895.5593504637886
2025-04-18 08:00:00,,2759.877757836143
2025-04-18 09:00:00,,2653.8647822078924
2025-04-18 10:00:00,,2575.266503460361
2025-04-18 11:00:00,,2473.2099572427637
2025-04-18 12:00:00,,2411.550271915997
2025-04-18 13:00:00,,2346.9365999352312
2025-04-18 14:00:00,,2292.4486079554777
2025-04-18 15:00:00,,2235.918027080511
2025-04-18 16:00:00,,2178.406101435414
2025-04-18 17:00:00,,2115.541858312902
2025-04-18 18:00:00,,2052.985286088305
2025-04-18 19:00:00,,1996.265939940663
2025-04-18 20:00:00,,1952.5611441220358
2025-04-18 21:00:00,,1912.823413247249
2025-04-18 22:00:00,,1865.8824717154976
2025-04-18 23:00:00,,1845.4395862102224
2025-04-19 00:00:00,,1797.5189238852058
2025-04-19 01:00:00,,1760.274754793891
2025-04-19 02:00:00,,1731.7515908031041
2025-04-19 03:00:00,,1697.334135990084
2025-04-19 04:00:00,,1667.762249093723
2025-04-19 05:00:00,,1642.3340093672305
2025-04-19 06:00:00,,1612.8782773263856
2025-04-19 07:00:00,,1592.6311982017185
2025-04-19 08:00:00,,1567.8589849706912
2025-04-19 09:00:00,,1537.528636640223
2025-04-19 10:00:00,,1508.1292536566564
2025-04-19 11:00:00,,1483.1768673848314
2025-04-19 12:00:00,,1460.4510943649823
2025-04-19 13:00:00,,1437.8688547572774
2025-04-19 14:00:00,,1420.7249887417472
2025-04-19 15:00:00,,1402.5436900887814
2025-04-19 16:00:00,,1379.0722724860077
2025-04-19 17:00:00,,1362.2719902957874
2025-04-19 18:00:00,,1337.3483651234344
2025-04-19 19:00:00,,1319.7662746624185
2025-04-19 20:00:00,,1305.988183110257
2025-04-19 21:00:00,,1289.1107336017858
2025-04-19 22:00:00,,1268.9714030308257
2025-04-19 23:00:00,,1248.8772462719462
2025-04-20 00:00:00,,1233.8457618781829
2025-04-20 01:00:00,,1217.0657677612803
2025-04-20 02:00:00,,1190.3130969227536
2025-04-20 03:00:00,,1182.0809583703892
2025-04-20 04:00:00,,1168.2597868302344
2025-04-20 05:00:00,,1153.142918321416
2025-04-20 06:00:00,,1138.811460483406
2025-04-20 07:00:00,,1125.6649581706567
2025-04-20 08:00:00,,1112.4574690690538
2025-04-20 09:00:00,,1100.550766604743
2025-04-20 10:00:00,,1106.8109615051687
2025-04-20 11:00:00,,1151.1691836247558
2025-04-20 12:00:00,,1211.9269321568838
2025-04-20 13:00:00,,1357.2207369306118
2025-04-20 14:00:00,,1708.3523206220627
2025-04-20 15:00:00,,2565.087955907937
2025-04-20 16:00:00,,4040.454000081104
2025-04-20 17:00:00,,3867.833421268063
2025-04-20 18:00:00,,3468.103608751061
2025-04-20 19:00:00,,3839.949343217096
2025-04-20 20:00:00,,4232.164238741712
2025-04-20 21:00:00,,4069.576079151923
2025-04-20 22:00:00,,3951.073290767855
2025-04-20 23:00:00,,3564.293834834785
2025-04-21 00:00:00,,3334.990710307588
2025-04-21 01:00:00,,3232.153499150989
2025-04-21 02:00:00,,3004.8077710262796
2025-04-21 03:00:00,,2805.290488916918
2025-04-21 04:00:00,,2631.8772516433796
2025-04-21 05:00:00,,2495.5500402190523
2025-04-21 06:00:00,,2378.206061305231
2025-04-21 07:00:00,,2276.5817270736325
2025-04-21 08:00:00,,2188.045538564564
2025-04-21 09:00:00,,2117.7460712311376
2025-04-21 10:00:00,,2050.018044482864
2025-04-21 11:00:00,,1971.2704101130894
2025-04-21 12:00:00,,1927.3235040714549
2025-04-21 13:00:00,,1871.7552151600307
2025-04-21 14:00:00,,1821.5756028802439
2025-04-21 15:00:00,,1786.9255194401217
2025-04-21 16:00:00,,1746.304854878262
2025-04-21 17:00:00,,1705.398127107966
2025-04-21 18:00:00,,1668.3101460150235
2025-04-21 19:00:00,,1638.9353782635976
2025-04-21 20:00:00,,1607.692000898023
2025-04-21 21:00:00,,1580.311496139052
2025-04-21 22:00:00,,1572.4472640813685
2025-04-21 23:00:00,,1538.9138567180044
2025-04-22 00:00:00,,1502.9670635448215
2025-04-22 01:00:00,,1473.3332445612007
2025-04-22 02:00:00,,1451.6487495092454
2025-04-22 03:00:00,,1431.86947823151
2025-04-22 04:00:00,,1407.585729495167
2025-04-22 05:00:00,,1389.2472583404442
2025-04-22 06:00:00,,1388.727698097371
2025-04-22 07:00:00,,1401.9368007223004
2025-04-22 08:00:00,,1414.9904998077143
2025-04-22 09:00:00,,1578.3692954576557
2025-04-22 10:00:00,,1790.0610467648999
2025-04-22 11:00:00,,1730.660833055741
2025-04-22 12:00:00,,1677.509109720004
2025-04-22 13:00:00,,1633.678479595499
2025-04-22 14:00:00,,1605.1625050007228
2025-04-22 15:00:00,,1574.5447520517946
2025-04-22 16:00:00,,1567.3015143233106
2025-04-22 17:00:00,,1584.35048000137
2025-04-22 18:00:00,,1644.4696808273982
2025-04-22 19:00:00,,1669.4256322627373
2025-04-22 20:00:00,,1663.5602883767287
2025-04-22 21:00:00,,1691.040485349911
2025-04-22 22:00:00,,1796.468392863792
2025-04-22 23:00:00,,1867.220019051021
2025-04-23 00:00:00,,1977.3430845830494
2025-04-23 01:00:00,,2060.786134958708
2025-04-23 02:00:00,,2054.047740111965
2025-04-23 03:00:00,,1983.0404190019815
2025-04-23 04:00:00,,1909.2245224785418
2025-04-23 05:00:00,,1857.3339690317923
2025-04-23 06:00:00,,1794.2521509762496
2025-04-23 07:00:00,,1740.0340067505335
2025-04-23 08:00:00,,1697.2123537761925
2025-04-23 09:00:00,,1654.9569556924573
2025-04-23 10:00:00,,1617.1478142585443
2025-04-23 11:00:00,,1592.4318241224285
2025-04-23 12:00:00,,1557.191001386272
2025-04-23 13:00:00,,1526.5754192358752
2025-04-23 14:00:00,,1499.0434678389302
2025-04-23 15:00:00,,1468.4940928223289
2025-04-23 16:00:00,,1454.1546270667354
2025-04-23 17:00:00,,1430.8701534925276
2025-04-23 18:00:00,,1408.651312748466
2025-04-23 19:00:00,,1382.0021085388064
2025-04-23 20:00:00,,1362.7193831350783
2025-04-23 21:00:00,,1335.5969416270518
2025-04-23 22:00:00,,1319.5050777749498
2025-04-23 23:00:00,,1310.7260163115402
2025-04-24 00:00:00,,1294.3073098096156
2025-04-24 01:00:00,,1277.0127809763062
2025-04-24 02:00:00,,1260.7418272078532
2025-04-24 03:00:00,,1242.5300912258294
2025-04-24 04:00:00,,1230.789655535303
2025-04-24 05:00:00,,1205.0793893463479
2025-04-24 06:00:00,,1195.781293403298
2025-04-24 07:00:00,,1186.0238708255902
2025-04-24 08:00:00,,1169.2899276063833
2025-04-24 09:00:00,,1155.0502596764302
2025-04-24 10:00:00,,1141.7910683085279
2025-04-24 11:00:00,,1126.4412470853042
2025-04-24 12:00:00,,1116.7487945980129
2025-04-24 13:00:00,,1096.8436163898284
2025-04-24 14:00:00,,1078.8264294094577
2025-04-24 15:00:00,,1080.8368304474952
2025-04-24 16:00:00,,1108.0635613753418
2025-04-24 17:00:00,,1129.5967655342956
2025-04-24 18:00:00,,1175.0427851810136
2025-04-24 19:00:00,,1289.0607847575745
2025-04-24 20:00:00,,1781.6456882011155
2025-04-24 21:00:00,,2739.9419365665667
2025-04-24 22:00:00,,3805.866971797706
2025-04-24 23:00:00,,4832.241160654644
2025-04-25 00:00:00,,5834.333527738307
2025-04-25 01:00:00,,6069.604915544334
2025-04-25 02:00:00,,5250.8429140513
2025-04-25 03:00:00,,4658.994239405156
2025-04-25 04:00:00,,4353.2906091700615
2025-04-25 05:00:00,,4073.3036085900526
2025-04-25 06:00:00,,3790.6361664069586
2025-04-25 07:00:00,,3509.5306962199047
2025-04-25 08:00:00,,3293.5810745758995
2025-04-25 09:00:00,,3097.8483964482953
2025-04-25 10:00:00,,2954.538133267204
2025-04-25 11:00:00,,2830.1967068232457
2025-04-25 12:00:00,,2742.3247742975827
2025-04-25 13:00:00,,2654.2462045832826
2025-04-25 14:00:00,,2606.6199247299755
2025-04-25 15:00:00,,2642.752073790841
2025-04-25 16:00:00,,2639.4580967712614
2025-04-25 17:00:00,,2599.1254084226184
2025-04-25 18:00:00,,2544.856648709604
2025-04-25 19:00:00,,2473.192413215304
2025-04-25 20:00:00,,2413.864391589184
2025-04-25 21:00:00,,2379.580843906254
2025-04-25 22:00:00,,2330.884553479321
2025-04-25 23:00:00,,2342.477804234331
2025-04-26 00:00:00,,2327.958242225382
2025-04-26 01:00:00,,2318.984158376193
2025-04-26 02:00:00,,2386.299403666753
2025-04-26 03:00:00,,2484.107224270155
2025-04-26 04:00:00,,2684.0583893744
2025-04-26 05:00:00,,2853.3282453598194
2025-04-26 06:00:00,,3045.2355787001134
2025-04-26 07:00:00,,3224.3170080056493
2025-04-26 08:00:00,,3758.8136404981924
2025-04-26 09:00:00,,3879.6398395166834
2025-04-26 10:00:00,,3665.4213665286347
2025-04-26 11:00:00,,3411.0920570710805
2025-04-26 12:00:00,,3242.8824213901466
2025-04-26 13:00:00,,3125.8175377414955
2025-04-26 14:00:00,,3024.9102635810154
2025-04-26 15:00:00,,2955.901842001874
2025-04-26 16:00:00,,3033.653360630799
2025-04-26 17:00:00,,3129.782089435077
2025-04-26 18:00:00,,3106.3189621007405
2025-04-26 19:00:00,,2958.8109728064983
2025-04-26 20:00:00,,2857.534897319527
2025-04-26 21:00:00,,2713.779876659649
2025-04-26 22:00:00,,2582.3464645700815
2025-04-26 23:00:00,,2484.1651958293246
2025-04-27 00:00:00,,2430.523595595116
2025-04-27 01:00:00,,2400.208145979749
2025-04-27 02:00:00,,2452.207006185709
2025-04-27 03:00:00,,2541.1899265329052
2025-04-27 04:00:00,,2587.108756196402
2025-04-27 05:00:00,,2634.570068324351
2025-04-27 06:00:00,,2706.996962863158
2025-04-27 07:00:00,,2723.9342187254506
2025-04-27 08:00:00,,2703.3794812785454
2025-04-27 09:00:00,,2673.33077792159
2025-04-27 10:00:00,,2598.631387034428
2025-04-27 11:00:00,,2533.2898119170113
2025-04-27 12:00:00,,2471.113090214607
2025-04-27 13:00:00,,2431.782912954482
2025-04-27 14:00:00,,2394.7077614621603
2025-04-27 15:00:00,,2409.6695761468964
2025-04-27 16:00:00,,2453.743967557825
2025-04-27 17:00:00,,2484.952941035067
2025-04-27 18:00:00,,2440.358450502642
2025-04-27 19:00:00,,2428.183456168362
2025-04-27 20:00:00,,2351.9623515708763
2025-04-27 21:00:00,,2276.5144122192705
2025-04-27 22:00:00,,2207.6534224482325
2025-04-27 23:00:00,,2141.149969803576
2025-04-28 00:00:00,,2100.880724290999
2025-04-28 01:00:00,,2080.352779690799
2025-04-28 02:00:00,,2017.8837674036863
2025-04-28 03:00:00,,1980.222974701224
2025-04-28 04:00:00,,1943.7311830849337
2025-04-28 05:00:00,,1906.8863578465546
2025-04-28 06:00:00,,1869.9411985939284
2025-04-28 07:00:00,,1838.8515220666761
2025-04-28 08:00:00,,1798.4469239474604
2025-04-28 09:00:00,,1758.1514635713788
2025-04-28 10:00:00,,1724.7684722766614
2025-04-28 11:00:00,,1688.9218951303458
2025-04-28 12:00:00,,1661.843972479242
2025-04-28 13:00:00,,1641.7317683370713
2025-04-28 14:00:00,,1620.2603645596002
2025-04-28 15:00:00,,1609.2028844545246
2025-04-28 16:00:00,,1577.3325910029334
2025-04-28 17:00:00,,1555.5694527109094
2025-04-28 18:00:00,,1540.2878249774224
2025-04-28 19:00:00,,1517.1091620432392
2025-04-28 20:00:00,,1498.2600826048988
2025-04-28 21:00:00,,1476.2403723292518
2025-04-28 22:00:00,,1450.0235325699464
2025-04-28 23:00:00,,1433.5554433084505
2025-04-29 00:00:00,,1418.4920338643576
2025-04-29 01:00:00,,1404.2744551188619
2025-04-29 02:00:00,,1385.4845537598246
2025-04-29 03:00:00,,1373.7319811279676
2025-04-29 04:00:00,,1369.3623611640003
2025-04-29 05:00:00,,1360.3364937629065
2025-04-29 06:00:00,,1341.2975573735937
2025-04-29 07:00:00,,1329.0981165943144
2025-04-29 08:00:00,,1327.3710270868005
2025-04-29 09:00:00,,1309.6897249759375
2025-04-29 10:00:00,,1304.9407982445634
2025-04-29 11:00:00,,1286.9988672162551
2025-04-29 12:00:00,,1278.548577539141
2025-04-29 13:00:00,,1268.908454198919
2025-04-29 14:00:00,,1254.013622980876
2025-04-29 15:00:00,,1242.5765588743611
2025-04-29 16:00:00,,1241.255108197135
2025-04-29 17:00:00,,1237.1305523487456
2025-04-29 18:00:00,,1229.3997251624764
2025-04-29 19:00:00,,1214.9127158247484
2025-04-29 20:00:00,,1197.7716810481256
2025-04-29 21:00:00,,1184.4402917111206
2025-04-29 22:00:00,,1166.0592308091375
2025-04-29 23:00:00,,1148.5286079351952
2025-04-30 00:00:00,,1142.156057538407
2025-04-30 01:00:00,,1115.0545486987626
2025-04-30 02:00:00,,1105.8393592861935
2025-04-30 03:00:00,,1092.3302105321948
2025-04-30 04:00:00,,1087.4642138419633
2025-04-30 05:00:00,,1067.6927774858434
2025-04-30 06:00:00,,1059.4995172681802
2025-04-30 07:00:00,,1045.7323142399791
2025-04-30 08:00:00,,1039.213444533347
2025-04-30 15:00:00,,977.9225459620787
2025-04-30 16:00:00,,974.6934371024579
2025-04-30 17:00:00,,967.5152424259078
2025-04-30 18:00:00,,963.4312210364127
2025-04-30 19:00:00,,957.029269859896
2025-04-30 20:00:00,,952.4268335641362
2025-04-30 21:00:00,,947.9549656539864
2025-04-30 22:00:00,,950.1771403684355
2025-04-30 23:00:00,,968.3225911371983
2025-05-01 00:00:00,,1000.4604287458801
2025-05-01 01:00:00,,1098.0321365516834
2025-05-01 02:00:00,,1182.0014723697504
2025-05-01 03:00:00,,1168.8030195337633
2025-05-01 04:00:00,,1115.655357387064
2025-05-01 05:00:00,,1104.2599298357811
2025-05-01 06:00:00,,1162.2623963505207
2025-05-01 07:00:00,,1359.378283242673
2025-05-01 08:00:00,,1602.0784176668844
2025-05-01 09:00:00,,2221.333003736525
2025-05-01 10:00:00,,2560.77489616728
2025-05-01 11:00:00,,2411.85521668188
2025-05-01 12:00:00,,2190.252321419912
2025-05-01 13:00:00,,2069.562763053738
2025-05-01 14:00:00,,1942.4519309590046
2025-05-01 15:00:00,,1899.6171084606588
2025-05-01 16:00:00,,2179.9459722991237
2025-05-01 17:00:00,,3056.09659972315
2025-05-01 18:00:00,,3014.3284338568933
2025-05-01 19:00:00,,3296.5462566191454
2025-05-01 20:00:00,,3784.62808258464
2025-05-01 21:00:00,,4167.91244290635
2025-05-01 22:00:00,,4424.819155762358
2025-05-01 23:00:00,,4133.027828066559
2025-05-02 00:00:00,,3630.5958969462204
2025-05-02 01:00:00,,3348.414521418243
2025-05-02 02:00:00,,3173.339028340648
2025-05-02 03:00:00,,2952.216211929623
2025-05-02 04:00:00,,2881.7414840804886
2025-05-02 05:00:00,,2876.603564781591
2025-05-02 06:00:00,,3099.2234968461116
2025-05-02 07:00:00,,3231.920915620322
2025-05-02 08:00:00,,3203.9148800748912
2025-05-02 09:00:00,,2987.321634370463
2025-05-02 10:00:00,,2752.0031929566585
2025-05-02 11:00:00,,2597.938212833984
2025-05-02 12:00:00,,2480.9156314140005
2025-05-02 13:00:00,,2411.411383700935
2025-05-02 14:00:00,,2363.6253837605664
2025-05-02 15:00:00,,2358.1653701343375
2025-05-02 16:00:00,,2428.0192837136196
2025-05-02 17:00:00,,2460.206925983638
2025-05-02 18:00:00,,2445.6359060028763
2025-05-02 19:00:00,,2378.7909199657565
2025-05-02 20:00:00,,2289.24979860786
2025-05-02 21:00:00,,2257.059339993856
2025-05-02 22:00:00,,2433.527634753199
2025-05-02 23:00:00,,2819.5480622829637
2025-05-03 00:00:00,,4718.0766873954435
2025-05-03 01:00:00,,5717.756924425148
2025-05-03 02:00:00,,5592.10912004546
2025-05-03 03:00:00,,5198.592235186422
2025-05-03 04:00:00,,4624.082089148772
2025-05-03 05:00:00,,4225.803019835953
2025-05-03 06:00:00,,3853.929733581991
2025-05-03 07:00:00,,3564.769078166533
2025-05-03 08:00:00,,3324.1680365400257
2025-05-03 09:00:00,,3118.1841387870436
2025-05-03 10:00:00,,2923.4344729054005
2025-05-03 11:00:00,,2807.9283269351045
2025-05-03 12:00:00,,2653.9552811716644
2025-05-03 13:00:00,,2548.6670484742313
2025-05-03 14:00:00,,2441.9596825079557
2025-05-03 15:00:00,,2352.893554332873
2025-05-03 16:00:00,,2282.1105843880378
2025-05-03 17:00:00,,2204.4702352938807
2025-05-03 18:00:00,,2146.8108517389724
2025-05-03 19:00:00,,2076.254184462481
2025-05-03 20:00:00,,2021.119928156067
2025-05-03 21:00:00,,1964.6794788776647
2025-05-03 22:00:00,,1923.9113182138176
2025-05-03 23:00:00,,1885.3099766882992
2025-05-04 00:00:00,,1846.8787311663477
2025-05-04 01:00:00,,1803.6096788477219
2025-05-04 02:00:00,,1764.5057604262463
2025-05-04 03:00:00,,1727.2541323653575
2025-05-04 04:00:00,,1704.9272346100165
2025-05-04 05:00:00,,1664.5498793112056
2025-05-04 06:00:00,,1633.2107833347998
2025-05-04 07:00:00,,1590.4751651273232
2025-05-04 08:00:00,,1559.9982923663438
2025-05-04 09:00:00,,1538.6174286575888
2025-05-04 10:00:00,,1515.3880556384138
2025-05-04 11:00:00,,1495.2643947319057
2025-05-04 12:00:00,,1482.0168376844133
2025-05-04 13:00:00,,1463.923275077919
2025-05-04 14:00:00,,1467.3918898349984
2025-05-04 15:00:00,,1469.6108530647457
2025-05-04 16:00:00,,1493.9636698598788
2025-05-04 17:00:00,,1530.5790518543863
2025-05-04 18:00:00,,1599.7797440356003
2025-05-04 19:00:00,,1682.5298217257248
2025-05-04 20:00:00,,1758.79056927982
2025-05-04 21:00:00,,1805.332743867439
2025-05-04 22:00:00,,1803.3278661227585
2025-05-04 23:00:00,,1784.8274439688228
2025-05-05 00:00:00,,1776.2530163628683
2025-05-05 01:00:00,,1797.198596658533
2025-05-05 02:00:00,,1786.6774929447986
2025-05-05 03:00:00,,1765.0710623768828
2025-05-05 04:00:00,,1817.1508867451232
2025-05-05 05:00:00,,1924.7754041811868
2025-05-05 06:00:00,,2193.795680432312
2025-05-05 07:00:00,,2350.6009745122424
2025-05-05 08:00:00,,2368.746651308949
2025-05-05 09:00:00,,2370.66959494929
2025-05-05 10:00:00,,2419.8927194115317
2025-05-05 11:00:00,,2357.5410656112563
2025-05-05 12:00:00,,2332.542974134412
2025-05-05 13:00:00,,2384.44125985518
2025-05-05 14:00:00,,2474.684977612144
2025-05-05 15:00:00,,2520.727618057559
2025-05-05 16:00:00,,2587.496246466689
2025-05-05 17:00:00,,2725.404708951025
2025-05-05 18:00:00,,3417.207289547538
2025-05-05 19:00:00,,5058.656976704263
2025-05-05 20:00:00,,4947.872126710757
2025-05-05 21:00:00,,6964.209132366444
2025-05-05 22:00:00,,9961.955169977851
2025-05-05 23:00:00,,10699.138577182539
2025-05-06 00:00:00,,11153.530341833197
2025-05-06 01:00:00,,9684.430837806736
2025-05-06 02:00:00,,8308.976307245479
2025-05-06 03:00:00,,7284.19898152511
2025-05-06 04:00:00,,6647.536218306642
2025-05-06 05:00:00,,6145.727480294013
2025-05-06 06:00:00,,5578.332464849099
2025-05-06 07:00:00,,5272.441242827985
2025-05-06 08:00:00,,5106.458097516429
2025-05-06 09:00:00,,5056.919422402182
2025-05-06 10:00:00,,5031.871975403707
2025-05-06 11:00:00,,4877.605134712859
2025-05-06 12:00:00,,4728.458193922765
2025-05-06 13:00:00,,4580.693092053159
2025-05-06 14:00:00,,4453.477422132357
2025-05-06 15:00:00,,4594.361966446642
2025-05-06 16:00:00,,5163.5142177316075
2025-05-06 17:00:00,,6196.304869268393
2025-05-06 18:00:00,,6775.463046248152
2025-05-06 19:00:00,,6536.05645859937
2025-05-06 20:00:00,,6077.075367730888
2025-05-06 21:00:00,,5736.323533890869
2025-05-06 22:00:00,,5475.093375350811
2025-05-06 23:00:00,,5262.553634033185
2025-05-07 00:00:00,,5098.87821601488
2025-05-07 01:00:00,,4960.83145403545
2025-05-07 02:00:00,,4894.3062793101835
2025-05-07 03:00:00,,4908.863358352706
2025-05-07 04:00:00,,5096.198640397061
2025-05-07 05:00:00,,5960.091653214876
2025-05-07 06:00:00,,6391.529358555251
2025-05-07 07:00:00,,6421.622749426892
2025-05-07 08:00:00,,6405.192210139392
2025-05-07 09:00:00,,6189.753881806446
2025-05-07 10:00:00,,5873.5645857873615
2025-05-07 11:00:00,,5415.699045999535
2025-05-07 12:00:00,,5072.076615445904
2025-05-07 13:00:00,,4941.618662551865
2025-05-07 14:00:00,,4934.905529297254
2025-05-07 15:00:00,,4869.385964987556
2025-05-07 16:00:00,,4610.32335573448
2025-05-07 17:00:00,,4363.932409980614
2025-05-07 18:00:00,,4172.752577222596
2025-05-07 19:00:00,,4017.3515256697096
2025-05-07 20:00:00,,3834.449456945103
2025-05-07 21:00:00,,3709.817626384927
2025-05-07 22:00:00,,3822.6811757872833
2025-05-07 23:00:00,,3908.9748758117485
2025-05-08 00:00:00,,3847.662421822074
2025-05-08 01:00:00,,3697.414111856736
2025-05-08 02:00:00,,3549.186044795614
2025-05-08 03:00:00,,3452.2255485815863
2025-05-08 04:00:00,,3328.744449117359
2025-05-08 05:00:00,,3219.0462251469953
2025-05-08 06:00:00,,3107.88170474316
2025-05-08 07:00:00,,3017.4374378901393
2025-05-08 08:00:00,,2920.4363625653828
2025-05-08 09:00:00,,2834.2753489045485
2025-05-08 10:00:00,,2766.678041592344
2025-05-08 11:00:00,,2695.36522830631
2025-05-08 12:00:00,,2623.5160859483285
2025-05-08 13:00:00,,2567.9789647501802
2025-05-08 14:00:00,,2506.574251206534
2025-05-08 15:00:00,,2463.0591516113764
2025-05-08 16:00:00,,2457.81914594028
2025-05-08 17:00:00,,2433.5479205918286
2025-05-08 18:00:00,,2441.7509145929066
2025-05-08 19:00:00,,2502.6341935941764
2025-05-08 20:00:00,,2558.002176444248
2025-05-08 21:00:00,,2758.143920233252
2025-05-08 22:00:00,,2895.960543795281
2025-05-08 23:00:00,,3172.7972787742056
2025-05-09 00:00:00,,3572.4653166874505
2025-05-09 01:00:00,,3408.832019116248
2025-05-09 02:00:00,,3167.717238622702
2025-05-09 03:00:00,,3019.1377278437876
2025-05-09 04:00:00,,2925.5200992465184
2025-05-09 05:00:00,,2856.4554596749936
2025-05-09 06:00:00,,2758.992496807175
2025-05-09 07:00:00,,2660.747289991398
2025-05-09 08:00:00,,2589.878834614936
2025-05-09 09:00:00,,2498.1796506959254
2025-05-09 10:00:00,,2442.7312518844606
2025-05-09 11:00:00,,2371.3076746619317
2025-05-09 12:00:00,,2316.0562793696454
2025-05-09 13:00:00,,2250.237701205199
2025-05-09 14:00:00,,2235.084008376682
2025-05-09 15:00:00,,2226.654243806465
2025-05-09 16:00:00,,2231.4724222194845
2025-05-09 17:00:00,,2271.02184930132
2025-05-09 18:00:00,,2361.91074606392
2025-05-09 19:00:00,,2585.0153561934003
2025-05-09 20:00:00,,3105.823166745991
2025-05-09 21:00:00,,3501.8364156630523
2025-05-09 22:00:00,,3980.9646453008468
2025-05-09 23:00:00,,4303.9533466183475
2025-05-10 00:00:00,,4436.725449771261
2025-05-10 01:00:00,,4552.700792026256
2025-05-10 02:00:00,,4677.850192555831
2025-05-10 03:00:00,,5863.632273861475
2025-05-10 04:00:00,,8358.672985681971
2025-05-10 05:00:00,,8405.809965802771
2025-05-10 06:00:00,,7895.56465068426
2025-05-10 07:00:00,,7252.020338665857
2025-05-10 08:00:00,,6585.001442534147
2025-05-10 09:00:00,,6117.141033906734
2025-05-10 10:00:00,,5715.324076470833
2025-05-10 11:00:00,,5280.526760318904
2025-05-10 12:00:00,,4941.57074912025
2025-05-10 13:00:00,,4842.1117605482605
2025-05-10 14:00:00,,4780.893901696781
2025-05-10 15:00:00,,4897.668293911216
2025-05-10 16:00:00,,5118.168425759113
2025-05-10 17:00:00,,5153.20449300025
2025-05-10 18:00:00,,4795.511043433964
2025-05-10 19:00:00,,4591.000747602336
2025-05-10 20:00:00,,4366.713562893022
2025-05-10 21:00:00,,4187.928838655133
2025-05-10 22:00:00,,4060.051026097852
2025-05-10 23:00:00,,3939.1655304621954
2025-05-11 00:00:00,,3805.4086858542923
2025-05-11 01:00:00,,3663.1299283649496
2025-05-11 02:00:00,,3583.787959207282
2025-05-11 03:00:00,,3530.1564643159636
2025-05-11 04:00:00,,3457.659887090403
2025-05-11 05:00:00,,3349.518059381643
2025-05-11 06:00:00,,3325.973012344398
2025-05-11 07:00:00,,3291.2075259081084
2025-05-11 08:00:00,,3186.841164442773
2025-05-11 09:00:00,,3169.7765150335476
2025-05-11 10:00:00,,3171.051024271476
2025-05-11 11:00:00,,3131.4868646733066
2025-05-11 12:00:00,,3049.7155579337996
2025-05-11 13:00:00,,2937.1659101660707
2025-05-11 14:00:00,,2838.345152713681
2025-05-11 15:00:00,,2737.244991590522
2025-05-11 16:00:00,,2654.087263069825
2025-05-11 17:00:00,,2576.7304687490873
2025-05-11 18:00:00,,2496.4305246786457
2025-05-11 19:00:00,,2446.1551108930125
2025-05-11 20:00:00,,2376.5128218381933
2025-05-11 21:00:00,,2328.9572592790096
2025-05-11 22:00:00,,2280.4564323224113
2025-05-11 23:00:00,,2238.4109470608737
2025-05-12 00:00:00,,2190.020158986458
2025-05-12 01:00:00,,2144.8730772155236
2025-05-12 02:00:00,,2111.8792415647436
2025-05-12 03:00:00,,2079.824351302507
2025-05-12 04:00:00,,2076.646475241437
2025-05-12 05:00:00,,2086.2352179993654
2025-05-12 06:00:00,,2106.3910751112044
2025-05-12 07:00:00,,2157.3578253018577
2025-05-12 08:00:00,,2227.448315767563
2025-05-12 09:00:00,,2321.309161414867
2025-05-12 10:00:00,,2455.375793531979
2025-05-12 11:00:00,,2526.3759975454313
2025-05-12 12:00:00,,2993.133498907358
2025-05-12 13:00:00,,6308.460477039079
2025-05-12 14:00:00,,9076.370258496512
2025-05-12 15:00:00,,9788.115119327005
2025-05-12 16:00:00,,10288.635955295471
2025-05-12 17:00:00,,9468.271495934678
2025-05-12 18:00:00,,8730.23476522708
2025-05-12 19:00:00,,7712.50441724099
2025-05-12 20:00:00,,6871.775006927762
2025-05-12 21:00:00,,6251.777499150595
2025-05-12 22:00:00,,5746.828550118803
2025-05-12 23:00:00,,5442.381418996208
2025-05-13 00:00:00,,5149.080489585703
2025-05-13 01:00:00,,4956.236839301744
2025-05-13 02:00:00,,4793.099308673052
2025-05-13 03:00:00,,4677.052919124506
2025-05-13 04:00:00,,4525.095338220767
2025-05-13 05:00:00,,4365.268781945519
2025-05-13 06:00:00,,4214.875738990713
2025-05-13 07:00:00,,4083.4116642756558
2025-05-13 08:00:00,,3961.1574326582395
2025-05-13 09:00:00,,3812.92214055608
2025-05-13 10:00:00,,3727.694706819827
2025-05-13 11:00:00,,3602.9480646146385
2025-05-13 12:00:00,,3512.4084986301395
2025-05-13 13:00:00,,3182.9471321069545
2025-05-13 14:00:00,,2214.3958591454134
2025-05-13 15:00:00,,2185.0492002115975
2025-05-13 16:00:00,,2250.755461316778
2025-05-13 17:00:00,,2525.258888075391
2025-05-13 18:00:00,,3599.376607981708
2025-05-13 19:00:00,,5752.322919848103
2025-05-13 20:00:00,,6748.362278552724
2025-05-13 21:00:00,,5925.440217109448
2025-05-13 22:00:00,,5316.603898292751
2025-05-13 23:00:00,,5587.271608058632
2025-05-14 00:00:00,,5555.527322613669
2025-05-14 01:00:00,,5502.585118582927
2025-05-14 02:00:00,,5478.366420746653
2025-05-14 03:00:00,,5319.549542714746
2025-05-14 04:00:00,,5007.367544023405
2025-05-14 05:00:00,,4682.914781400339
2025-05-14 06:00:00,,4426.838339814614
2025-05-14 07:00:00,,4169.303260400118
2025-05-14 08:00:00,,3948.1323434995065
2025-05-14 09:00:00,,3731.8530597252316
2025-05-14 10:00:00,,3566.7275631859256
2025-05-14 11:00:00,,3402.4406076407513
2025-05-14 12:00:00,,3248.1443913670896
2025-05-14 13:00:00,,3115.120033529693
2025-05-14 14:00:00,,3008.965267709443
2025-05-14 15:00:00,,2912.8926991658855
2025-05-14 16:00:00,,2849.1585520665058
2025-05-14 17:00:00,,2804.4228242390245
2025-05-14 18:00:00,,2811.414565226208
2025-05-14 19:00:00,,2841.5632428529316
2025-05-14 20:00:00,,2922.5542270457227
2025-05-14 21:00:00,,2960.963012984754
2025-05-14 22:00:00,,3003.9688034554943
2025-05-14 23:00:00,,3255.6858238750606
2025-05-15 00:00:00,,3792.7372917072616
2025-05-15 01:00:00,,4846.73867569785
2025-05-15 02:00:00,,5973.3703473114265
2025-05-15 03:00:00,,7011.833158954976
2025-05-15 04:00:00,,5755.621050760656
2025-05-15 05:00:00,,4872.903701202962
2025-05-15 06:00:00,,4447.244332488358
2025-05-15 07:00:00,,4357.2636751650225
2025-05-15 08:00:00,,4098.8615316508285
2025-05-15 09:00:00,,3852.0862639666057
2025-05-15 10:00:00,,3646.846155704863
2025-05-15 11:00:00,,3440.061511604524
2025-05-15 12:00:00,,3249.3211638181256
2025-05-15 13:00:00,,3138.7172746014044
2025-05-15 14:00:00,,3000.389081936943
2025-05-15 15:00:00,,2903.0670538621143
2025-05-15 16:00:00,,2822.4436047885256
2025-05-15 17:00:00,,2741.435804695133
2025-05-15 18:00:00,,2664.9916032841234
2025-05-15 19:00:00,,2574.6387714223147
2025-05-15 20:00:00,,2516.669868309929
2025-05-15 21:00:00,,2477.0090415472546
2025-05-15 22:00:00,,2419.726681467388
2025-05-15 23:00:00,,2342.260268982018
2025-05-16 00:00:00,,2266.0140520634677
2025-05-16 01:00:00,,2204.5636510954328
2025-05-16 02:00:00,,2153.2822074248124
2025-05-16 03:00:00,,2111.0719577263626
2025-05-16 04:00:00,,2071.469309327626
2025-05-16 05:00:00,,2038.0235185404003
2025-05-16 06:00:00,,1977.6656727889867
2025-05-16 07:00:00,,1959.6219832696693
2025-05-16 08:00:00,,1915.630442719546
2025-05-16 09:00:00,,1875.3573862049218
2025-05-16 10:00:00,,1842.437799855786
2025-05-16 11:00:00,,1800.0251342879726
2025-05-16 12:00:00,,1774.660416646604
2025-05-16 13:00:00,,1743.8708674969191
2025-05-16 14:00:00,,1718.8734217259741
2025-05-16 15:00:00,,1703.464572347694
2025-05-16 16:00:00,,1729.134375814763
2025-05-16 17:00:00,,1836.0100899539405
2025-05-16 18:00:00,,2003.9569772205648
2025-05-16 19:00:00,,2491.3157049283923
2025-05-16 20:00:00,,3879.8955389417056
2025-05-16 21:00:00,,4523.072757813095
2025-05-16 22:00:00,,4844.911375210006
2025-05-16 23:00:00,,4843.8177466820525
2025-05-17 00:00:00,,4965.396326394399
2025-05-17 01:00:00,,4923.031300625403
2025-05-17 02:00:00,,5151.472380978314
2025-05-17 03:00:00,,5953.22726602824
2025-05-17 04:00:00,,7696.2560508983515
2025-05-17 05:00:00,,8529.068934599767
2025-05-17 06:00:00,,8580.092026783213
2025-05-17 07:00:00,,7712.163899547665
2025-05-17 08:00:00,,6848.452788485829
2025-05-17 09:00:00,,6203.297793927584
2025-05-17 10:00:00,,5650.805529639024
2025-05-17 11:00:00,,5218.170240759638
2025-05-17 12:00:00,,4772.669464066647
2025-05-17 13:00:00,,4424.70283773079
2025-05-17 14:00:00,,4187.851896835818
2025-05-17 15:00:00,,3982.696811887519
2025-05-17 16:00:00,,3779.8431368619626
2025-05-17 17:00:00,,3582.8620452027485
2025-05-17 18:00:00,,3490.4326078373106
2025-05-17 19:00:00,,3374.3064426943733
2025-05-17 20:00:00,,3258.9533739508342
2025-05-17 21:00:00,,3117.4082673882735
2025-05-17 22:00:00,,2992.29444207591
2025-05-17 23:00:00,,2909.4623747298497
2025-05-18 00:00:00,,2840.004045472104
2025-05-18 01:00:00,,2779.9221475648824
2025-05-18 02:00:00,,2734.7688915145736
2025-05-18 03:00:00,,2654.392813211849
2025-05-18 04:00:00,,2592.8177284598123
2025-05-18 05:00:00,,2521.821528208762
2025-05-18 06:00:00,,2483.0664479654756
2025-05-18 07:00:00,,2418.5557499441393
2025-05-18 08:00:00,,2354.4694720959105
2025-05-18 09:00:00,,2300.6124096837107
2025-05-18 10:00:00,,2264.863729423421
2025-05-18 11:00:00,,2231.7088027940686
2025-05-18 12:00:00,,2231.8763491703726
2025-05-18 13:00:00,,2217.13153686566
2025-05-18 14:00:00,,2203.725910410176
2025-05-18 15:00:00,,2197.3959328240885
2025-05-18 16:00:00,,2212.045723887726
2025-05-18 17:00:00,,2209.1650345936528
2025-05-18 18:00:00,,2188.1679980266613
2025-05-18 19:00:00,,2166.6643998277777
2025-05-18 20:00:00,,2154.9613873801704
2025-05-18 21:00:00,,2183.067492774209
2025-05-18 22:00:00,,2268.1097826564237
2025-05-18 23:00:00,,2411.7945789200717
2025-05-19 00:00:00,,2622.100002145607
2025-05-19 01:00:00,,2962.1719107416006
2025-05-19 02:00:00,,3329.3530952570013
2025-05-19 03:00:00,,3553.2648220612464
2025-05-19 04:00:00,,3753.5427699898323
2025-05-19 05:00:00,,3685.791464461393
2025-05-19 06:00:00,,3515.9783380547387
2025-05-19 07:00:00,,3286.786248232038
2025-05-19 08:00:00,,3099.1286238318885
2025-05-19 09:00:00,,2956.5168638068494
2025-05-19 10:00:00,,2932.3782908244093
2025-05-19 11:00:00,,2927.473857145428
2025-05-19 12:00:00,,2932.856405012245
2025-05-19 13:00:00,,2894.167133183383
2025-05-19 14:00:00,,2828.157368457472
2025-05-19 15:00:00,,2747.098335308881
2025-05-19 16:00:00,,2694.854874022132
2025-05-19 17:00:00,,2642.8958692133156
2025-05-19 18:00:00,,2587.3466520757925
2025-05-19 19:00:00,,2527.479472598811
2025-05-19 20:00:00,,2494.5767797054013
2025-05-19 21:00:00,,2468.7764357656633
2025-05-19 22:00:00,,2423.0997733243426
2025-05-19 23:00:00,,2380.9266663208805
2025-05-20 00:00:00,,2351.6401696832236
2025-05-20 01:00:00,,2318.931794248665
2025-05-20 02:00:00,,2308.9996002325183
2025-05-20 03:00:00,,2284.0630097028275
2025-05-20 04:00:00,,2303.9581004980114
2025-05-20 05:00:00,,2346.0000364495895
2025-05-20 06:00:00,,2392.47380780647
2025-05-20 07:00:00,,2433.913532645752
2025-05-20 08:00:00,,2494.5726452246913
2025-05-20 09:00:00,,2545.646601711954
2025-05-20 10:00:00,,2567.3759144809997
2025-05-20 11:00:00,,2537.7985304440804
2025-05-20 12:00:00,,2498.434666458775
2025-05-20 13:00:00,,2452.644025905397
2025-05-20 14:00:00,,2409.972935037965
2025-05-20 15:00:00,,2380.9316156912437
2025-05-20 16:00:00,,2342.5494699093306
2025-05-20 17:00:00,,2318.790301043144
2025-05-20 18:00:00,,2305.2099785315827
2025-05-20 19:00:00,,2255.283582471967
2025-05-20 20:00:00,,2238.4629784563476
2025-05-20 21:00:00,,2192.088000489045
2025-05-20 22:00:00,,2150.6723381592183
2025-05-20 23:00:00,,2120.3592997319306
2025-05-21 00:00:00,,2076.5864972733802
2025-05-21 01:00:00,,2036.2180003395551
2025-05-21 02:00:00,,1994.205242496768
2025-05-21 03:00:00,,1957.9914174126263
2025-05-21 04:00:00,,1932.4594861789542
2025-05-21 05:00:00,,1908.795439620272
2025-05-21 06:00:00,,1896.5560760001545
2025-05-21 07:00:00,,1890.4011471289973
2025-05-21 08:00:00,,1881.7518930059327
2025-05-21 09:00:00,,1881.0455669666464
2025-05-21 10:00:00,,1839.9068926909736
2025-05-21 11:00:00,,1816.1023235030545
2025-05-21 12:00:00,,1770.1332778314897
2025-05-21 13:00:00,,1755.6357417427362
2025-05-21 14:00:00,,1738.323076677669
2025-05-21 15:00:00,,1729.5412814054446
2025-05-21 16:00:00,,1800.7132634099332
2025-05-21 17:00:00,,1916.4740059846215
2025-05-21 18:00:00,,1949.9223955508849
2025-05-21 19:00:00,,1951.919829165992
2025-05-21 20:00:00,,1917.9586448953594
2025-05-21 21:00:00,,1877.8659432124446
2025-05-21 22:00:00,,1829.9337691640028
2025-05-21 23:00:00,,1800.3872097589895
2025-05-22 00:00:00,,1759.8823465417977
2025-05-22 01:00:00,,1728.7348463767814
2025-05-22 02:00:00,,1706.281611976072
2025-05-22 03:00:00,,1673.7930792428058
2025-05-22 04:00:00,,1651.2911206554252
2025-05-22 05:00:00,,1629.7902330835184
2025-05-22 06:00:00,,1607.1069932418666
2025-05-22 07:00:00,,1586.6919371206382
2025-05-22 08:00:00,,1562.224909863066
2025-05-22 09:00:00,,1531.0069553945411
2025-05-22 10:00:00,,1517.052514512584
2025-05-22 11:00:00,,1493.8037563057396
2025-05-22 12:00:00,,1485.098206437309
2025-05-22 13:00:00,,1454.8199508230355
2025-05-22 14:00:00,,1437.286490649413
2025-05-22 15:00:00,,1452.9318503413479
2025-05-22 16:00:00,,1450.9960022082985
2025-05-22 17:00:00,,1428.840977152111
2025-05-22 18:00:00,,1407.7748665089841
2025-05-22 19:00:00,,1408.9427168450513
2025-05-22 20:00:00,,1385.1547963076043
2025-05-22 21:00:00,,1382.1123768272846
2025-05-22 22:00:00,,1372.8194473900194
2025-05-22 23:00:00,,1358.2180059098253
2025-05-23 00:00:00,,1369.003192249307
2025-05-23 01:00:00,,1382.7440380243618
2025-05-23 02:00:00,,1428.8252622972034
2025-05-23 03:00:00,,1540.4831457893938
2025-05-23 04:00:00,,1994.6468559307937
2025-05-23 05:00:00,,3690.6712536646214
2025-05-23 06:00:00,,5545.645992909573
2025-05-23 07:00:00,,5427.9230446076
2025-05-23 08:00:00,,4972.1348368198
2025-05-23 09:00:00,,4493.492657066442
2025-05-23 10:00:00,,4278.805859401582
2025-05-23 11:00:00,,3967.285872498439
2025-05-23 12:00:00,,3627.104069964122
2025-05-23 13:00:00,,3339.3573295702663
2025-05-23 14:00:00,,3131.794013863825
2025-05-23 15:00:00,,2986.2868531016693
2025-05-23 16:00:00,,2877.467853723191
2025-05-23 17:00:00,,2811.0383644698186
2025-05-23 18:00:00,,2913.5304920915064
2025-05-23 19:00:00,,3313.4743421976505
2025-05-23 20:00:00,,3959.292851743669
2025-05-23 21:00:00,,4208.012211618756
2025-05-23 22:00:00,,4361.032428214664
2025-05-23 23:00:00,,4634.146630717816
2025-05-24 00:00:00,,4528.052268571794
2025-05-24 01:00:00,,4219.820701449454
2025-05-24 02:00:00,,3961.2040701571723
2025-05-24 03:00:00,,3695.285677412291
2025-05-24 04:00:00,,3422.7064430809
2025-05-24 05:00:00,,3218.6243793340514
2025-05-24 06:00:00,,3011.068571379733
2025-05-24 07:00:00,,2880.7532898548784
2025-05-24 08:00:00,,2787.4916038270076
2025-05-24 09:00:00,,2688.753267920286
2025-05-24 10:00:00,,2623.657535720365
2025-05-24 11:00:00,,2549.6471642702295
2025-05-24 12:00:00,,2491.235077189643
2025-05-24 13:00:00,,2447.3456318475846
2025-05-24 14:00:00,,2422.3793913258132
2025-05-24 15:00:00,,2443.942775438005
2025-05-24 16:00:00,,2474.718553317862
2025-05-24 17:00:00,,2447.0237472671515
2025-05-24 18:00:00,,2394.9019557864613
2025-05-24 19:00:00,,2357.486383152055
2025-05-24 20:00:00,,2309.400036409539
2025-05-24 21:00:00,,2271.919404500886
2025-05-24 22:00:00,,2244.1883285264557
2025-05-24 23:00:00,,2243.1802384525568
2025-05-25 00:00:00,,2227.1786469287345
2025-05-25 01:00:00,,2213.5048773068934
2025-05-25 02:00:00,,2211.977868447247
2025-05-25 03:00:00,,2212.853868378378
2025-05-25 04:00:00,,2192.088114344074
2025-05-25 05:00:00,,2162.4080485375475
2025-05-25 06:00:00,,2166.526332261577
2025-05-25 07:00:00,,2152.674723644341
2025-05-25 08:00:00,,2177.198474937942
2025-05-25 09:00:00,,2197.395994931373
2025-05-25 10:00:00,,2206.413305843759
2025-05-25 11:00:00,,2238.8340869821704
2025-05-25 12:00:00,,2315.8515575556444
2025-05-25 13:00:00,,2468.1495615659937
2025-05-25 14:00:00,,2669.723965152961
2025-05-25 15:00:00,,2938.5991888302015
2025-05-25 16:00:00,,3457.688360848833
2025-05-25 17:00:00,,4020.722871088274
2025-05-25 18:00:00,,4029.178097309207
2025-05-25 19:00:00,,3966.091559408171
2025-05-25 20:00:00,,3773.371344580168
2025-05-25 21:00:00,,3605.28447633719
2025-05-25 22:00:00,,3547.0104830016617
2025-05-25 23:00:00,,3960.9669160800604
2025-05-26 00:00:00,,4373.6326114989415
2025-05-26 01:00:00,,4775.006863142955
2025-05-26 02:00:00,,4636.024866371254
2025-05-26 03:00:00,,4301.457508241013
2025-05-26 04:00:00,,4019.2277418829017
2025-05-26 05:00:00,,3870.9951613463145
2025-05-26 06:00:00,,3606.271368141731
2025-05-26 07:00:00,,3373.5895841885444
2025-05-26 08:00:00,,3196.6938922777113
2025-05-26 09:00:00,,3063.861440239419
2025-05-26 10:00:00,,2938.8321071891464
2025-05-26 11:00:00,,2816.126896531014
2025-05-26 12:00:00,,2745.6059558036723
2025-05-26 13:00:00,,2655.394165896679
2025-05-26 14:00:00,,2593.0732235303158
2025-05-26 15:00:00,,2501.3420007038912
2025-05-26 16:00:00,,2436.9254758070647
2025-05-26 17:00:00,,2362.3156349501714
2025-05-26 18:00:00,,2292.768292208047
2025-05-26 19:00:00,,2233.2764747399574
2025-05-26 20:00:00,,2175.8502697314616
2025-05-26 21:00:00,,2119.3006710689738
2025-05-26 22:00:00,,2059.6080256022883
2025-05-26 23:00:00,,2016.3554882920243
2025-05-27 00:00:00,,1982.7228452165566
2025-05-27 01:00:00,,1945.966659438444
2025-05-27 02:00:00,,1926.139829593609
2025-05-27 03:00:00,,1924.972682638142
2025-05-27 04:00:00,,1921.3196503142917
2025-05-27 05:00:00,,1944.0049188766357
2025-05-27 06:00:00,,1944.2356617381663
2025-05-27 07:00:00,,1934.1344526888324
2025-05-27 08:00:00,,1897.712941690129
2025-05-27 09:00:00,,1860.6183330525444
2025-05-27 10:00:00,,1820.8020840059007
2025-05-27 11:00:00,,1775.7555683818637
2025-05-27 12:00:00,,1746.2416538537625
2025-05-27 13:00:00,,1711.4524538282249
2025-05-27 14:00:00,,1685.874002010994
2025-05-27 15:00:00,,1653.5457101907984
2025-05-27 16:00:00,,1631.4009412352848
2025-05-27 17:00:00,,1604.283911419806
2025-05-27 18:00:00,,1574.6592979085203
2025-05-27 19:00:00,,1557.0800432008562
2025-05-27 20:00:00,,1537.625411125378
2025-05-27 21:00:00,,1506.3470936844694
2025-05-27 22:00:00,,1485.2600991542965
2025-05-27 23:00:00,,1464.5241638349748
2025-05-28 00:00:00,,1447.2088108155353
2025-05-28 01:00:00,,1434.6263607784176
2025-05-28 02:00:00,,1418.1342519857355
2025-05-28 03:00:00,,1397.1543643463622
2025-05-28 04:00:00,,1389.1849659681234
2025-05-28 05:00:00,,1377.1525555462842
2025-05-28 06:00:00,,1360.2106067724287
2025-05-28 07:00:00,,1351.397180226578
2025-05-28 08:00:00,,1354.769742935308
2025-05-28 09:00:00,,1376.1786316774258
2025-05-28 10:00:00,,1469.5644087705007
2025-05-28 11:00:00,,1642.1333697588345
2025-05-28 12:00:00,,2097.7196704096255
2025-05-28 13:00:00,,2444.6285576172995
2025-05-28 14:00:00,,2420.2851560493523
2025-05-28 15:00:00,,2339.9356251735676
2025-05-28 16:00:00,,2265.5203892039103
2025-05-28 17:00:00,,2212.957640457426
2025-05-28 18:00:00,,2147.4360992072843
2025-05-28 19:00:00,,2172.93942085803
2025-05-28 20:00:00,,2123.3844478779724
2025-05-28 21:00:00,,2081.9352349462133
2025-05-28 22:00:00,,2036.7347700588916
2025-05-28 23:00:00,,1981.2848046209488
2025-05-29 00:00:00,,1938.3141925886684
2025-05-29 01:00:00,,1882.201616512827
2025-05-29 02:00:00,,1855.2862139226133
2025-05-29 03:00:00,,1813.7402188653698
2025-05-29 04:00:00,,1777.6454533990668
2025-05-29 05:00:00,,1749.379585144798
2025-05-29 06:00:00,,1720.9120024520994
2025-05-29 07:00:00,,1698.7705762518713
2025-05-29 08:00:00,,1671.0806973417807
2025-05-29 09:00:00,,1647.998826726129
2025-05-29 10:00:00,,1629.9337057536163
2025-05-29 11:00:00,,1617.4024041535397
2025-05-29 12:00:00,,1608.4098676627273
2025-05-29 13:00:00,,1595.1019148012413
2025-05-29 14:00:00,,1598.3498286172733
2025-05-29 15:00:00,,1595.8602819484947
2025-05-29 16:00:00,,1591.5371038248127
2025-05-29 17:00:00,,1611.2519192631214
2025-05-29 18:00:00,,1835.734447887051
2025-05-29 19:00:00,,2475.538537091942
2025-05-29 20:00:00,,2857.875572307758
2025-05-29 21:00:00,,2637.078298284164
2025-05-29 22:00:00,,2539.3832281426116
2025-05-29 23:00:00,,2487.6576669839387
2025-05-30 00:00:00,,2383.735742700393
2025-05-30 01:00:00,,2333.104739212518
2025-05-30 02:00:00,,2267.558411244342
2025-05-30 03:00:00,,2244.7989224611133
2025-05-30 04:00:00,,2213.421160340203
2025-05-30 05:00:00,,2176.9662957467963
2025-05-30 06:00:00,,2149.7923057408548
2025-05-30 07:00:00,,2108.6808440640393
2025-05-30 08:00:00,,2080.221813215044
2025-05-30 09:00:00,,2045.470348939485
2025-05-30 10:00:00,,2050.1133806427783
2025-05-30 11:00:00,,2091.1486196922056
2025-05-30 12:00:00,,2125.6847429356217
2025-05-30 13:00:00,,2159.4143447319398
2025-05-30 14:00:00,,2150.8205364718324
2025-05-30 15:00:00,,2124.722557793582
2025-05-30 16:00:00,,2103.8900779721776
2025-05-30 17:00:00,,2069.2261571811746
2025-05-30 18:00:00,,2026.42231824908
2025-05-30 19:00:00,,1993.3087606800639
2025-05-30 20:00:00,,1952.4389191845626
2025-05-30 21:00:00,,1914.6988194445705
2025-05-30 22:00:00,,1895.9846717536384
2025-05-30 23:00:00,,1867.7828270184862
2025-05-31 00:00:00,,1847.9062209547799
2025-05-31 01:00:00,,1822.5775860105534
2025-05-31 02:00:00,,1813.4499842388143
2025-05-31 03:00:00,,1790.3273636786141
2025-05-31 04:00:00,,1783.4135565814006
2025-05-31 05:00:00,,1781.1426151733822
2025-05-31 06:00:00,,1796.1580670476792
2025-05-31 07:00:00,,1801.235549716061
2025-05-31 08:00:00,,1798.2851120075438
2025-05-31 09:00:00,,1787.16765213729
2025-05-31 10:00:00,,1762.153638578047
2025-05-31 11:00:00,,1746.046312400432
2025-05-31 12:00:00,,1718.4061419835334
2025-05-31 13:00:00,,1702.743613208041
2025-05-31 14:00:00,,1682.786644568608
2025-05-31 15:00:00,,1658.1260177864895
2025-05-31 16:00:00,,1653.3759289427765
2025-05-31 17:00:00,,1633.8268274968784
2025-05-31 18:00:00,,1618.27242398188
2025-05-31 19:00:00,,1607.6107173541786
2025-05-31 20:00:00,,1594.2332790584298
2025-05-31 21:00:00,,1597.8769082105082
2025-05-31 22:00:00,,1608.7935083964921
2025-05-31 23:00:00,,1644.9175865886136
2025-06-01 00:00:00,,1738.2241515692938
2025-06-01 01:00:00,,2059.2586561295725
2025-06-01 02:00:00,,3174.093324015467
2025-06-01 03:00:00,,5677.892579351029
2025-06-01 04:00:00,,9457.821823698872
2025-06-01 05:00:00,,11625.403714728667
2025-06-01 06:00:00,,11492.950114556366
2025-06-01 07:00:00,,12111.851480522953
2025-06-01 08:00:00,,12676.929270815088
2025-06-01 09:00:00,,13835.22916518224
2025-06-01 10:00:00,,15449.561582387654
2025-06-01 11:00:00,,17021.770851066325
2025-06-01 12:00:00,,16682.128661708804
2025-06-01 13:00:00,,17385.469477953655
2025-06-01 14:00:00,,17491.55021646927
2025-06-01 15:00:00,,15389.020584788095
2025-06-01 16:00:00,,13567.4753743596
2025-06-01 17:00:00,,12261.187551894513
2025-06-01 18:00:00,,11284.737542567902
2025-06-01 19:00:00,,10437.402792613535
2025-06-01 20:00:00,,9729.185420679643
2025-06-01 21:00:00,,9087.546499744134
2025-06-01 22:00:00,,8444.3280581603
2025-06-01 23:00:00,,7844.564616601932
2025-06-02 00:00:00,,7283.934210236738
2025-06-02 01:00:00,,6877.6111817790315
2025-06-02 02:00:00,,6472.731453676601
2025-06-02 03:00:00,,6121.0903862944315
2025-06-02 04:00:00,,5753.236169207336
2025-06-02 05:00:00,,5430.495491761553
2025-06-02 06:00:00,,5099.787540134267
2025-06-02 07:00:00,,4943.974265231346
2025-06-02 08:00:00,,4750.155694086573
2025-06-02 09:00:00,,4630.264774827351
2025-06-02 10:00:00,,4446.227612615929
2025-06-02 11:00:00,,4327.30774776683
2025-06-02 12:00:00,,4171.199730482055
2025-06-02 13:00:00,,4033.6469075657074
2025-06-02 14:00:00,,3943.3386290916424
2025-06-02 15:00:00,,3817.068871503673
2025-06-02 16:00:00,,3710.1857334923384
2025-06-02 17:00:00,,3595.0541790620573
2025-06-02 18:00:00,,3491.8316300709125
2025-06-02 19:00:00,,3387.9096850481183
2025-06-02 20:00:00,,3324.444695251475
2025-06-02 21:00:00,,3239.4605946209663
2025-06-02 22:00:00,,3191.895600250138
2025-06-02 23:00:00,,3133.405389627141
2025-06-03 00:00:00,,3056.714702990289
2025-06-03 01:00:00,,2965.194766100705
2025-06-03 02:00:00,,2935.6914025348665
2025-06-03 03:00:00,,2867.178199134858
2025-06-03 04:00:00,,2804.713350563726
2025-06-03 05:00:00,,2779.0816040775035
2025-06-03 06:00:00,,2740.0346205826045
2025-06-03 07:00:00,,2721.072237640255
2025-06-03 08:00:00,,2716.416504396187
2025-06-03 09:00:00,,2680.7817677982634
2025-06-03 10:00:00,,2659.1530390066596
2025-06-03 11:00:00,,2620.382892632298
2025-06-03 12:00:00,,2557.0285901548223
2025-06-03 13:00:00,,2516.323687745682
2025-06-03 14:00:00,,2478.378739907977
2025-06-03 15:00:00,,2427.030046413156
2025-06-03 16:00:00,,2371.3979799436174
2025-06-03 17:00:00,,2355.736927310117
2025-06-03 18:00:00,,2332.1128216377583
2025-06-03 19:00:00,,2309.911506236915
2025-06-03 20:00:00,,2403.787344241454
2025-06-03 21:00:00,,2577.7703159336156
2025-06-03 22:00:00,,2725.937869775036
2025-06-03 23:00:00,,2805.429350754475
2025-06-04 00:00:00,,2849.1463578907856
2025-06-04 01:00:00,,2887.8012314793623
2025-06-04 02:00:00,,2883.263334035456
2025-06-04 03:00:00,,2817.0807698431654
2025-06-04 04:00:00,,2709.06869573238
2025-06-04 05:00:00,,2608.5157608413074
2025-06-04 06:00:00,,2516.319118616305
2025-06-04 07:00:00,,2455.8292854618885
2025-06-04 08:00:00,,2391.554123235852
2025-06-04 09:00:00,,2340.486574749518
2025-06-04 10:00:00,,2274.693383877143
2025-06-04 11:00:00,,2251.477421789649
2025-06-04 12:00:00,,2212.9328678318843
2025-06-04 13:00:00,,2205.0396208341867
2025-06-04 14:00:00,,2206.094607781442
2025-06-04 15:00:00,,2230.6796439784457
2025-06-04 16:00:00,,2223.247084266843
2025-06-04 17:00:00,,2215.037555096945
2025-06-04 18:00:00,,2181.2200726368123
2025-06-04 19:00:00,,2164.8593872482425
2025-06-04 20:00:00,,2173.0734176283436
2025-06-04 21:00:00,,2200.2334607661983
2025-06-04 22:00:00,,2280.7580853775153
2025-06-04 23:00:00,,2325.1597184902794
2025-06-05 00:00:00,,2273.2543920210587
2025-06-05 01:00:00,,2241.832772329299
2025-06-05 02:00:00,,2218.232182384293
2025-06-05 03:00:00,,2205.0469954754844
2025-06-05 04:00:00,,2194.439632121826
2025-06-05 05:00:00,,2204.4005997972295
2025-06-05 06:00:00,,2199.0283739608885
2025-06-05 07:00:00,,2201.37177551129
2025-06-05 08:00:00,,2178.369913292303
2025-06-05 09:00:00,,2144.5541703620397
2025-06-05 10:00:00,,2116.006836583814
2025-06-05 11:00:00,,2080.9576870080427
2025-06-05 12:00:00,,2044.514906474619
2025-06-05 13:00:00,,2034.44883866815
2025-06-05 14:00:00,,2008.823762867816
2025-06-05 15:00:00,,1998.0300907705152
2025-06-05 16:00:00,,1970.6007181598536
2025-06-05 17:00:00,,1955.4009951368964
2025-06-05 18:00:00,,1933.4282767370134
2025-06-05 19:00:00,,1920.7499753748198
2025-06-05 20:00:00,,1894.5519791836284
2025-06-05 21:00:00,,1874.6868381641216
2025-06-05 22:00:00,,1861.07684358973
2025-06-05 23:00:00,,1841.3348374915563
2025-06-06 00:00:00,,1829.417430714263
2025-06-06 01:00:00,,1806.4684182244628
2025-06-06 02:00:00,,1789.8037491198338
2025-06-06 03:00:00,,1765.5169163756648
2025-06-06 04:00:00,,1744.3045037256206
2025-06-06 05:00:00,,1726.7882026507066
2025-06-06 06:00:00,,1704.137180800546
2025-06-06 07:00:00,,1684.3294979997802
2025-06-06 08:00:00,,1667.7644852579103
2025-06-06 09:00:00,,1650.7800732579508
2025-06-06 10:00:00,,1637.6642890226244
2025-06-06 11:00:00,,1625.170382138277
2025-06-06 12:00:00,,1603.1190159721768
2025-06-06 13:00:00,,1587.9136477986883
2025-06-06 14:00:00,,1569.8166099743244
2025-06-06 15:00:00,,1560.995077560427
2025-06-06 16:00:00,,1549.0391925487086
2025-06-06 17:00:00,,1537.4782391707834
2025-06-06 18:00:00,,1523.9158120952493
2025-06-06 19:00:00,,1515.6689476661263
2025-06-06 20:00:00,,1503.371976072658
2025-06-06 21:00:00,,1488.7659119864966
2025-06-06 22:00:00,,1473.840500409733
2025-06-06 23:00:00,,1461.615113789322
2025-06-07 00:00:00,,1454.3335183405961
2025-06-07 01:00:00,,1442.7297205077505
2025-06-07 02:00:00,,1433.428490334275
2025-06-07 03:00:00,,1425.277757016156
2025-06-07 04:00:00,,1409.4727305233241
2025-06-07 05:00:00,,1401.334376238869
2025-06-07 06:00:00,,1390.9931974270119
2025-06-07 07:00:00,,1378.596749932953
2025-06-07 08:00:00,,1370.0326794428347
2025-06-07 09:00:00,,1338.5726062957094
2025-06-07 10:00:00,,1137.6803199717126
2025-06-07 11:00:00,,1125.6450175631478
2025-06-07 12:00:00,,1106.3999701854318
2025-06-07 13:00:00,,1106.371133947748
2025-06-07 14:00:00,,1095.1528926041342
2025-06-07 15:00:00,,1086.6252894819943
2025-06-07 16:00:00,,1074.6931147302373
2025-06-07 17:00:00,,1062.7490956710794
2025-06-07 18:00:00,,1059.2343074099256
2025-06-07 19:00:00,,1053.9333406414148
2025-06-07 20:00:00,,1048.379375629195
2025-06-07 21:00:00,,1039.1259440399124
2025-06-07 22:00:00,,1031.9642741921077
2025-06-07 23:00:00,,1023.9088764329845
2025-06-08 00:00:00,,1019.6174947123732
2025-06-08 01:00:00,,1017.8293044081249
2025-06-08 02:00:00,,1013.0165094548877
2025-06-08 03:00:00,,1007.0364491235927
2025-06-08 04:00:00,,1000.237961088703
2025-06-08 05:00:00,,996.4145490844023
2025-06-08 06:00:00,,992.2742952181237
2025-06-08 07:00:00,,981.0688781256841
2025-06-08 08:00:00,,983.2354268827147
2025-06-08 09:00:00,,977.5642028497932
2025-06-08 10:00:00,,970.3596325052434
2025-06-08 11:00:00,,967.9369670649228
2025-06-08 12:00:00,,960.7541853287603
2025-06-08 13:00:00,,956.9586188212212
2025-06-08 14:00:00,,950.5952047300938
2025-06-08 15:00:00,,952.2859674651738
2025-06-08 16:00:00,,948.6277241319638
2025-06-08 17:00:00,,944.2893454401261
2025-06-08 18:00:00,,940.5634852433946
2025-06-08 19:00:00,,942.445480087071
2025-06-08 20:00:00,,937.4744392278889
2025-06-08 21:00:00,,932.7322613906081
2025-06-08 22:00:00,,929.5664672266643
2025-06-08 23:00:00,,925.4552437087067
2025-06-09 00:00:00,,921.3531594772307
2025-06-09 01:00:00,,917.7780174740335
2025-06-09 02:00:00,,914.8525642833445
2025-06-09 03:00:00,,908.6195083951296
2025-06-09 04:00:00,,900.496098196743
2025-06-09 05:00:00,,895.0624576994305
2025-06-09 06:00:00,,890.742477623744
2025-06-09 07:00:00,,885.6180114007514
2025-06-09 08:00:00,,881.0987839150499
2025-06-09 09:00:00,,877.6995289462932
2025-06-09 10:00:00,,876.0973661138531
2025-06-09 11:00:00,,869.7427477161876
2025-06-09 12:00:00,,867.4481102319631
2025-06-09 13:00:00,,861.834137810676
2025-06-09 14:00:00,,860.9262460360603
2025-06-09 15:00:00,,859.1430910643141
2025-06-09 16:00:00,,852.0982278634951
2025-06-09 17:00:00,,853.7752021459994
2025-06-09 18:00:00,,851.9742797641177
2025-06-09 19:00:00,,851.7875182450446
2025-06-09 20:00:00,,847.5895412322673
2025-06-09 21:00:00,,850.4864403829006
2025-06-09 22:00:00,,851.2429331921676
2025-06-09 23:00:00,,856.261542470369
2025-06-10 00:00:00,,857.4031285762925
2025-06-10 01:00:00,,866.4828667205794
2025-06-10 02:00:00,,885.0854437480435
2025-06-10 03:00:00,,906.5620475442319
2025-06-10 04:00:00,,936.7939905839233
2025-06-10 05:00:00,,963.9311499005021
2025-06-10 06:00:00,,982.2173932870729
2025-06-10 07:00:00,,988.1378845499481
2025-06-10 08:00:00,,994.8190717273868
2025-06-10 09:00:00,,1010.1161303320702
2025-06-10 10:00:00,,1035.4091944973027
2025-06-10 11:00:00,,1071.974915288705
2025-06-10 12:00:00,,1111.702482350392
2025-06-10 13:00:00,,1138.6408924641373
2025-06-10 14:00:00,,1135.6761590135286
2025-06-10 15:00:00,,1130.6711606655258
2025-06-10 16:00:00,,1122.5248357231928
2025-06-10 17:00:00,,1112.0439840195377
2025-06-10 18:00:00,,1117.1284928206417
2025-06-10 19:00:00,,1119.6733593868173
2025-06-10 20:00:00,,1107.5816384112957
2025-06-10 21:00:00,,1086.9525292888727
2025-06-10 22:00:00,,1073.4109220623234
2025-06-10 23:00:00,,1073.292856362387
2025-06-11 00:00:00,,1086.232006768725
2025-06-11 01:00:00,,1123.7545471411865
2025-06-11 02:00:00,,1194.903320798525
2025-06-11 03:00:00,,1529.7859445132926
2025-06-11 04:00:00,,1710.4501834914731
2025-06-11 05:00:00,,1693.9401951293464
2025-06-11 06:00:00,,1654.4430012702585
2025-06-11 07:00:00,,1618.1531461376196
2025-06-11 08:00:00,,1605.4245356685008
2025-06-11 09:00:00,,1575.931427291337
2025-06-11 10:00:00,,1545.39208093655
2025-06-11 11:00:00,,1540.442910148365
2025-06-11 12:00:00,,1500.4232324953484
2025-06-11 13:00:00,,1456.7715351679458
2025-06-11 14:00:00,,1420.7144059630857
2025-06-11 15:00:00,,1387.1069593825337
2025-06-11 16:00:00,,1362.1431745049201
2025-06-11 17:00:00,,1350.6158016512375
2025-06-11 18:00:00,,1353.1796190271905
2025-06-11 19:00:00,,1364.2633293700944
2025-06-11 20:00:00,,1391.8594744304748
2025-06-11 21:00:00,,1400.189205157962
2025-06-11 22:00:00,,1372.5280498008442
2025-06-11 23:00:00,,1336.7624086298586
2025-06-12 00:00:00,,1305.4420636454329
2025-06-12 01:00:00,,1270.173356109975
2025-06-12 02:00:00,,1240.3540027489014
2025-06-12 03:00:00,,1224.1454655317013
2025-06-12 04:00:00,,1223.2462809361864
2025-06-12 05:00:00,,1231.6141566644983
2025-06-12 06:00:00,,1237.233405167326
2025-06-12 07:00:00,,1237.9365268986953
2025-06-12 08:00:00,,1230.2456018240723
2025-06-12 09:00:00,,1208.3944421665142
2025-06-12 10:00:00,,1181.115629818979
2025-06-12 11:00:00,,1157.8138358947274
2025-06-12 12:00:00,,1138.9983520837718
2025-06-12 13:00:00,,1127.3564665583688
2025-06-12 14:00:00,,1156.607423300369
2025-06-12 15:00:00,,1254.2589905126583
2025-06-12 16:00:00,,1274.5491505960968
2025-06-12 17:00:00,,1300.634857572579
2025-06-12 18:00:00,,1294.768626784504
2025-06-12 19:00:00,,1313.8894057419218
2025-06-12 20:00:00,,1326.3979474864705
2025-06-12 21:00:00,,1337.497621901415
2025-06-12 22:00:00,,1325.0900967238183
2025-06-12 23:00:00,,1313.8301562283464
2025-06-13 00:00:00,,1348.9674494633318
2025-06-13 01:00:00,,1377.6600119206075
2025-06-13 02:00:00,,1361.4059576261373
2025-06-13 03:00:00,,1317.6984877479222
2025-06-13 04:00:00,,1304.4850853651376
2025-06-13 05:00:00,,1287.0960543031795
2025-06-13 06:00:00,,1265.1068444480272
2025-06-13 07:00:00,,1245.7365926822522
2025-06-13 08:00:00,,1234.452364475216
2025-06-13 09:00:00,,1217.7684029291404
2025-06-13 10:00:00,,1205.1944349099274
2025-06-13 11:00:00,,1200.8792041723907
2025-06-13 12:00:00,,1183.0452099078464
2025-06-13 13:00:00,,1182.6044452721146
2025-06-13 14:00:00,,1168.9699862180048
2025-06-13 15:00:00,,1181.5562098734538
2025-06-13 16:00:00,,1201.0310080564766
2025-06-13 17:00:00,,1243.5042801296336
2025-06-13 18:00:00,,1293.4862226121588
2025-06-13 19:00:00,,1316.1594192231935
2025-06-13 20:00:00,,1308.0097078495621
2025-06-13 21:00:00,,1299.8393199207703
2025-06-13 22:00:00,,1287.1152099518788
2025-06-13 23:00:00,,1281.0054855128196
2025-06-14 00:00:00,,1278.1233919545502
2025-06-14 01:00:00,,1278.0617628219227
2025-06-14 02:00:00,,1301.5364208667645
2025-06-14 03:00:00,,1310.8707005258154
2025-06-14 04:00:00,,1344.628228230244
2025-06-14 05:00:00,,1378.5911796269772
2025-06-14 06:00:00,,1409.4428536658654
2025-06-14 07:00:00,,1419.694766765725
2025-06-14 08:00:00,,1423.9674791012433
2025-06-14 09:00:00,,1413.5430141503443
2025-06-14 10:00:00,,1390.6858607474883
2025-06-14 11:00:00,,1363.6528963929068
2025-06-14 12:00:00,,1355.1843602908364
2025-06-14 13:00:00,,1388.8539624572645
2025-06-14 14:00:00,,1476.6910999885683
2025-06-14 15:00:00,,1589.0728972462823
2025-06-14 16:00:00,,1764.01481372067
2025-06-14 17:00:00,,2384.8302270916556
2025-06-14 18:00:00,,3700.745435825309
2025-06-14 19:00:00,,4354.286580103659
2025-06-14 20:00:00,,4578.498865087714
2025-06-14 21:00:00,,4981.393425871376
2025-06-14 22:00:00,,5520.25195713092
2025-06-14 23:00:00,,5456.306943105253
2025-06-15 00:00:00,,5163.588759774909
2025-06-15 01:00:00,,4938.5305257125365
2025-06-15 02:00:00,,4694.936791992392
2025-06-15 03:00:00,,4502.168100811776
2025-06-15 04:00:00,,4350.746095300079
2025-06-15 05:00:00,,4238.101313996051
2025-06-15 06:00:00,,4356.217575499403
2025-06-15 07:00:00,,4587.628148585783
2025-06-15 08:00:00,,4774.379677161954
2025-06-15 09:00:00,,4734.364195580069
2025-06-15 10:00:00,,4593.373232774577
2025-06-15 11:00:00,,4433.630896356001
2025-06-15 12:00:00,,4512.595873449542
2025-06-15 13:00:00,,4444.4036136116665
2025-06-15 14:00:00,,4373.53626396776
2025-06-15 15:00:00,,4299.267134810975
2025-06-15 16:00:00,,4285.131845849214
2025-06-15 17:00:00,,4219.2980221303715
2025-06-15 18:00:00,,4133.662624051539
2025-06-15 19:00:00,,4167.800570255479
2025-06-15 20:00:00,,4195.426629291562
2025-06-15 21:00:00,,4217.4805249129695
2025-06-15 22:00:00,,4131.633927617679
2025-06-15 23:00:00,,4016.358669305142
2025-06-16 00:00:00,,3880.635688131375
2025-06-16 01:00:00,,3740.633732749663
2025-06-16 02:00:00,,3601.260493913305
2025-06-16 03:00:00,,3477.0858384407893
2025-06-16 04:00:00,,3330.0283992613518
2025-06-16 05:00:00,,3258.538422396442
2025-06-16 06:00:00,,3155.5076091194596
2025-06-16 07:00:00,,3129.9108637295003
2025-06-16 08:00:00,,3174.182701756733
2025-06-16 09:00:00,,3128.4384360963104
2025-06-16 10:00:00,,3056.075389627538
2025-06-16 11:00:00,,2979.984392552723
2025-06-16 12:00:00,,2902.0959921495755
2025-06-16 13:00:00,,2788.6423680043126
2025-06-16 14:00:00,,2720.8060878257616
2025-06-16 15:00:00,,2663.6251951752943
2025-06-16 16:00:00,,2611.8130484660364
2025-06-16 17:00:00,,2542.0938316767283
2025-06-16 18:00:00,,2500.686816856297
2025-06-16 19:00:00,,2446.493252142267
2025-06-16 20:00:00,,2390.3425361986074
2025-06-16 21:00:00,,2336.2969545229234
2025-06-16 22:00:00,,2306.2860444585226
2025-06-16 23:00:00,,2255.225812841608
2025-06-17 00:00:00,,2226.8606010698436
2025-06-17 01:00:00,,2212.4175283282416
2025-06-17 02:00:00,,2215.9830326947463
2025-06-17 03:00:00,,2222.051088272798
2025-06-17 04:00:00,,2227.5441586596576
2025-06-17 05:00:00,,2215.024448194425
2025-06-17 06:00:00,,2218.0823648705205
2025-06-17 07:00:00,,2208.972699665627
2025-06-17 08:00:00,,2179.0101348718645
2025-06-17 09:00:00,,2152.5384174735227
2025-06-17 10:00:00,,2109.6027662003817
2025-06-17 11:00:00,,1998.4218694799652
2025-06-17 12:00:00,,1905.051259876973
2025-06-17 13:00:00,,1851.3855193353306
2025-06-17 14:00:00,,1798.465727229822
2025-06-17 15:00:00,,1781.617259313229
2025-06-17 16:00:00,,1749.4184833967815
2025-06-17 17:00:00,,1730.5668749850172
2025-06-17 18:00:00,,1729.7865060625077
2025-06-17 19:00:00,,1717.7422096635462
2025-06-17 20:00:00,,1695.8892589728348
2025-06-17 21:00:00,,1676.625702584044
2025-06-17 22:00:00,,1667.5304920445462
2025-06-17 23:00:00,,1663.9912281592017
2025-06-18 00:00:00,,1660.6251583523788
2025-06-18 01:00:00,,1650.9646626479505
2025-06-18 02:00:00,,1655.5370338624336
2025-06-18 03:00:00,,1653.5265372628853
2025-06-18 04:00:00,,1656.2567874079386
2025-06-18 05:00:00,,1658.8906131757053
2025-06-18 06:00:00,,1670.331943023406
2025-06-18 07:00:00,,1676.6928509924867
2025-06-18 08:00:00,,1681.8446269750173
2025-06-18 09:00:00,,1703.022431874634
2025-06-18 10:00:00,,1715.0100265544158
2025-06-18 11:00:00,,1750.6930796417053
2025-06-18 12:00:00,,1858.3892732298757
2025-06-18 13:00:00,,2189.126939443912
2025-06-18 14:00:00,,3351.768271038024
2025-06-18 15:00:00,,5236.153612900813
2025-06-18 16:00:00,,6563.581689929311
2025-06-18 17:00:00,,7934.959904486159
2025-06-18 18:00:00,,8963.349193830436
2025-06-18 19:00:00,,9196.474425712391
2025-06-18 20:00:00,,9531.483666612557
2025-06-18 21:00:00,,9980.655461395483
2025-06-18 22:00:00,,10401.102548888428
2025-06-18 23:00:00,,10687.14898661107
2025-06-19 00:00:00,,10864.72071460471
2025-06-19 01:00:00,,10802.392295444923
2025-06-19 02:00:00,,10685.011178077599
2025-06-19 03:00:00,,10752.232155995767
2025-06-19 04:00:00,,11175.958527325267
2025-06-19 05:00:00,,12615.881570412143
2025-06-19 06:00:00,,14059.90719522194
2025-06-19 07:00:00,,15359.373860820864
2025-06-19 08:00:00,,17063.916116908506
2025-06-19 09:00:00,,17621.966687944165
2025-06-19 10:00:00,,19109.82073152625
2025-06-19 11:00:00,,17816.54311153713
2025-06-19 12:00:00,,15892.311307892076
2025-06-19 13:00:00,,14632.140117627263
2025-06-19 14:00:00,,13608.29249048441
2025-06-19 15:00:00,,12673.307016013456
2025-06-19 16:00:00,,11879.727895198457
2025-06-19 17:00:00,,11337.543575905807
2025-06-19 18:00:00,,10601.926672331912
2025-06-19 19:00:00,,10028.583880427395
2025-06-19 20:00:00,,9583.339491520017
2025-06-19 21:00:00,,9404.460643035038
2025-06-19 22:00:00,,9424.42257111278
2025-06-19 23:00:00,,8972.437679504765
2025-06-20 00:00:00,,8639.76429498515
2025-06-20 01:00:00,,8360.767597122203
2025-06-20 02:00:00,,7940.5973610458495
2025-06-20 03:00:00,,7528.538746747492
2025-06-20 04:00:00,,7211.619659298569
2025-06-20 05:00:00,,6889.5060277280445
2025-06-20 06:00:00,,6640.330450797681
2025-06-20 07:00:00,,6299.429560756084
2025-06-20 08:00:00,,5953.135014958757
2025-06-20 09:00:00,,5640.963454014971
2025-06-20 10:00:00,,5436.146768200687
2025-06-20 11:00:00,,5293.578042984007
2025-06-20 12:00:00,,5120.419328209692
2025-06-20 13:00:00,,4943.519683658239
2025-06-20 14:00:00,,4839.998744589885
2025-06-20 15:00:00,,4667.367846135402
2025-06-20 16:00:00,,4539.772293641303
2025-06-20 17:00:00,,4380.940499554982
2025-06-20 18:00:00,,4254.759560552014
2025-06-20 19:00:00,,4165.076393242472
2025-06-20 20:00:00,,4083.2377619113954
2025-06-20 21:00:00,,3981.7553243863267
2025-06-20 22:00:00,,3922.485562847946
2025-06-20 23:00:00,,3875.716751522323
2025-06-21 00:00:00,,3844.9069149088714
2025-06-21 01:00:00,,3785.622758256998
2025-06-21 02:00:00,,3682.997151743006
2025-06-21 03:00:00,,3640.883102639456
2025-06-21 04:00:00,,3553.4005536706222
2025-06-21 05:00:00,,3500.9505149642423
2025-06-21 06:00:00,,3451.8762372761726
2025-06-21 07:00:00,,3430.5914196403514
2025-06-21 08:00:00,,3420.5719178411573
2025-06-21 09:00:00,,3438.735927307791
2025-06-21 10:00:00,,3537.57252656374
2025-06-21 11:00:00,,4002.198233975006
2025-06-21 12:00:00,,4668.474360944045
2025-06-21 13:00:00,,5827.556078164198
2025-06-21 14:00:00,,6748.762198369862
2025-06-21 15:00:00,,7042.7663836346355
2025-06-21 16:00:00,,6648.420847694824
2025-06-21 17:00:00,,6162.048411047272
2025-06-21 18:00:00,,5721.844228654453
2025-06-21 19:00:00,,5310.603753377219
2025-06-21 20:00:00,,4935.789818211302
2025-06-21 21:00:00,,4682.132866113728
2025-06-21 22:00:00,,4494.685519510493
2025-06-21 23:00:00,,4293.530659085628
2025-06-22 00:00:00,,4094.7241410375505
2025-06-22 01:00:00,,3918.5606012916187
2025-06-22 02:00:00,,3772.3092554823706
2025-06-22 03:00:00,,3633.9731304004904
2025-06-22 04:00:00,,3501.847302726253
2025-06-22 05:00:00,,3420.461473529096
2025-06-22 06:00:00,,3344.7547185161634
2025-06-22 07:00:00,,3261.6214833105996
2025-06-22 08:00:00,,3139.9241847001063
2025-06-22 09:00:00,,3038.2412731377863
2025-06-22 10:00:00,,2973.423179462789
2025-06-22 11:00:00,,2895.41789266909
2025-06-22 12:00:00,,2811.6052152443754
2025-06-22 13:00:00,,2745.4231020790307
2025-06-22 14:00:00,,2669.059308587771
2025-06-22 15:00:00,,2606.856233703713
2025-06-22 16:00:00,,2558.9013730355355
2025-06-22 17:00:00,,2505.741841460225
2025-06-22 18:00:00,,2469.3794381870352
2025-06-22 19:00:00,,2405.350817485254
2025-06-22 20:00:00,,2347.4010157725697
2025-06-22 21:00:00,,2281.0584138585555
2025-06-22 22:00:00,,2240.4821810126327
2025-06-22 23:00:00,,2204.6313693288266
2025-06-23 00:00:00,,2149.7942755724453
2025-06-23 01:00:00,,2110.6531384260984
2025-06-23 02:00:00,,2071.666469388431
2025-06-23 03:00:00,,2032.3042615894308
2025-06-23 04:00:00,,2008.1847220691463
2025-06-23 05:00:00,,1982.7096536716424
2025-06-23 06:00:00,,1952.7428072723098
2025-06-23 07:00:00,,1927.6093946724532
2025-06-23 08:00:00,,1903.5805317761608
2025-06-23 09:00:00,,2561.530031873305
2025-06-23 10:00:00,,3159.688031115927
2025-06-23 11:00:00,,4156.557776008126
2025-06-23 12:00:00,,4070.5508739144
2025-06-23 13:00:00,,4099.332739804301
2025-06-23 14:00:00,,4094.8894158647677
2025-06-23 15:00:00,,3340.0631679839785
2025-06-23 16:00:00,,3101.936308330776
2025-06-23 17:00:00,,3161.7675033296905
2025-06-23 18:00:00,,3209.2255593124805
2025-06-23 19:00:00,,3230.2980759946336
2025-06-23 20:00:00,,3252.858242384936
2025-06-23 21:00:00,,3320.6730575161178
2025-06-23 22:00:00,,3551.614735228265
2025-06-23 23:00:00,,3990.795464506222
2025-06-24 00:00:00,,4650.830451731627
2025-06-24 01:00:00,,5093.922091975598
2025-06-24 02:00:00,,5490.7093965678505
2025-06-24 03:00:00,,6286.080647685312
2025-06-24 04:00:00,,7743.924119843437
2025-06-24 05:00:00,,9838.160992327075
2025-06-24 06:00:00,,12207.2380229745
2025-06-24 07:00:00,,12023.917216035865
2025-06-24 08:00:00,,10926.215147912657
2025-06-24 09:00:00,,10277.024951960253
2025-06-24 10:00:00,,9610.241794323334
2025-06-24 11:00:00,,8849.290740857099
2025-06-24 12:00:00,,8193.131564392219
2025-06-24 13:00:00,,7612.325085156838
2025-06-24 14:00:00,,6138.757877037622
2025-06-24 15:00:00,,5920.787283280106
2025-06-24 16:00:00,,5711.411387267145
2025-06-24 17:00:00,,5479.944639953818
2025-06-24 18:00:00,,5236.540707981926
2025-06-24 19:00:00,,5010.90974000646
2025-06-24 20:00:00,,4771.295209873771
2025-06-24 21:00:00,,4643.445504982502
2025-06-24 22:00:00,,4406.631307738798
2025-06-24 23:00:00,,4256.981399015814
2025-06-25 00:00:00,,4110.278580808726
2025-06-25 01:00:00,,4005.843479858892
2025-06-25 02:00:00,,3801.7913058791746
2025-06-25 03:00:00,,3688.8355595830685
2025-06-25 04:00:00,,3587.4840241262355
2025-06-25 05:00:00,,3516.9266208629724
2025-06-25 06:00:00,,3411.534349354176
2025-06-25 07:00:00,,3387.845945905074
2025-06-25 08:00:00,,3376.674105359
2025-06-25 09:00:00,,3386.5560530300713
2025-06-25 10:00:00,,3441.936009904112
2025-06-25 11:00:00,,3544.4421594255855
2025-06-25 12:00:00,,3613.374969552005
2025-06-25 13:00:00,,3672.2498250181475
2025-06-25 14:00:00,,3860.0665843435518
2025-06-25 15:00:00,,3933.8042031563796
2025-06-25 16:00:00,,3897.0871818878168
2025-06-25 17:00:00,,3844.280364503234
2025-06-25 18:00:00,,3733.5929327160097
2025-06-25 19:00:00,,3613.4192136253546
2025-06-25 20:00:00,,3536.112830397215
2025-06-25 21:00:00,,3407.3154913802528
2025-06-25 22:00:00,,3264.0045998205737
2025-06-25 23:00:00,,3125.8211945324533
2025-06-26 00:00:00,,3023.962251187574
2025-06-26 01:00:00,,2927.806016881834
2025-06-26 02:00:00,,2847.4584790637514
2025-06-26 03:00:00,,2771.7849300294824
2025-06-26 04:00:00,,2685.0159630592475
2025-06-26 05:00:00,,2619.3787052671923
2025-06-26 06:00:00,,2562.1613380324416
2025-06-26 07:00:00,,2484.698150688396
2025-06-26 08:00:00,,2410.7255362123233
2025-06-26 09:00:00,,2359.775772972822
2025-06-26 10:00:00,,2320.928633867348
2025-06-26 11:00:00,,2311.470586603705
2025-06-26 12:00:00,,2290.5550341041626
2025-06-26 13:00:00,,2262.726383671543
2025-06-26 14:00:00,,2228.5616892337853
2025-06-26 15:00:00,,2199.4595575450135
2025-06-26 16:00:00,,2153.7355331280355
2025-06-26 17:00:00,,2121.4289009573486
2025-06-26 18:00:00,,2082.6267795371846
2025-06-26 19:00:00,,2058.2135818555707
2025-06-26 20:00:00,,2031.126694025343
2025-06-26 21:00:00,,2009.9012010947654
2025-06-26 22:00:00,,1974.8951129578538
2025-06-26 23:00:00,,1958.780267516729
2025-06-27 00:00:00,,1930.3941535008346
2025-06-27 01:00:00,,1913.3655489885884
2025-06-27 02:00:00,,1885.1364569842292
2025-06-27 03:00:00,,1859.5280345265871
2025-06-27 04:00:00,,1843.2583234882575
2025-06-27 05:00:00,,1829.6074958270663
2025-06-27 06:00:00,,1817.176933854371
2025-06-27 07:00:00,,1812.206286238357
2025-06-27 08:00:00,,1784.2554980759412
2025-06-27 09:00:00,,1769.4405037379968
2025-06-27 10:00:00,,1752.17295735133
2025-06-27 11:00:00,,1726.1171811870447
2025-06-27 12:00:00,,1707.55925247442
2025-06-27 13:00:00,,1691.662858707847
2025-06-27 14:00:00,,1672.8224469679903
2025-06-27 15:00:00,,1657.4836798792342
2025-06-27 16:00:00,,1641.1300314331536
2025-06-27 17:00:00,,1401.1515875444718
2025-06-27 18:00:00,,1335.0647176382133
2025-06-27 19:00:00,,1325.86942796613
2025-06-27 20:00:00,,1306.828631069475
2025-06-27 21:00:00,,1288.376251640399
2025-06-27 22:00:00,,1282.722060814216
2025-06-27 23:00:00,,1276.3357877737546
2025-06-28 00:00:00,,1254.6833671796824
2025-06-28 01:00:00,,1239.4267054000145
2025-06-28 02:00:00,,1223.4714296489155
2025-06-28 03:00:00,,1208.8343749603036
2025-06-28 04:00:00,,1199.526638256003
2025-06-28 05:00:00,,1186.563131404107
2025-06-28 06:00:00,,1166.6252370460684
2025-06-28 07:00:00,,1158.3529448172217
2025-06-28 08:00:00,,1145.6397024220562
2025-06-28 09:00:00,,1131.9830592262897
2025-06-28 10:00:00,,1120.3526526584405
2025-06-28 11:00:00,,1110.8615724433798
2025-06-28 12:00:00,,1098.8884893172174
2025-06-28 13:00:00,,1089.5786754072478
2025-06-28 14:00:00,,1068.9988842745427
2025-06-28 15:00:00,,1056.7018519780302
2025-06-28 16:00:00,,1054.8428487695246
2025-06-28 17:00:00,,1047.091143935569
2025-06-28 18:00:00,,1036.205240603626
2025-06-28 19:00:00,,1026.6190417865776
2025-06-28 20:00:00,,1016.6004568019154
2025-06-28 21:00:00,,1006.9479692326091
2025-06-28 22:00:00,,1002.1829340007783
2025-06-28 23:00:00,,993.4636656904852
2025-06-29 00:00:00,,984.5124329040858
2025-06-29 01:00:00,,973.5852301129614
2025-06-29 02:00:00,,967.2400205467243
2025-06-29 03:00:00,,960.1953249118586
2025-06-29 04:00:00,,951.7848408530816
2025-06-29 05:00:00,,943.213988384244
2025-06-29 06:00:00,,937.2747341458855
2025-06-29 07:00:00,,926.7288620781618
2025-06-29 08:00:00,,917.4451509434091
2025-06-29 09:00:00,,940.2764894297868
2025-06-29 10:00:00,,943.3018101793969
2025-06-29 11:00:00,,934.8668057074912
2025-06-29 12:00:00,,927.3666365852299
2025-06-29 13:00:00,,921.4300743968876
2025-06-29 14:00:00,,905.3113002965067
2025-06-29 15:00:00,,781.1774410538725
2025-06-29 16:00:00,,788.0004266564042
2025-06-29 17:00:00,,784.4600370373904
2025-06-29 18:00:00,,781.5104342688245
2025-06-29 19:00:00,,779.2616061769648
2025-06-29 20:00:00,,773.6031083737128
2025-06-29 21:00:00,,766.1347112433015
2025-06-29 22:00:00,,757.6408519013178
2025-06-29 23:00:00,,756.6244279026932
2025-06-30 00:00:00,,753.1759475385201
2025-06-30 01:00:00,,744.9202435499411
2025-06-30 02:00:00,,743.3409420463162
2025-06-30 03:00:00,,736.9814530639152
2025-06-30 04:00:00,,732.6554987753465
2025-06-30 05:00:00,,729.7815776706052
2025-06-30 06:00:00,,724.5056609468916
2025-06-30 07:00:00,,722.2644211809093
2025-06-30 08:00:00,,722.9897859974021
2025-06-30 09:00:00,,718.3473671877989
2025-06-30 10:00:00,,718.3970804822945
2025-06-30 11:00:00,,713.4302538280388
2025-06-30 12:00:00,,712.0670310514456
2025-06-30 13:00:00,,711.8043965828153
2025-06-30 14:00:00,,711.2989872756575
2025-06-30 15:00:00,,710.0271106297453
2025-06-30 16:00:00,,711.0260768759667
2025-06-30 17:00:00,,709.9379687137734
2025-06-30 18:00:00,,706.9079427064364
2025-06-30 19:00:00,,705.3577690514355
2025-06-30 20:00:00,,700.6008020323346
2025-06-30 21:00:00,,702.0783093754342
2025-06-30 22:00:00,,698.9516866803341
2025-06-30 23:00:00,,694.0376957287816
2025-07-01 00:00:00,,690.0925576918916
2025-07-01 01:00:00,,690.2838939369475
2025-07-01 02:00:00,,689.2136042277848
2025-07-01 03:00:00,,685.2942954963113
2025-07-01 04:00:00,,686.2375991132097
2025-07-01 05:00:00,,681.4624871351954
2025-07-01 06:00:00,,682.5778018214887
2025-07-01 07:00:00,,681.5053622086198
2025-07-01 08:00:00,,679.3231726002634
2025-07-01 09:00:00,,676.6725617710853
2025-07-01 10:00:00,,680.0137295160209
2025-07-01 11:00:00,,676.3003006909614
2025-07-01 12:00:00,,675.7955333789016
2025-07-01 13:00:00,,674.3663486063273
2025-07-01 14:00:00,,675.0295080345602
2025-07-01 15:00:00,,676.2153177967576
2025-07-01 16:00:00,,675.2437225529903
2025-07-01 17:00:00,,673.3225469442874
2025-07-01 18:00:00,,674.1226336049814
2025-07-01 19:00:00,,670.9209776142118
2025-07-01 20:00:00,,676.0429081826143
2025-07-01 21:00:00,,669.9368896535603
2025-07-01 22:00:00,,670.6798825050796
2025-07-01 23:00:00,,672.8080606960142
2025-07-02 00:00:00,,670.9912514026221
2025-07-02 01:00:00,,673.6520713737316
2025-07-02 02:00:00,,676.5470276254804
2025-07-02 03:00:00,,672.9096462595614
2025-07-02 04:00:00,,673.861332373799
2025-07-02 05:00:00,,674.5706217009335
2025-07-02 06:00:00,,677.3267844937965
2025-07-02 07:00:00,,682.1278227101603
2025-07-02 08:00:00,,683.6372818041323
2025-07-02 09:00:00,,685.7683642157414
2025-07-02 10:00:00,,687.3803153351341
2025-07-02 11:00:00,,688.4857009957291
2025-07-02 12:00:00,,694.1241659041457
2025-07-02 13:00:00,,699.860553598129
2025-07-02 14:00:00,,705.2174352675889
2025-07-02 15:00:00,,734.3675234802315
2025-07-02 16:00:00,,779.7938791605613
2025-07-02 17:00:00,,856.115434632425
2025-07-02 18:00:00,,1001.3478385072859
2025-07-02 19:00:00,,1357.2772520290105
2025-07-02 20:00:00,,2127.966439162813
2025-07-02 21:00:00,,3463.506267413952
2025-07-02 22:00:00,,4552.274336976077
2025-07-02 23:00:00,,4984.248474093455
2025-07-03 00:00:00,,4762.3437561254195
2025-07-03 01:00:00,,4388.484833647711
2025-07-03 02:00:00,,4026.726855199792
2025-07-03 03:00:00,,3697.634715379865
2025-07-03 04:00:00,,3380.0407106896214
2025-07-03 05:00:00,,3089.4679052893525
2025-07-03 06:00:00,,2870.0268111841588
2025-07-03 07:00:00,,2710.6279179121143
2025-07-03 08:00:00,,2592.7991010720625
2025-07-03 09:00:00,,2494.917307048475
2025-07-03 10:00:00,,2411.2748018545817
2025-07-03 11:00:00,,2318.3211477042396
2025-07-03 12:00:00,,2244.683220900578
2025-07-03 13:00:00,,2172.28465338204
2025-07-03 14:00:00,,2162.606094689063
2025-07-03 15:00:00,,2149.5253025109987
2025-07-03 16:00:00,,2134.456311357178
2025-07-03 17:00:00,,2131.015995492983
2025-07-03 18:00:00,,2119.935019281703
2025-07-03 19:00:00,,2089.8943020859024
2025-07-03 20:00:00,,2041.7768711584163
2025-07-03 21:00:00,,1972.645121763208
2025-07-03 22:00:00,,1895.15689738586
2025-07-03 23:00:00,,1836.8171313124556
2025-07-04 00:00:00,,1778.003586669355
2025-07-04 01:00:00,,1716.896592179359
2025-07-04 02:00:00,,1660.3436171224323
2025-07-04 03:00:00,,1609.1209001868376
2025-07-04 04:00:00,,1571.6821695163549
2025-07-04 05:00:00,,1536.9950392858725
2025-07-04 06:00:00,,1490.2301054456193
2025-07-04 07:00:00,,1463.6272219692974
2025-07-04 08:00:00,,1443.9019728631065
2025-07-04 09:00:00,,1408.848921017278
2025-07-04 10:00:00,,1391.3519558251035
2025-07-04 11:00:00,,1374.9968471520103
2025-07-04 12:00:00,,1346.4258710852216
2025-07-04 13:00:00,,1330.7602715043251
2025-07-04 14:00:00,,1316.4214211905826
2025-07-04 15:00:00,,1294.4837193368812
2025-07-04 16:00:00,,1282.5281275791328
2025-07-04 17:00:00,,1262.7056737657301
2025-07-04 18:00:00,,1250.9272905363634
2025-07-04 19:00:00,,1230.5112382328405
2025-07-04 20:00:00,,1216.411235794325
2025-07-04 21:00:00,,1201.1186382305589
2025-07-04 22:00:00,,1185.8969067606772
2025-07-04 23:00:00,,1171.651671678949
2025-07-05 00:00:00,,1158.7641181826714
2025-07-05 01:00:00,,1147.6016551915409
2025-07-05 02:00:00,,1125.5527737735572
2025-07-05 03:00:00,,1119.7194873113795
2025-07-05 04:00:00,,1101.2976194685878
2025-07-05 05:00:00,,1084.997469235006
2025-07-05 06:00:00,,1070.4492187011135
2025-07-05 07:00:00,,1058.706375956005
2025-07-05 08:00:00,,1048.6622404130774
2025-07-05 09:00:00,,1042.4652772921188
2025-07-05 10:00:00,,1028.724028187166
2025-07-05 11:00:00,,1015.5453477598704
2025-07-05 12:00:00,,1011.0023146617003
2025-07-05 13:00:00,,1002.5443339740192
2025-07-05 14:00:00,,989.676047701841
2025-07-05 15:00:00,,963.7632037314493
2025-07-05 16:00:00,,949.5016248400531
2025-07-05 17:00:00,,941.6929185291132
2025-07-05 18:00:00,,937.9701264392864
2025-07-05 19:00:00,,928.2561153078087
2025-07-05 20:00:00,,920.5079680587519
2025-07-05 21:00:00,,911.8544837684235
2025-07-05 22:00:00,,901.0180798630252
2025-07-05 23:00:00,,897.5150332635856
2025-07-06 00:00:00,,890.5666246727505
2025-07-06 01:00:00,,882.4960888189249
2025-07-06 02:00:00,,878.0530868779643
2025-07-06 03:00:00,,868.006504364835
2025-07-06 04:00:00,,861.9551628212074
2025-07-06 05:00:00,,854.7214886606737
2025-07-06 06:00:00,,849.3531366526354
2025-07-06 07:00:00,,849.5552023035063
2025-07-06 08:00:00,,844.1017328628275
2025-07-06 09:00:00,,838.9877770443368
2025-07-06 10:00:00,,834.7119787241121
2025-07-06 11:00:00,,825.9589188572334
2025-07-06 12:00:00,,817.8688974552058
2025-07-06 13:00:00,,821.0137278890312
2025-07-06 14:00:00,,819.3746818468574
2025-07-06 15:00:00,,817.1428842059455
2025-07-06 16:00:00,,815.4362446114659
2025-07-06 17:00:00,,810.841943175279
2025-07-06 18:00:00,,808.0478207626569
2025-07-06 19:00:00,,806.2138337184964
2025-07-06 20:00:00,,807.7163825135043
2025-07-06 21:00:00,,800.7729912145154
2025-07-06 22:00:00,,800.9434112679934
2025-07-06 23:00:00,,796.9237738423022
2025-07-07 00:00:00,,794.09149250615
2025-07-07 01:00:00,,790.0613394100191
2025-07-07 02:00:00,,788.8769223739943
2025-07-07 03:00:00,,784.927725509489
2025-07-07 04:00:00,,782.8192761155822
2025-07-07 05:00:00,,778.9939348083459
2025-07-07 06:00:00,,777.9647501557457
2025-07-07 07:00:00,,775.9187500541761
2025-07-07 08:00:00,,773.1807180717311
2025-07-07 09:00:00,,773.0762355536128
2025-07-07 10:00:00,,767.7826075618967
2025-07-07 11:00:00,,768.9715295670834
2025-07-07 12:00:00,,770.1749639583305
2025-07-07 13:00:00,,771.7195137011755
2025-07-07 14:00:00,,778.1948465369117
2025-07-07 15:00:00,,788.8440899471766
2025-07-07 16:00:00,,800.6364416810394
2025-07-07 17:00:00,,816.8197214318266
2025-07-07 18:00:00,,834.8217729301782
2025-07-07 19:00:00,,870.5509457369832
2025-07-07 20:00:00,,951.8294927425322
2025-07-07 21:00:00,,1167.259178902857
2025-07-07 22:00:00,,1604.2651098593
2025-07-07 23:00:00,,2234.9195511584467
2025-07-08 00:00:00,,2334.373209304139
2025-07-08 01:00:00,,2381.2538830031617
2025-07-08 02:00:00,,2215.8506073749336
2025-07-08 03:00:00,,1995.0034154890936
2025-07-08 04:00:00,,1824.1566618562858
2025-07-08 05:00:00,,1701.1535470596405
2025-07-08 06:00:00,,1631.6225179412675
2025-07-08 07:00:00,,1593.8363898442158
2025-07-08 08:00:00,,1545.931255018668
2025-07-08 09:00:00,,1490.9560766835395
2025-07-08 10:00:00,,1448.1433602052591
2025-07-08 11:00:00,,1398.3488318635025
2025-07-08 12:00:00,,1367.2603729823104
2025-07-08 13:00:00,,1338.9638990964352
2025-07-08 14:00:00,,1300.9870942686325
2025-07-08 15:00:00,,1307.8338058174131
2025-07-08 16:00:00,,1263.9305640410887
2025-07-08 17:00:00,,1246.0211668586646
2025-07-08 18:00:00,,1220.7479753282482
2025-07-08 19:00:00,,1196.570308903779
2025-07-08 20:00:00,,1184.8081061609348
2025-07-08 21:00:00,,1164.906432498044
2025-07-08 22:00:00,,1149.4583975855971
2025-07-08 23:00:00,,1137.5926194048786
2025-07-09 00:00:00,,1122.8714366764425
2025-07-09 01:00:00,,1101.9125656786548
2025-07-09 02:00:00,,1088.945014677157
2025-07-09 03:00:00,,1070.2023071968608
2025-07-09 04:00:00,,1059.817363283435
2025-07-09 05:00:00,,1050.6211059062475
2025-07-09 06:00:00,,1039.7253808512326
2025-07-09 07:00:00,,1026.890789752208
2025-07-09 08:00:00,,1014.874861799162
2025-07-09 09:00:00,,1004.2156321042022
2025-07-09 10:00:00,,996.4686248821671
2025-07-09 11:00:00,,990.4559085826558
2025-07-09 12:00:00,,984.0383763531522
2025-07-09 13:00:00,,979.6022061993717
2025-07-09 14:00:00,,971.8330773284198
2025-07-09 15:00:00,,971.2987338956783
2025-07-09 16:00:00,,970.008179515135
2025-07-09 17:00:00,,972.942433340147
2025-07-09 18:00:00,,973.5269806942279
2025-07-09 19:00:00,,979.1571842297107
2025-07-09 20:00:00,,979.9253307486621
2025-07-09 21:00:00,,985.3673886155175
2025-07-09 22:00:00,,988.0259867571014
2025-07-09 23:00:00,,990.0255116312052
2025-07-10 00:00:00,,1000.0361188315455
2025-07-10 01:00:00,,1002.8797090474341
2025-07-10 02:00:00,,1013.640146836408
2025-07-10 03:00:00,,1028.5583216628816
2025-07-10 04:00:00,,1045.3255926742193
2025-07-10 05:00:00,,1063.1345211364583
2025-07-10 06:00:00,,1088.0540490518213
2025-07-10 07:00:00,,1097.7979386599197
2025-07-10 08:00:00,,1105.027489278811
2025-07-10 09:00:00,,1116.0709764341784
2025-07-10 10:00:00,,1123.8370281094922
2025-07-10 11:00:00,,1136.7569621372209
2025-07-10 12:00:00,,1141.3236005480926
2025-07-10 13:00:00,,1155.2461506601792
2025-07-10 14:00:00,,1166.0558408079355
2025-07-10 15:00:00,,1198.4949498846488
2025-07-10 16:00:00,,1228.601173270203
2025-07-10 17:00:00,,1262.9064069677936
2025-07-10 18:00:00,,1345.004956260239
2025-07-10 19:00:00,,1550.6888753198557
2025-07-10 20:00:00,,2434.1462394500068
2025-07-10 21:00:00,,4210.461627881801
2025-07-10 22:00:00,,7227.577900660131
2025-07-10 23:00:00,,10659.29828893185
2025-07-11 00:00:00,,11876.347273466754
2025-07-11 01:00:00,,12243.411355847873
2025-07-11 02:00:00,,12282.61137770968
2025-07-11 03:00:00,,11917.524267100607
2025-07-11 04:00:00,,11412.353153184156
2025-07-11 05:00:00,,10969.110506422503
2025-07-11 06:00:00,,10519.959906627533
2025-07-11 07:00:00,,9819.080351828467
2025-07-11 08:00:00,,9024.38130162508
2025-07-11 09:00:00,,8553.057442738698
2025-07-11 10:00:00,,8276.236593550928
2025-07-11 11:00:00,,8129.078060349308
2025-07-11 12:00:00,,8122.960487220411
2025-07-11 13:00:00,,8306.947873463327
2025-07-11 14:00:00,,8398.242714798986
2025-07-11 15:00:00,,8303.694566544142
2025-07-11 16:00:00,,8669.629323735464
2025-07-11 17:00:00,,10111.075062319154
2025-07-11 18:00:00,,11755.716134598588
2025-07-11 19:00:00,,12938.717377647416
2025-07-11 20:00:00,,14106.536526463733
2025-07-11 21:00:00,,14759.6914809373
2025-07-11 22:00:00,,15396.189870360855
2025-07-11 23:00:00,,16397.15380704261
2025-07-12 00:00:00,,17159.198578608804
2025-07-12 01:00:00,,17508.42182907618
2025-07-12 02:00:00,,17619.054387294793
2025-07-12 03:00:00,,17546.78284205219
2025-07-12 04:00:00,,17708.05066254274
2025-07-12 05:00:00,,17774.276884014325
2025-07-12 06:00:00,,17768.909015690024
2025-07-12 07:00:00,,17907.425140335403
2025-07-12 08:00:00,,18007.37516746489
2025-07-12 09:00:00,,18308.91588869558
2025-07-12 10:00:00,,18518.922462397648
2025-07-12 11:00:00,,18774.03360237201
2025-07-12 12:00:00,,19205.97190022243
2025-07-12 13:00:00,,19413.17746489261
2025-07-12 14:00:00,,19455.808486961425
2025-07-12 15:00:00,,19314.517063847383
2025-07-12 16:00:00,,19347.32785148445
2025-07-12 17:00:00,,19410.44217616553
2025-07-12 18:00:00,,19243.02523605339
2025-07-12 19:00:00,,18645.357005147387
2025-07-12 20:00:00,,18264.3726191526
2025-07-12 21:00:00,,17363.586936101885
2025-07-12 22:00:00,,17111.6781917256
2025-07-12 23:00:00,,17352.08993745372
2025-07-13 00:00:00,,17347.25662410055
2025-07-13 01:00:00,,17462.886407118996
2025-07-13 02:00:00,,17555.76338902942
2025-07-13 03:00:00,,17224.05234023182
2025-07-13 04:00:00,,16539.743269880313
2025-07-13 05:00:00,,15747.580374989144
2025-07-13 06:00:00,,15020.660265680588
2025-07-13 07:00:00,,14389.417451685067
2025-07-13 08:00:00,,13786.886875377151
2025-07-13 09:00:00,,13301.64532927499
2025-07-13 10:00:00,,12802.396197139467
2025-07-13 11:00:00,,12336.125183336884
2025-07-13 12:00:00,,11866.574183610875
2025-07-13 13:00:00,,11393.73137812206
2025-07-13 14:00:00,,10873.373992296923
2025-07-13 15:00:00,,10428.611581170962
2025-07-13 16:00:00,,10109.989541687117
2025-07-13 17:00:00,,9703.222716592796
2025-07-13 18:00:00,,9285.671809814954
2025-07-13 19:00:00,,8844.458242850535
2025-07-13 20:00:00,,8528.663488941384
2025-07-13 21:00:00,,8176.717125935935
2025-07-13 22:00:00,,7740.813776819709
2025-07-13 23:00:00,,7381.9058066925745
2025-07-14 00:00:00,,7125.029066422736
2025-07-14 01:00:00,,6824.820882538214
2025-07-14 02:00:00,,6541.29153488482
2025-07-14 03:00:00,,6264.65109627937
2025-07-14 04:00:00,,5972.977707339532
2025-07-14 05:00:00,,5728.054395861086
2025-07-14 06:00:00,,5510.153629043624
2025-07-14 07:00:00,,5306.7516988704465
2025-07-14 08:00:00,,5130.137870587571
2025-07-14 09:00:00,,5005.172916063187
2025-07-14 10:00:00,,4857.495566295009
2025-07-14 11:00:00,,4750.9943532277075
2025-07-14 12:00:00,,4630.9139093886115
2025-07-14 13:00:00,,4499.657175499054
2025-07-14 14:00:00,,4051.1230722210144
2025-07-14 15:00:00,,3694.635169424263
2025-07-14 16:00:00,,3494.5134729579063
2025-07-14 17:00:00,,3500.0759878363656
2025-07-14 18:00:00,,3542.3154621979897
2025-07-14 19:00:00,,3638.2529590004756
2025-07-14 20:00:00,,3722.7207702753844
2025-07-14 21:00:00,,3653.362768708398
2025-07-14 22:00:00,,3722.267182659604
2025-07-14 23:00:00,,3962.538099119812
2025-07-15 00:00:00,,4301.655211511167
2025-07-15 01:00:00,,4548.063039729245
2025-07-15 02:00:00,,4737.378352362473
2025-07-15 03:00:00,,4669.828604887302
2025-07-15 04:00:00,,4454.747234975732
2025-07-15 05:00:00,,4220.1584406476195
2025-07-15 06:00:00,,4042.614949403594
2025-07-15 07:00:00,,3890.490072486645
2025-07-15 08:00:00,,3699.676233838081
2025-07-15 09:00:00,,3539.497757330757
2025-07-15 10:00:00,,3392.714949824595
2025-07-15 11:00:00,,3251.643507885485
2025-07-15 12:00:00,,3156.549094114105
2025-07-15 13:00:00,,3020.4086474375263
2025-07-15 14:00:00,,2921.2794693622477
2025-07-15 15:00:00,,2833.164087725185
2025-07-15 16:00:00,,2780.375508194021
2025-07-15 17:00:00,,2734.0366085477867
2025-07-15 18:00:00,,2651.9078752600076
2025-07-15 19:00:00,,2601.7800366801484
2025-07-15 20:00:00,,2541.4495403605006
2025-07-15 21:00:00,,2490.3292585371296
2025-07-15 22:00:00,,2445.3321302306435
2025-07-15 23:00:00,,2385.243420889472
2025-07-16 00:00:00,,2353.000149415015
2025-07-16 01:00:00,,2349.333660743032
2025-07-16 02:00:00,,2302.437615251807
2025-07-16 03:00:00,,2286.041510221685
2025-07-16 04:00:00,,2250.415513801841
2025-07-16 05:00:00,,2222.7808179700714
2025-07-16 06:00:00,,2194.828826274557
2025-07-16 07:00:00,,2157.0118262523843
2025-07-16 08:00:00,,2125.658952952373
2025-07-16 09:00:00,,2099.862808098639
2025-07-16 10:00:00,,2079.5463715914398
2025-07-16 11:00:00,,2055.9037596281073
2025-07-16 12:00:00,,2030.074762664234
2025-07-16 13:00:00,,1983.7322614644388
2025-07-16 14:00:00,,1966.097379033998
2025-07-16 15:00:00,,1942.5138128817014
2025-07-16 16:00:00,,1917.0874967779844
2025-07-16 17:00:00,,1906.6651353851048
2025-07-16 18:00:00,,1908.5341878201214
2025-07-16 19:00:00,,1914.6796721328976
2025-07-16 20:00:00,,2006.0633347647183
2025-07-16 21:00:00,,2238.791469962164
2025-07-16 22:00:00,,3066.66080100265
2025-07-16 23:00:00,,5521.554215826341
2025-07-17 00:00:00,,8025.020158543677
2025-07-17 01:00:00,,8858.982296454637
2025-07-17 02:00:00,,9716.87268134099
2025-07-17 03:00:00,,11084.428922246007
2025-07-17 04:00:00,,11977.086050849304
2025-07-17 05:00:00,,12725.58254518965
2025-07-17 06:00:00,,13273.760994454493
2025-07-17 07:00:00,,13514.693214117537
2025-07-17 08:00:00,,13106.759842711495
2025-07-17 09:00:00,,12936.420951422433
2025-07-17 10:00:00,,12896.503086648938
2025-07-17 11:00:00,,12862.279193627479
2025-07-17 12:00:00,,13553.663325991425
2025-07-17 13:00:00,,14595.269067532896
2025-07-17 14:00:00,,16124.163767528475
2025-07-17 15:00:00,,17278.51004598052
2025-07-17 16:00:00,,17452.18169476951
2025-07-17 17:00:00,,16688.609533609782
2025-07-17 18:00:00,,15876.922420620846
2025-07-17 19:00:00,,15062.004575786586
2025-07-17 20:00:00,,14178.24730749659
2025-07-17 21:00:00,,13679.40480026321
2025-07-17 22:00:00,,13297.46916917383
2025-07-17 23:00:00,,12984.259762395543
2025-07-18 00:00:00,,12619.037958040886
2025-07-18 01:00:00,,12501.047996786905
2025-07-18 02:00:00,,12998.084253363384
2025-07-18 03:00:00,,13914.532888606198
2025-07-18 04:00:00,,15440.29624437154
2025-07-18 05:00:00,,17482.868435719938
2025-07-18 06:00:00,,20170.374389104192
2025-07-18 07:00:00,,19867.457504823262
2025-07-18 08:00:00,,19195.68395482845
2025-07-18 09:00:00,,19510.14090221243
2025-07-18 10:00:00,,18156.216698728822
2025-07-18 11:00:00,,17072.735101805756
2025-07-18 12:00:00,,16251.674495778117
2025-07-18 13:00:00,,16514.992422248655
2025-07-18 14:00:00,,16749.241773978756
2025-07-18 15:00:00,,16375.729392731173
2025-07-18 16:00:00,,16422.40622191818
2025-07-18 17:00:00,,16524.710839528216
2025-07-18 18:00:00,,15598.733606460994
2025-07-18 19:00:00,,14380.95066157808
2025-07-18 20:00:00,,13512.752936405306
2025-07-18 21:00:00,,12774.38218461943
2025-07-18 22:00:00,,12111.091922124662
2025-07-18 23:00:00,,11553.317737373747
2025-07-19 00:00:00,,10873.540548071052
2025-07-19 01:00:00,,10305.910983095948
2025-07-19 02:00:00,,9942.861571291327
2025-07-19 03:00:00,,9641.24461271832
2025-07-19 04:00:00,,9537.310678615027
2025-07-19 05:00:00,,9218.534107404881
2025-07-19 06:00:00,,8914.366298281866
2025-07-19 07:00:00,,8647.247634020601
2025-07-19 08:00:00,,8422.71527683079
2025-07-19 09:00:00,,8154.603830579425
2025-07-19 10:00:00,,8014.516169279991
2025-07-19 11:00:00,,7709.408191304575
2025-07-19 12:00:00,,7514.186665239369
2025-07-19 13:00:00,,7283.850436832072
2025-07-19 14:00:00,,7052.618875571795
2025-07-19 15:00:00,,6877.6833342128675
2025-07-19 16:00:00,,6703.011506520401
2025-07-19 17:00:00,,6471.881474574754
2025-07-19 18:00:00,,6289.518067213517
2025-07-19 19:00:00,,6118.804406490337
2025-07-19 20:00:00,,5915.211017274952
2025-07-19 21:00:00,,5806.152043493862
2025-07-19 22:00:00,,5687.68680282145
2025-07-19 23:00:00,,5576.319908630627
2025-07-20 00:00:00,,5396.420924261376
2025-07-20 01:00:00,,5277.740775532179
2025-07-20 02:00:00,,5203.9560334199605
2025-07-20 03:00:00,,5258.478110306961
2025-07-20 04:00:00,,5221.325970924269
2025-07-20 05:00:00,,5094.294023828418
2025-07-20 06:00:00,,4973.075348790094
2025-07-20 07:00:00,,4874.838110387108
2025-07-20 08:00:00,,4492.425414350008
2025-07-20 09:00:00,,4182.374709824251
2025-07-20 10:00:00,,4040.601489692195
2025-07-20 11:00:00,,3823.96721341645
2025-07-20 12:00:00,,3660.4869376783904
2025-07-20 13:00:00,,3558.680653848642
2025-07-20 14:00:00,,3424.152675316661
2025-07-20 15:00:00,,3210.586459141639
2025-07-20 16:00:00,,3138.2094396628486
2025-07-20 17:00:00,,3041.015894784257
2025-07-20 18:00:00,,2957.784897763714
2025-07-20 19:00:00,,2877.5887710587754
2025-07-20 20:00:00,,2780.8941075645953
2025-07-20 21:00:00,,2713.9772361421283
2025-07-20 22:00:00,,2662.406863831893
2025-07-20 23:00:00,,2573.3816361024856
2025-07-21 00:00:00,,2522.2902609410708
2025-07-21 01:00:00,,2467.967416933397
2025-07-21 02:00:00,,2388.1221239089537
2025-07-21 03:00:00,,2355.12232237427
2025-07-21 04:00:00,,2297.485266625755
2025-07-21 05:00:00,,2260.045321067558
2025-07-21 06:00:00,,2216.8473210349666
2025-07-21 07:00:00,,2194.5885879470698
2025-07-21 08:00:00,,2152.0370388482847
2025-07-21 09:00:00,,2120.674625958604
2025-07-21 10:00:00,,2073.9025017644844
2025-07-21 11:00:00,,2035.9344702368974
2025-07-21 12:00:00,,2024.745467419609
2025-07-21 13:00:00,,1980.6495783063147
2025-07-21 14:00:00,,1965.0248674089642
2025-07-21 15:00:00,,1938.9245441041417
2025-07-21 16:00:00,,1916.2375236497335
2025-07-21 17:00:00,,1883.3869383999433
2025-07-21 18:00:00,,1841.3470844768335
2025-07-21 19:00:00,,1815.8932346366398
2025-07-21 20:00:00,,1786.3815199261749
2025-07-21 21:00:00,,1756.4023062697859
2025-07-21 22:00:00,,1722.3767418062769
2025-07-21 23:00:00,,1704.7570392864611
2025-07-22 00:00:00,,1690.8867235362343
2025-07-22 01:00:00,,1670.117883584246
2025-07-22 02:00:00,,1645.8004795234262
2025-07-22 03:00:00,,1621.5185510331933
2025-07-22 04:00:00,,1602.7551162997977
2025-07-22 05:00:00,,1574.0082310668668
2025-07-22 06:00:00,,1560.4187533587633
2025-07-22 07:00:00,,1544.048471668154
2025-07-22 08:00:00,,1525.7759234173163
2025-07-22 09:00:00,,1504.9330390092737
2025-07-22 10:00:00,,1495.6324437170767
2025-07-22 11:00:00,,1478.5768108761358
2025-07-22 12:00:00,,1457.7738146938982
2025-07-22 13:00:00,,1444.2492583564792
2025-07-22 14:00:00,,1433.9397074233154
2025-07-22 15:00:00,,1422.6592478998687
2025-07-22 16:00:00,,1404.2762804115766
2025-07-22 17:00:00,,1379.6057939016853
2025-07-22 18:00:00,,1365.7481837551766
2025-07-22 19:00:00,,1348.4382885329828
2025-07-22 20:00:00,,1326.941626760627
2025-07-22 21:00:00,,1317.2743776101347
2025-07-22 22:00:00,,1297.0750223095931
2025-07-22 23:00:00,,1280.7162856016942
2025-07-23 00:00:00,,1269.2349487039592
2025-07-23 01:00:00,,1252.1443847844662
2025-07-23 02:00:00,,1244.423363710303
2025-07-23 03:00:00,,1245.6887990779635
2025-07-23 04:00:00,,1267.6354375784058
2025-07-23 05:00:00,,1291.9257633109926
2025-07-23 06:00:00,,1289.8304674114236
2025-07-23 07:00:00,,1287.4791494300976
2025-07-23 08:00:00,,1277.957720816181
2025-07-23 09:00:00,,1265.963037736892
2025-07-23 10:00:00,,1260.3747150725737
2025-07-23 11:00:00,,1249.4880467208573
2025-07-23 12:00:00,,1239.978020259262
2025-07-23 13:00:00,,1239.5756651209142
2025-07-23 14:00:00,,1231.3160851284035
2025-07-23 15:00:00,,1225.0684493459626
2025-07-23 16:00:00,,1218.3716771093991
2025-07-23 17:00:00,,1205.910966697904
2025-07-23 18:00:00,,1198.6021874298397
2025-07-23 19:00:00,,1186.46176890096
2025-07-23 20:00:00,,1178.0055882222898
2025-07-23 21:00:00,,1167.8261434789465
2025-07-23 22:00:00,,1168.7253790798834
2025-07-23 23:00:00,,1191.0404070665782
2025-07-24 00:00:00,,1222.859769212487
2025-07-24 01:00:00,,1230.1835953726238
2025-07-24 02:00:00,,1235.9097969370368
2025-07-24 03:00:00,,1243.851325657655
2025-07-24 04:00:00,,1267.4944669662395
2025-07-24 05:00:00,,1296.5559696117164
2025-07-24 06:00:00,,1336.4737706118863
2025-07-24 07:00:00,,1414.1877192679858
2025-07-24 08:00:00,,1518.1395447084326
2025-07-24 09:00:00,,1664.6410351111422
2025-07-24 10:00:00,,1760.7275590883426
2025-07-24 11:00:00,,1824.048488708312
2025-07-24 12:00:00,,1894.9805239490695
2025-07-24 13:00:00,,1973.1467126973723
2025-07-24 14:00:00,,2056.3995871090888
2025-07-24 15:00:00,,2207.305528619837
2025-07-24 16:00:00,,2474.0377411320333
2025-07-24 17:00:00,,2838.032005133733
2025-07-24 18:00:00,,3252.9295541552287
2025-07-24 19:00:00,,3821.1169414685432
2025-07-24 20:00:00,,4070.4910660177943
2025-07-24 21:00:00,,3938.775485376589
2025-07-24 22:00:00,,3676.8441290164556
2025-07-24 23:00:00,,3377.5766789240683
2025-07-25 00:00:00,,3120.485151482534
2025-07-25 01:00:00,,2924.882258479991
2025-07-25 02:00:00,,2762.3675726614038
2025-07-25 03:00:00,,2587.4015980803647
2025-07-25 04:00:00,,2466.5137952905106
2025-07-25 05:00:00,,2346.099000258843
2025-07-25 06:00:00,,2248.441329087089
2025-07-25 07:00:00,,2145.1584610052005
2025-07-25 08:00:00,,2062.6015973713825
2025-07-25 09:00:00,,1983.3434472128158
2025-07-25 10:00:00,,1932.5348080378856
2025-07-25 11:00:00,,1861.3934508299844
2025-07-25 12:00:00,,1803.5043694128474
2025-07-25 13:00:00,,1763.7391140159314
2025-07-25 14:00:00,,1728.2306596026197
2025-07-25 15:00:00,,1699.5351325349525
2025-07-25 16:00:00,,1675.6631061414373
2025-07-25 17:00:00,,1659.3896925186873
2025-07-25 18:00:00,,1634.9011023225619
2025-07-25 19:00:00,,1603.9474732686126
2025-07-25 20:00:00,,1561.190024287018
2025-07-25 21:00:00,,1534.7100785283606
2025-07-25 22:00:00,,1514.3887165591293
2025-07-25 23:00:00,,1484.6317368575321
2025-07-26 00:00:00,,1460.68476191622
2025-07-26 01:00:00,,1435.7910868962688
2025-07-26 02:00:00,,1412.9944846123797
2025-07-26 03:00:00,,1389.6136032858174
2025-07-26 04:00:00,,1376.0713139688667
2025-07-26 05:00:00,,1361.9697123702265
2025-07-26 06:00:00,,1345.0133737746287
2025-07-26 07:00:00,,1333.537857844191
2025-07-26 08:00:00,,1314.7319970221388
2025-07-26 09:00:00,,1302.6349021671056
2025-07-26 10:00:00,,1293.2051959287005
2025-07-26 11:00:00,,1278.7145934433552
2025-07-26 12:00:00,,1269.290886975591
2025-07-26 13:00:00,,1261.954609078332
2025-07-26 14:00:00,,1251.8374355733274
2025-07-26 15:00:00,,1245.2396378946823
2025-07-26 16:00:00,,1238.4774286258034
2025-07-26 17:00:00,,1233.1119219250595
2025-07-26 18:00:00,,1220.1487176287976
2025-07-26 19:00:00,,1208.9841735867374
2025-07-26 20:00:00,,1199.4357244525563
2025-07-26 21:00:00,,1180.2002702667032
2025-07-26 22:00:00,,1165.155868364356
2025-07-26 23:00:00,,1155.4429295892758
2025-07-27 00:00:00,,1139.9519856121358
2025-07-27 01:00:00,,1124.9872182523916
2025-07-27 02:00:00,,1117.7338397477897
2025-07-27 03:00:00,,1111.8134318613431
2025-07-27 04:00:00,,1097.314894378475
2025-07-27 05:00:00,,1088.9363433444114
2025-07-27 06:00:00,,1075.5819084071197
2025-07-27 07:00:00,,1065.8167664398998
2025-07-27 08:00:00,,1063.394761616956
2025-07-27 09:00:00,,1054.6704732784754
2025-07-27 10:00:00,,1051.176377572594
2025-07-27 11:00:00,,1046.422059332764
2025-07-27 12:00:00,,1032.855721324401
2025-07-27 13:00:00,,1029.7151555812306
2025-07-27 14:00:00,,1022.2420029250892
2025-07-27 15:00:00,,1021.8751859684247
2025-07-27 16:00:00,,1013.5913682476279
2025-07-27 17:00:00,,1011.0319208345907
2025-07-27 18:00:00,,1003.9102350603746
2025-07-27 19:00:00,,999.8470557995598
2025-07-27 20:00:00,,994.2905868792087
2025-07-27 21:00:00,,984.874410789034
2025-07-27 22:00:00,,980.3655894901077
2025-07-27 23:00:00,,965.3161483993351
2025-07-28 00:00:00,,962.7261995205537
2025-07-28 01:00:00,,954.6959730158073
2025-07-28 02:00:00,,949.4733982769235
2025-07-28 03:00:00,,952.9374277911469
2025-07-28 04:00:00,,948.9839976545235
2025-07-28 05:00:00,,947.5613862196262
2025-07-28 06:00:00,,954.3916178050325
2025-07-28 07:00:00,,940.1306781034749
2025-07-28 08:00:00,,934.2705490069283
2025-07-28 09:00:00,,931.6133327155211
2025-07-28 10:00:00,,930.1702332745546
2025-07-28 11:00:00,,922.9722743675483
2025-07-28 12:00:00,,936.0253097238541
2025-07-28 13:00:00,,935.5005939815146
2025-07-28 14:00:00,,940.0259376902078
2025-07-28 15:00:00,,972.2902220370647
2025-07-28 16:00:00,,980.7479984863238
2025-07-28 17:00:00,,998.2943897641122
2025-07-28 18:00:00,,1053.7281443793202
2025-07-28 19:00:00,,1184.6633907845207
2025-07-28 20:00:00,,1282.7841302914114
2025-07-28 21:00:00,,1355.1145349092362
2025-07-28 22:00:00,,1408.506124089574
2025-07-28 23:00:00,,1429.38551075067
2025-07-29 00:00:00,,1454.0930089678939
2025-07-29 01:00:00,,1478.7733767371346
2025-07-29 02:00:00,,1482.6607174000733
2025-07-29 03:00:00,,1486.4208951328458
2025-07-29 04:00:00,,1504.2670652094844
2025-07-29 05:00:00,,1510.1535453395657
2025-07-29 06:00:00,,1498.6245752579403
2025-07-29 07:00:00,,1457.4995334398168
2025-07-29 08:00:00,,1415.5166413345084
2025-07-29 09:00:00,,1367.6609921255497
2025-07-29 10:00:00,,1333.021563220538
2025-07-29 11:00:00,,1300.2978729908368
2025-07-29 12:00:00,,1277.890391470856
2025-07-29 13:00:00,,1256.8827623383465
2025-07-29 14:00:00,,1242.6867079007272
2025-07-29 15:00:00,,1231.356689823675
2025-07-29 16:00:00,,1222.7987020520086
2025-07-29 17:00:00,,1229.3074952822562
2025-07-29 18:00:00,,1224.6336813879582
2025-07-29 19:00:00,,1224.5407765146945
2025-07-29 20:00:00,,1225.9885775898038
2025-07-29 21:00:00,,1237.6101604783394
2025-07-29 22:00:00,,1292.3534267391656
2025-07-29 23:00:00,,1438.0689783166365
2025-07-30 00:00:00,,1930.7285680047075
2025-07-30 01:00:00,,3912.5633299629335
2025-07-30 02:00:00,,5111.05369305504
2025-07-30 03:00:00,,6061.888534180501
2025-07-30 04:00:00,,7560.155847285788
2025-07-30 05:00:00,,9608.559984870108
2025-07-30 06:00:00,,11699.0770501927
2025-07-30 07:00:00,,12316.53558658876
2025-07-30 08:00:00,,11999.507001839702
2025-07-30 09:00:00,,11210.65175802606
2025-07-30 10:00:00,,10541.178996778805
2025-07-30 11:00:00,,11215.823322094511
2025-07-30 12:00:00,,12554.164147578871
2025-07-30 13:00:00,,12551.589620667455
2025-07-30 14:00:00,,12844.62223169269
2025-07-30 15:00:00,,12235.914359309194
2025-07-30 16:00:00,,11255.870992927978
2025-07-30 17:00:00,,10395.511242822122
2025-07-30 18:00:00,,9600.868804203323
2025-07-30 19:00:00,,8892.945466053889
2025-07-30 20:00:00,,8324.503425551897
2025-07-30 21:00:00,,7991.702074197692
2025-07-30 22:00:00,,7818.762026862812
2025-07-30 23:00:00,,7696.394816084783
2025-07-31 00:00:00,,7965.36997630831
2025-07-31 01:00:00,,9727.846619174501
2025-07-31 02:00:00,,11696.130358850945
2025-07-31 03:00:00,,11004.756826357592
2025-07-31 04:00:00,,9644.572807841865
2025-07-31 05:00:00,,8750.796229707417
2025-07-31 06:00:00,,8130.593075346195
2025-07-31 07:00:00,,7715.026153981145
2025-07-31 08:00:00,,7217.738974160592
2025-07-31 09:00:00,,6820.236693003613
2025-07-31 10:00:00,,6541.118584867789
2025-07-31 11:00:00,,6278.119661754406
2025-07-31 12:00:00,,5968.162887812119
2025-07-31 13:00:00,,5829.598432214658
2025-07-31 14:00:00,,5809.712242297934
2025-07-31 15:00:00,,5804.3425857347565
2025-07-31 16:00:00,,5912.738364458691
2025-07-31 17:00:00,,6088.636440466688
2025-07-31 18:00:00,,6356.018131899776
2025-07-31 19:00:00,,6346.317283378597
2025-07-31 20:00:00,,6401.67939599897
2025-07-31 21:00:00,,6491.451107814458
2025-07-31 22:00:00,,6434.778449236579
2025-07-31 23:00:00,,6449.341419611902
2025-08-01 00:00:00,,6607.771730421072
2025-08-01 01:00:00,,6512.692299386271
2025-08-01 02:00:00,,6355.762630380972
2025-08-01 03:00:00,,6205.997126895811
2025-08-01 04:00:00,,6078.3630130061565
2025-08-01 05:00:00,,6021.247333316501
2025-08-01 06:00:00,,6089.105528906131
2025-08-01 07:00:00,,6312.677014585127
2025-08-01 08:00:00,,6651.577120877229
2025-08-01 09:00:00,,7507.529905989712
2025-08-01 10:00:00,,8266.042933855924
2025-08-01 11:00:00,,8247.277342790687
2025-08-01 12:00:00,,8544.068826998408
2025-08-01 13:00:00,,8632.474963659355
2025-08-01 14:00:00,,8169.860241298739
2025-08-01 15:00:00,,8037.240384437836
2025-08-01 16:00:00,,8687.656600941482
2025-08-01 17:00:00,,8674.234674710902
2025-08-01 18:00:00,,8080.31211038712
2025-08-01 19:00:00,,7632.173275877073
2025-08-01 20:00:00,,7222.286549659476
2025-08-01 21:00:00,,6889.776614609979
2025-08-01 22:00:00,,6604.403216017651
2025-08-01 23:00:00,,6378.07530850808
2025-08-02 00:00:00,,6226.4058099978565
2025-08-02 01:00:00,,6216.49952908111
2025-08-02 02:00:00,,6179.113584110377
2025-08-02 03:00:00,,6265.243165207318
2025-08-02 04:00:00,,6244.11280758871
2025-08-02 05:00:00,,6108.909365507315
2025-08-02 06:00:00,,5906.225484445346
2025-08-02 07:00:00,,5723.681131743429
2025-08-02 08:00:00,,5594.515374881592
2025-08-02 09:00:00,,5427.693851101992
2025-08-02 10:00:00,,5287.195235429533
2025-08-02 11:00:00,,5223.738451568315
2025-08-02 12:00:00,,5129.666419065794
2025-08-02 13:00:00,,5026.802343657302
2025-08-02 14:00:00,,4951.134827362482
2025-08-02 15:00:00,,4855.705260162684
2025-08-02 16:00:00,,4631.617617356769
2025-08-02 17:00:00,,4385.706597887896
2025-08-02 18:00:00,,3922.6095133706644
2025-08-02 19:00:00,,3755.09444139387
2025-08-02 20:00:00,,3570.0119981914145
2025-08-02 21:00:00,,3467.6492599799153
2025-08-02 22:00:00,,3327.3385682096573
2025-08-02 23:00:00,,3227.200432280498
2025-08-03 00:00:00,,3118.951281021727
2025-08-03 01:00:00,,3034.934572575043
2025-08-03 02:00:00,,2985.5440570378555
2025-08-03 03:00:00,,2848.8908109922413
2025-08-03 04:00:00,,2692.7065521163363
2025-08-03 05:00:00,,2587.92258124714
2025-08-03 06:00:00,,2548.6109997941235
2025-08-03 07:00:00,,2475.5009531053747
2025-08-03 08:00:00,,2410.164835418087
2025-08-03 09:00:00,,2366.397948201151
2025-08-03 10:00:00,,2324.6057243931778
2025-08-03 11:00:00,,2281.337169512305
2025-08-03 12:00:00,,2242.093308714847
2025-08-03 13:00:00,,2191.387854904919
2025-08-03 14:00:00,,2166.9841439164097
2025-08-03 15:00:00,,2114.2830502241422
2025-08-03 16:00:00,,2052.9932148214148
2025-08-03 17:00:00,,2024.9944549014542
2025-08-03 18:00:00,,1984.533481947241
2025-08-03 19:00:00,,1949.6121580868141
2025-08-03 20:00:00,,1904.0778402396477
2025-08-03 21:00:00,,1875.5924154236795
2025-08-03 22:00:00,,1837.879707235409
2025-08-03 23:00:00,,1801.1748093761648
2025-08-04 00:00:00,,1756.8012884448544
2025-08-04 01:00:00,,1732.0557838607067
2025-08-04 02:00:00,,1696.3787128971214
2025-08-04 03:00:00,,1674.8177502377255
2025-08-04 04:00:00,,1638.85640461457
2025-08-04 05:00:00,,1609.0879540821434
2025-08-04 06:00:00,,1589.3467808214232
2025-08-04 07:00:00,,1558.4763768636008
2025-08-04 08:00:00,,1539.251449629911
2025-08-04 09:00:00,,1518.6388131269564
2025-08-04 10:00:00,,1503.4053685879294
2025-08-04 11:00:00,,1481.5121093288926
2025-08-04 12:00:00,,1466.673414743086
2025-08-04 13:00:00,,1453.61813827998
2025-08-04 14:00:00,,1444.2517362902822
2025-08-04 15:00:00,,1435.5416762302473
2025-08-04 16:00:00,,1430.8744248474957
2025-08-04 17:00:00,,1421.7846476824093
2025-08-04 18:00:00,,1404.5502132126605
2025-08-04 19:00:00,,1385.7753883309895
2025-08-04 20:00:00,,1365.629202431908
2025-08-04 21:00:00,,1347.0225988079053
2025-08-04 22:00:00,,1327.0506182743015
2025-08-04 23:00:00,,1312.9884359300108
2025-08-05 00:00:00,,1300.615230263673
2025-08-05 01:00:00,,1282.4217538986459
2025-08-05 02:00:00,,1270.6846142433856
2025-08-05 03:00:00,,1259.1380801924383
2025-08-05 04:00:00,,1248.6682414626734
2025-08-05 05:00:00,,1235.0230442151199
2025-08-05 06:00:00,,1225.1222412118639
2025-08-05 07:00:00,,1212.021704621322
2025-08-05 08:00:00,,1209.7112730918825
2025-08-05 09:00:00,,1250.9074019584762
2025-08-05 10:00:00,,1244.1403031510322
2025-08-05 11:00:00,,1233.8335300135755
2025-08-05 12:00:00,,1241.628568049943
2025-08-05 13:00:00,,1235.841837109909
2025-08-05 14:00:00,,1236.6599483165885
2025-08-05 15:00:00,,1252.1308608354425
2025-08-05 16:00:00,,1280.4619500023616
2025-08-05 17:00:00,,1310.384961087939
2025-08-05 18:00:00,,1345.854324080778
2025-08-05 19:00:00,,1480.3916440484265
2025-08-05 20:00:00,,1655.9728943826865
2025-08-05 21:00:00,,1899.0392432814194
2025-08-05 22:00:00,,2072.064329298679
2025-08-05 23:00:00,,2135.1401836905457
2025-08-06 00:00:00,,2156.3011487074914
2025-08-06 01:00:00,,2190.643799263879
2025-08-06 02:00:00,,2178.2095988986075
2025-08-06 03:00:00,,2196.8061083276693
2025-08-06 04:00:00,,2306.7450312600436
2025-08-06 05:00:00,,2485.9024745772267
2025-08-06 06:00:00,,2552.690500576312
2025-08-06 07:00:00,,2575.366958739984
2025-08-06 08:00:00,,2724.0645493333564
2025-08-06 09:00:00,,2961.591902717074
2025-08-06 10:00:00,,2917.401856513882
2025-08-06 11:00:00,,2812.75243756867
2025-08-06 12:00:00,,2731.152141552482
2025-08-06 13:00:00,,2617.717581032676
2025-08-06 14:00:00,,2587.8961745895435
2025-08-06 15:00:00,,2544.6810244279463
2025-08-06 16:00:00,,2472.100680467674
2025-08-06 17:00:00,,2399.6032062807512
2025-08-06 18:00:00,,2358.133965978107
2025-08-06 19:00:00,,2300.855972888977
2025-08-06 20:00:00,,2247.822598647603
2025-08-06 21:00:00,,2184.989620107834
2025-08-06 22:00:00,,2128.751285508728
2025-08-06 23:00:00,,2095.6748736619093
2025-08-07 00:00:00,,2043.3383132691206
2025-08-07 01:00:00,,1983.1546828467008
2025-08-07 02:00:00,,1931.409052998401
2025-08-07 03:00:00,,1879.536011896926
2025-08-07 04:00:00,,1833.1925959848472
2025-08-07 05:00:00,,1795.0620094964147
2025-08-07 06:00:00,,1751.5214355307137
2025-08-07 07:00:00,,1719.8980098434067
2025-08-07 08:00:00,,1689.88085061687
2025-08-07 09:00:00,,1659.4988930407662
2025-08-07 10:00:00,,1627.0250834432288
2025-08-07 11:00:00,,1599.9024910050975
2025-08-07 12:00:00,,1570.0435213438943
2025-08-07 13:00:00,,1546.420723725145
2025-08-07 14:00:00,,1525.8534718340015
2025-08-07 15:00:00,,1508.4473306425205
2025-08-07 16:00:00,,1494.0742368632527
2025-08-07 17:00:00,,1473.3138584362027
2025-08-07 18:00:00,,1457.1591513401693
2025-08-07 19:00:00,,1437.5729722215221
2025-08-07 20:00:00,,1428.6244420706998
2025-08-07 21:00:00,,1409.8383814296453
2025-08-07 22:00:00,,1392.8992590450414
2025-08-07 23:00:00,,1374.6214705242508
2025-08-08 00:00:00,,1357.547694200048
2025-08-08 01:00:00,,1345.6242080037487
2025-08-08 02:00:00,,1327.6837674228568
2025-08-08 03:00:00,,1311.6536610679912
2025-08-08 04:00:00,,1304.1809561358432
2025-08-08 05:00:00,,1284.8911316544425
2025-08-08 06:00:00,,1271.4351725311255
2025-08-08 07:00:00,,1256.5160765854323
2025-08-08 08:00:00,,1239.926214732893
2025-08-08 09:00:00,,1232.6431492926133
2025-08-08 10:00:00,,1226.3145234921758
2025-08-08 11:00:00,,1212.8780254596204
2025-08-08 12:00:00,,1206.1402331171105
2025-08-08 13:00:00,,1194.7839146644947
2025-08-08 14:00:00,,1186.4872110123304
2025-08-08 15:00:00,,1178.7636844725105
2025-08-08 16:00:00,,1170.6406211679591
2025-08-08 17:00:00,,1159.0292575401238
2025-08-08 18:00:00,,1153.7669632859959
2025-08-08 19:00:00,,1145.2519208859253
2025-08-08 20:00:00,,1130.2523447663132
2025-08-08 21:00:00,,1124.531585957801
2025-08-08 22:00:00,,1109.7593224450525
2025-08-08 23:00:00,,1096.748582613307
2025-08-09 00:00:00,,1087.1312483748934
2025-08-09 01:00:00,,1078.6930036146327
2025-08-09 02:00:00,,1072.7557490187344
2025-08-09 03:00:00,,1061.5027946904936
2025-08-09 04:00:00,,1048.2488489346106
2025-08-09 05:00:00,,1044.5461329538177
2025-08-09 06:00:00,,1035.6524188103397
2025-08-09 07:00:00,,1028.524170569893
2025-08-09 08:00:00,,1023.7123726158298
2025-08-09 09:00:00,,1013.8305340077924
2025-08-09 10:00:00,,1008.821745533193
2025-08-09 11:00:00,,1001.1206824677312
2025-08-09 12:00:00,,996.4203546003898
2025-08-09 13:00:00,,985.9833825838765
2025-08-09 14:00:00,,983.4180355552426
2025-08-09 15:00:00,,978.8297471152383
2025-08-09 16:00:00,,974.2804458767095
2025-08-09 17:00:00,,970.2198860615873
2025-08-09 18:00:00,,960.3678452016075
2025-08-09 19:00:00,,958.8337664626489
2025-08-09 20:00:00,,951.4528978147916
2025-08-09 21:00:00,,941.9320038838201
2025-08-09 22:00:00,,937.290242651683
2025-08-09 23:00:00,,933.0227213628933
2025-08-10 00:00:00,,927.2462596238236
2025-08-10 01:00:00,,921.8228486516194
2025-08-10 02:00:00,,920.8972618713052
2025-08-10 03:00:00,,914.0805638956581
2025-08-10 04:00:00,,910.0792225011587
2025-08-10 05:00:00,,907.010652522071
2025-08-10 06:00:00,,902.8672440395648
2025-08-10 07:00:00,,895.42944828027
2025-08-10 08:00:00,,901.762698613598
2025-08-10 09:00:00,,917.97398915766
2025-08-10 10:00:00,,921.0544322737856
2025-08-10 11:00:00,,929.3705076257999
2025-08-10 12:00:00,,934.7320237167107
2025-08-10 13:00:00,,952.7735780349471
2025-08-10 14:00:00,,970.6378822401233
2025-08-10 15:00:00,,978.3990440417109
2025-08-10 16:00:00,,996.8079814844785
2025-08-10 17:00:00,,1001.4506981675221
2025-08-10 18:00:00,,1000.341068364563
2025-08-10 19:00:00,,997.0098034866096
2025-08-10 20:00:00,,1000.6743786631747
2025-08-10 21:00:00,,1003.8114858616705
2025-08-10 22:00:00,,1006.1542278079934
2025-08-10 23:00:00,,1016.9365782179565
2025-08-11 00:00:00,,1029.8276079293214
2025-08-11 01:00:00,,1034.4874292751183
2025-08-11 02:00:00,,1047.399566510195
2025-08-11 03:00:00,,1072.755813218187
2025-08-11 04:00:00,,1102.8086331159677
2025-08-11 05:00:00,,1151.928849645061
2025-08-11 06:00:00,,1195.62072959562
2025-08-11 07:00:00,,1193.7742131939042
2025-08-11 08:00:00,,1167.543247184331
2025-08-11 09:00:00,,1146.454961252399
2025-08-11 10:00:00,,1116.4226367493427
2025-08-11 11:00:00,,1096.1587265918722
2025-08-11 12:00:00,,1095.2912420115313
2025-08-11 13:00:00,,1097.8401334631928
2025-08-11 14:00:00,,1140.381271574654
2025-08-11 15:00:00,,1230.4726333483509
2025-08-11 16:00:00,,1305.636636522723
2025-08-11 17:00:00,,1444.9521088869833
2025-08-11 18:00:00,,1798.5325875746953
2025-08-11 19:00:00,,2209.4441240505
2025-08-11 20:00:00,,2822.6508300897676
2025-08-11 21:00:00,,3602.700698201532
2025-08-11 22:00:00,,3671.909956943398
2025-08-11 23:00:00,,4177.544256703144
2025-08-12 00:00:00,,4697.366743265454
2025-08-12 01:00:00,,4560.276420958591
2025-08-12 02:00:00,,4197.760042977746
2025-08-12 03:00:00,,4009.426555198367
2025-08-12 04:00:00,,4138.84492927654
2025-08-12 05:00:00,,3781.007451879969
2025-08-12 06:00:00,,3392.1044920940503
2025-08-12 07:00:00,,3072.7386117826763
2025-08-12 08:00:00,,2843.3384100487365
2025-08-12 09:00:00,,2696.9278990483576
2025-08-12 10:00:00,,2534.5897631261187
2025-08-12 11:00:00,,2408.042951762494
2025-08-12 12:00:00,,2295.972792927826
2025-08-12 13:00:00,,2190.7083411532685
2025-08-12 14:00:00,,2117.0378160633786
2025-08-12 15:00:00,,2059.4271346018936
2025-08-12 16:00:00,,2015.36621032491
2025-08-12 17:00:00,,1968.833890305583
2025-08-12 18:00:00,,1911.6240787203026
2025-08-12 19:00:00,,1851.3940558645313
2025-08-12 20:00:00,,1787.6527633229957
2025-08-12 21:00:00,,1728.383735249348
2025-08-12 22:00:00,,1691.1448148565491
2025-08-12 23:00:00,,1655.5997920867155
2025-08-13 00:00:00,,1608.1964797195747
2025-08-13 01:00:00,,1578.11058849982
2025-08-13 02:00:00,,1546.852765154976
2025-08-13 03:00:00,,1519.9541156825578
2025-08-13 04:00:00,,1490.9938981857408
2025-08-13 05:00:00,,1467.6384618176417
2025-08-13 06:00:00,,1441.8655397900611
2025-08-13 07:00:00,,1415.8617410259399
2025-08-13 08:00:00,,1398.2484450289674
2025-08-13 09:00:00,,1379.34212736338
2025-08-13 10:00:00,,1353.1285940311743
2025-08-13 11:00:00,,1330.6180127891669
2025-08-13 12:00:00,,1329.643057032185
